scenario,seed,turn,alive_countries,total_population,claimed_cells,unclaimed_cells,attacks,casualties,active_pacts
all_strategies,0,1,5,522,10,246,0,0,0
all_strategies,0,2,5,547,15,241,0,0,0
all_strategies,0,3,5,574,20,236,0,0,0
all_strategies,0,4,5,601,25,231,0,0,0
all_strategies,0,5,5,631,30,226,0,0,0
all_strategies,0,6,5,662,35,221,0,0,0
all_strategies,0,7,5,694,40,216,0,0,0
all_strategies,0,8,5,728,45,211,0,0,0
all_strategies,0,9,5,764,50,206,0,0,0
all_strategies,0,10,5,802,55,201,0,0,0
all_strategies,0,11,5,841,60,196,0,0,0
all_strategies,0,12,5,883,65,191,0,0,0
all_strategies,0,13,5,926,70,186,0,0,0
all_strategies,0,14,5,972,75,181,0,0,0
all_strategies,0,15,5,1020,80,176,0,0,0
all_strategies,0,16,5,1070,85,171,0,0,0
all_strategies,0,17,5,1123,90,166,0,0,0
all_strategies,0,18,5,1179,95,161,0,0,0
all_strategies,0,19,5,1237,100,156,0,0,0
all_strategies,0,20,5,1298,104,152,0,0,0
all_strategies,0,21,5,1362,106,150,0,0,2
all_strategies,0,22,5,1429,111,145,0,0,2
all_strategies,0,23,5,1500,116,140,0,0,2
all_strategies,0,24,5,1574,121,135,0,0,2
all_strategies,0,25,5,1643,125,131,1,9,2
all_strategies,0,26,5,1724,130,126,0,0,1
all_strategies,0,27,5,1809,135,121,0,0,1
all_strategies,0,28,5,1899,140,116,0,0,1
all_strategies,0,29,5,1992,145,111,0,0,1
all_strategies,0,30,5,2091,150,106,0,0,1
all_strategies,0,31,5,2184,154,102,1,10,1
all_strategies,0,32,5,2281,158,98,1,10,1
all_strategies,0,33,5,2385,162,94,1,9,1
all_strategies,0,34,5,2492,166,90,1,10,1
all_strategies,0,35,5,2606,170,86,1,9,1
all_strategies,0,36,5,2723,174,82,1,11,1
all_strategies,0,37,5,2848,178,78,1,9,1
all_strategies,0,38,5,2979,182,74,1,10,1
all_strategies,0,39,5,3114,186,70,1,11,1
all_strategies,0,40,5,3256,190,66,1,11,1
all_strategies,0,41,5,3405,193,63,1,10,1
all_strategies,0,42,5,3552,196,60,2,21,1
all_strategies,0,43,5,3716,200,56,1,10,1
all_strategies,0,44,5,3874,202,54,2,24,2
all_strategies,0,45,5,4042,205,51,2,22,2
all_strategies,0,46,5,4218,208,48,2,23,2
all_strategies,0,47,5,4413,211,45,1,11,3
all_strategies,0,48,5,4618,215,41,1,11,3
all_strategies,0,49,5,4821,218,38,2,24,3
all_strategies,0,50,5,5027,220,36,2,30,4
all_strategies,0,51,5,5261,224,32,1,12,4
all_strategies,0,52,5,5490,227,29,2,28,4
all_strategies,0,53,5,5758,232,24,0,0,4
all_strategies,0,54,5,6012,235,21,2,28,4
all_strategies,0,55,5,6275,238,18,2,31,4
all_strategies,0,56,5,6563,240,16,1,18,5
all_strategies,0,57,5,6847,242,14,2,35,5
all_strategies,0,58,5,7145,243,13,2,36,5
all_strategies,0,59,5,7456,244,12,2,37,5
all_strategies,0,60,4,7781,245,11,2,37,2
all_strategies,0,61,4,8120,246,10,2,38,1
all_strategies,0,62,4,8477,247,9,2,36,1
all_strategies,0,63,4,8847,248,8,2,40,1
all_strategies,0,64,4,9236,249,7,2,38,1
all_strategies,0,65,4,9639,249,7,2,43,1
all_strategies,0,66,4,10082,250,6,1,21,1
all_strategies,0,67,4,10545,251,5,1,22,1
all_strategies,0,68,4,11002,251,5,2,49,1
all_strategies,0,69,4,11482,251,5,2,47,1
all_strategies,0,70,4,11978,251,5,2,53,1
all_strategies,0,71,4,12486,251,5,2,64,1
all_strategies,0,72,4,13018,251,5,2,63,1
all_strategies,0,73,4,13571,251,5,2,66,1
all_strategies,0,74,4,14151,251,5,2,64,1
all_strategies,0,75,4,14751,251,5,2,70,1
all_strategies,0,76,4,15383,251,5,2,64,1
all_strategies,0,77,4,16035,251,5,2,72,1
all_strategies,0,78,4,16753,252,4,1,35,1
all_strategies,0,79,4,17453,252,4,2,84,1
all_strategies,0,80,4,18180,252,4,2,88,1
all_strategies,0,81,4,18933,252,4,2,93,1
all_strategies,0,82,4,19722,252,4,2,90,1
all_strategies,0,83,4,20541,252,4,2,94,2
all_strategies,0,84,4,21382,252,4,2,106,2
all_strategies,0,85,4,22247,252,4,2,118,2
all_strategies,0,86,4,23160,252,4,2,106,2
all_strategies,0,87,4,24105,252,4,2,111,3
all_strategies,0,88,4,25101,252,4,2,106,3
all_strategies,0,89,4,26043,252,4,3,201,3
all_strategies,0,90,4,27025,252,4,3,198,2
all_strategies,0,91,4,28048,252,4,3,190,2
all_strategies,0,92,4,29090,252,4,3,212,2
all_strategies,0,93,4,30164,252,4,3,220,2
all_strategies,0,94,4,31281,252,4,3,219,2
all_strategies,0,95,4,32423,252,4,3,237,2
all_strategies,0,96,4,33701,253,3,2,143,2
all_strategies,0,97,4,34906,253,3,3,266,2
all_strategies,0,98,4,36175,253,3,3,246,2
all_strategies,0,99,4,37496,253,3,3,240,2
all_strategies,0,100,4,38811,253,3,3,295,2
all_strategies,0,101,4,40194,253,3,3,272,2
all_strategies,0,102,4,41695,254,2,2,205,2
all_strategies,0,103,4,43141,254,2,3,312,2
all_strategies,0,104,4,44711,254,2,2,237,2
all_strategies,0,105,4,46235,254,2,3,336,2
all_strategies,0,106,4,47820,254,2,3,325,2
all_strategies,0,107,4,49423,254,2,3,357,2
all_strategies,0,108,4,51086,254,2,3,348,2
all_strategies,0,109,4,52752,254,2,3,396,2
all_strategies,0,110,4,54449,254,2,3,416,2
all_strategies,0,111,4,56206,254,2,3,407,2
all_strategies,0,112,4,57998,254,2,3,422,2
all_strategies,0,113,4,59830,254,2,3,435,2
all_strategies,0,114,4,61697,254,2,3,451,2
all_strategies,0,115,4,63774,255,1,2,291,2
all_strategies,0,116,4,65724,255,1,3,476,2
all_strategies,0,117,4,67707,255,1,3,493,2
all_strategies,0,118,4,69727,255,1,3,505,2
all_strategies,0,119,4,71756,255,1,3,546,2
all_strategies,0,120,4,73898,255,1,3,481,2
all_strategies,0,121,4,76056,255,1,3,512,2
all_strategies,0,122,4,78372,255,1,2,403,3
all_strategies,0,123,4,80658,255,1,3,556,3
all_strategies,0,124,4,82927,255,1,3,624,3
all_strategies,0,125,4,85453,256,0,2,416,3
all_strategies,0,126,4,87847,256,0,3,604,3
all_strategies,0,127,4,90229,256,0,3,663,3
all_strategies,0,128,4,92614,256,0,3,706,3
all_strategies,0,129,4,95047,256,0,3,701,3
all_strategies,0,130,4,97608,256,0,3,616,3
all_strategies,0,131,4,100110,256,0,3,715,3
all_strategies,0,132,4,102676,256,0,3,692,3
all_strategies,0,133,4,105224,256,0,3,747,3
all_strategies,0,134,4,107848,256,0,3,707,3
all_strategies,0,135,4,110373,256,0,3,839,3
all_strategies,0,136,4,112986,256,0,3,778,3
all_strategies,0,137,4,115606,256,0,3,801,3
all_strategies,0,138,4,118225,256,0,3,826,3
all_strategies,0,139,4,120787,256,0,3,909,3
all_strategies,0,140,4,123395,256,0,3,884,3
all_strategies,0,141,4,125964,256,0,3,943,3
all_strategies,0,142,4,128625,256,0,3,868,3
all_strategies,0,143,4,131149,256,0,3,1021,3
all_strategies,0,144,4,133839,256,0,3,867,3
all_strategies,0,145,4,136478,256,0,3,927,3
all_strategies,0,146,3,139150,256,0,3,904,1
all_strategies,0,147,3,141625,256,0,3,913,1
all_strategies,0,148,3,144132,256,0,3,878,1
all_strategies,0,149,3,146578,256,0,3,937,1
all_strategies,0,150,3,148918,256,0,3,1038,1
all_strategies,0,151,3,151289,256,0,3,1001,1
all_strategies,0,152,3,153636,256,0,3,1018,1
all_strategies,0,153,3,156046,256,0,3,941,1
all_strategies,0,154,3,158346,256,0,3,1039,1
all_strategies,0,155,3,160703,256,0,3,967,1
all_strategies,0,156,3,163077,256,0,3,935,1
all_strategies,0,157,3,165324,256,0,3,1037,1
all_strategies,0,158,3,167586,256,0,3,1005,1
all_strategies,0,159,3,169608,256,0,3,1223,1
all_strategies,0,160,3,171756,256,0,3,1078,1
all_strategies,0,161,3,173925,256,0,3,1035,1
all_strategies,0,162,3,175979,256,0,3,1126,1
all_strategies,0,163,3,177925,256,0,3,1210,1
all_strategies,0,164,3,179832,256,0,3,1221,1
all_strategies,0,165,3,181909,256,0,3,1024,1
all_strategies,0,166,3,183945,256,0,3,1028,1
all_strategies,0,167,3,185835,256,0,3,1136,1
all_strategies,0,168,3,187613,256,0,3,1222,1
all_strategies,0,169,3,189427,256,0,3,1162,1
all_strategies,0,170,3,191280,256,0,3,1094,1
all_strategies,0,171,3,193032,256,0,3,1162,1
all_strategies,0,172,3,194693,256,0,3,1226,1
all_strategies,0,173,3,196326,256,0,3,1228,1
all_strategies,0,174,3,197986,256,0,3,1175,1
all_strategies,0,175,3,199630,256,0,3,1161,1
all_strategies,0,176,3,201240,256,0,3,1166,1
all_strategies,0,177,3,202935,256,0,3,1051,1
all_strategies,0,178,3,204529,256,0,3,1107,1
all_strategies,0,179,3,206058,256,0,3,1135,1
all_strategies,0,180,3,207617,256,0,3,1077,1
all_strategies,0,181,3,209167,256,0,3,1050,1
all_strategies,0,182,3,210727,256,0,3,1002,1
all_strategies,0,183,3,212083,256,0,3,1155,1
all_strategies,0,184,3,213832,256,0,2,731,1
all_strategies,0,185,3,215547,256,0,2,708,1
all_strategies,0,186,3,217085,256,0,2,827,1
all_strategies,0,187,3,218664,256,0,2,738,1
all_strategies,0,188,3,220209,256,0,2,726,1
all_strategies,0,189,3,221624,256,0,2,811,1
all_strategies,0,190,3,222843,256,0,3,961,1
all_strategies,0,191,3,224036,256,0,3,972,1
all_strategies,0,192,3,225296,256,0,3,885,1
all_strategies,0,193,3,226558,256,0,3,869,1
all_strategies,0,194,2,228133,255,1,3,569,1
all_strategies,0,195,2,229555,255,1,1,664,1
all_strategies,0,196,2,230525,255,1,2,1070,1
all_strategies,0,197,2,231378,255,1,2,1157,0
all_strategies,0,198,2,231332,255,1,2,1073,0
all_strategies,0,199,2,231289,255,1,2,1075,0
all_strategies,0,200,2,231249,255,1,2,1075,0
all_strategies,0,201,2,231129,255,1,2,1158,0
all_strategies,0,202,2,230924,255,1,2,1251,0
all_strategies,0,203,2,230823,255,1,2,1157,0
all_strategies,0,204,2,230815,255,1,2,1073,0
all_strategies,0,205,2,230629,255,1,2,1251,0
all_strategies,0,206,2,230631,255,1,2,1073,0
all_strategies,0,207,2,230632,255,1,2,1074,0
all_strategies,0,208,2,231202,256,0,1,505,0
all_strategies,0,209,2,231136,256,0,2,1156,0
all_strategies,0,210,2,231161,256,0,2,1071,0
all_strategies,0,211,2,231185,256,0,2,1072,0
all_strategies,0,212,2,231031,256,0,2,1249,0
all_strategies,0,213,2,231061,256,0,2,1073,0
all_strategies,0,214,2,231090,256,0,2,1073,0
all_strategies,0,215,2,230940,256,0,2,1251,0
all_strategies,0,216,2,230976,256,0,2,1072,0
all_strategies,0,217,2,230926,256,0,2,1157,0
all_strategies,0,218,2,230880,256,0,2,1157,0
all_strategies,0,219,2,230922,256,0,2,1073,0
all_strategies,0,220,2,230784,256,0,2,1251,0
all_strategies,0,221,2,230830,256,0,2,1073,0
all_strategies,0,222,2,230875,256,0,2,1073,0
all_strategies,0,223,2,230918,256,0,2,1072,0
all_strategies,0,224,2,230874,256,0,2,1158,0
all_strategies,0,225,2,230918,256,0,2,1074,0
all_strategies,0,226,2,230960,256,0,2,1074,0
all_strategies,0,227,2,230824,256,0,2,1250,0
all_strategies,0,228,2,230778,256,0,2,1167,0
all_strategies,0,229,2,230825,256,0,2,1073,0
all_strategies,0,230,2,230786,256,0,2,1158,0
all_strategies,0,231,2,230749,256,0,2,1158,0
all_strategies,0,232,2,230802,256,0,2,1073,0
all_strategies,0,233,2,230674,256,0,2,1250,0
all_strategies,0,234,2,230644,256,0,2,1158,0
all_strategies,0,235,2,230616,256,0,2,1159,0
all_strategies,0,236,2,230675,256,0,2,1074,0
all_strategies,0,237,2,230646,256,0,2,1159,0
all_strategies,0,238,2,230620,256,0,2,1159,0
all_strategies,0,239,2,230588,256,0,2,1167,0
all_strategies,0,240,2,230473,256,0,2,1249,0
all_strategies,0,241,2,230363,256,0,2,1249,0
all_strategies,0,242,2,230348,256,0,2,1157,0
all_strategies,0,243,2,230331,256,0,2,1162,0
all_strategies,0,244,2,230225,256,0,2,1249,0
all_strategies,0,245,2,230303,256,0,2,1070,0
all_strategies,0,246,2,230283,256,0,2,1164,0
all_strategies,0,247,2,230271,256,0,2,1155,0
all_strategies,0,248,2,230261,256,0,2,1156,0
all_strategies,0,249,2,230251,256,0,2,1156,0
all_strategies,0,250,2,230236,256,0,2,1164,0
all_strategies,0,251,2,230227,256,0,2,1156,0
all_strategies,0,252,2,230215,256,0,2,1161,0
all_strategies,0,253,2,230199,256,0,2,1163,0
all_strategies,0,254,2,230191,256,0,2,1155,0
all_strategies,0,255,2,230268,256,0,2,1071,0
all_strategies,0,256,2,230258,256,0,2,1155,0
all_strategies,0,257,2,230335,256,0,2,1070,0
all_strategies,0,258,2,230230,256,0,2,1248,0
all_strategies,0,259,2,230308,256,0,2,1069,0
all_strategies,0,260,2,230296,256,0,2,1155,0
all_strategies,0,261,2,230285,256,0,2,1156,0
all_strategies,0,262,2,230271,256,0,2,1160,0
all_strategies,0,263,2,230261,256,0,2,1156,0
all_strategies,0,264,2,230252,256,0,2,1156,0
all_strategies,0,265,2,230244,256,0,2,1156,0
all_strategies,0,266,2,230233,256,0,2,1160,0
all_strategies,0,267,2,230311,256,0,2,1070,0
all_strategies,0,268,2,230300,256,0,2,1156,0
all_strategies,0,269,2,230291,256,0,2,1155,0
all_strategies,0,270,2,230193,256,0,2,1246,0
all_strategies,0,271,2,230188,256,0,2,1156,0
all_strategies,0,272,2,230271,256,0,2,1069,0
all_strategies,0,273,2,230348,256,0,2,1070,0
all_strategies,0,274,2,230337,256,0,2,1156,0
all_strategies,0,275,2,230326,256,0,2,1156,0
all_strategies,0,276,2,230318,256,0,2,1155,0
all_strategies,0,277,2,230394,256,0,2,1071,0
all_strategies,0,278,2,230469,256,0,2,1069,0
all_strategies,0,279,2,230447,256,0,2,1163,0
all_strategies,0,280,2,230517,256,0,2,1069,0
all_strategies,0,281,2,230406,256,0,2,1246,0
all_strategies,0,282,2,230394,256,0,2,1152,0
all_strategies,0,283,2,230466,256,0,2,1069,0
all_strategies,0,284,2,230451,256,0,2,1152,0
all_strategies,0,285,2,230438,256,0,2,1153,0
all_strategies,0,286,2,230509,256,0,2,1069,0
all_strategies,0,287,2,230579,256,0,2,1067,0
all_strategies,0,288,2,230559,256,0,2,1154,0
all_strategies,0,289,2,230533,256,0,2,1161,0
all_strategies,0,290,2,230426,256,0,2,1241,0
all_strategies,0,291,2,230497,256,0,2,1067,0
all_strategies,0,292,2,230565,256,0,2,1066,0
all_strategies,0,293,2,230545,256,0,2,1151,0
all_strategies,0,294,2,230437,256,0,2,1240,0
all_strategies,0,295,2,230425,256,0,2,1149,0
all_strategies,0,296,2,230414,256,0,2,1149,0
all_strategies,0,297,2,230402,256,0,2,1151,0
all_strategies,0,298,2,230303,256,0,2,1239,0
all_strategies,0,299,2,230297,256,0,2,1150,0
all_strategies,0,300,2,230379,256,0,2,1063,0
crowded,0,1,5,522,10,54,0,0,0
crowded,0,2,5,525,14,50,1,22,0
crowded,0,3,5,551,18,46,0,0,1
crowded,0,4,5,555,22,42,1,22,1
crowded,0,5,5,582,26,38,0,0,2
crowded,0,6,5,597,30,34,1,14,2
crowded,0,7,5,603,33,31,2,23,2
crowded,0,8,5,622,36,28,1,11,3
crowded,0,9,5,634,39,25,2,18,3
crowded,0,10,5,659,43,21,1,7,3
crowded,0,11,5,684,47,17,1,7,3
crowded,0,12,5,703,50,14,2,15,3
crowded,0,13,5,732,53,11,1,6,4
crowded,0,14,5,754,55,9,2,14,4
crowded,0,15,5,776,56,8,2,16,4
crowded,0,16,5,807,57,7,1,7,4
crowded,0,17,5,835,58,6,2,12,4
crowded,0,18,5,863,58,6,2,12,4
crowded,0,19,5,902,59,5,1,4,4
crowded,0,20,5,935,60,4,2,12,4
crowded,0,21,5,968,61,3,2,13,4
crowded,0,22,5,1003,62,2,2,13,4
crowded,0,23,5,1040,63,1,2,12,5
crowded,0,24,4,1082,61,3,2,11,5
crowded,0,25,4,1124,62,2,1,11,5
crowded,0,26,4,1167,63,1,1,12,4
crowded,0,27,4,1214,64,0,1,11,4
crowded,0,28,4,1264,64,0,1,10,4
crowded,0,29,4,1315,64,0,1,12,4
crowded,0,30,4,1367,64,0,1,12,4
crowded,0,31,4,1421,64,0,1,13,4
crowded,0,32,4,1480,64,0,1,11,4
crowded,0,33,4,1540,64,0,1,12,5
crowded,0,34,4,1604,64,0,1,12,6
crowded,0,35,4,1668,64,0,1,14,6
crowded,0,36,4,1736,64,0,1,13,6
crowded,0,37,4,1806,64,0,1,15,7
crowded,0,38,4,1878,64,0,1,16,7
crowded,0,39,4,1955,64,0,1,15,8
crowded,0,40,4,2035,64,0,1,15,8
crowded,0,41,4,2119,64,0,1,15,8
crowded,0,42,4,2206,64,0,1,15,8
crowded,0,43,3,2298,64,0,1,15,3
crowded,0,44,3,2391,64,0,1,18,3
crowded,0,45,3,2487,64,0,1,19,3
crowded,0,46,3,2590,64,0,1,17,3
crowded,0,47,3,2697,64,0,1,17,3
crowded,0,48,3,2807,64,0,1,20,3
crowded,0,49,3,2921,64,0,1,21,3
crowded,0,50,3,3038,64,0,1,22,3
crowded,0,51,2,3161,64,0,1,23,1
crowded,0,52,2,3310,64,0,0,0,1
crowded,0,53,2,3467,64,0,0,0,1
crowded,0,54,2,3631,64,0,0,0,1
crowded,0,55,2,3802,64,0,0,0,1
crowded,0,56,2,3980,64,0,0,0,1
crowded,0,57,2,4166,64,0,0,0,1
crowded,0,58,2,4361,64,0,0,0,1
crowded,0,59,2,4564,64,0,0,0,1
crowded,0,60,2,4775,64,0,0,0,1
crowded,0,61,2,4995,64,0,0,0,1
crowded,0,62,2,5225,64,0,0,0,1
crowded,0,63,2,5465,64,0,0,0,1
crowded,0,64,2,5714,64,0,0,0,1
crowded,0,65,2,5973,64,0,0,0,1
crowded,0,66,2,6244,64,0,0,0,1
crowded,0,67,2,6525,64,0,0,0,1
crowded,0,68,2,6817,64,0,0,0,1
crowded,0,69,2,7120,64,0,0,0,1
crowded,0,70,2,7436,64,0,0,0,1
crowded,0,71,2,7764,64,0,0,0,1
crowded,0,72,2,8104,64,0,0,0,1
crowded,0,73,2,8457,64,0,0,0,1
crowded,0,74,2,8823,64,0,0,0,1
crowded,0,75,2,9202,64,0,0,0,1
crowded,0,76,2,9595,64,0,0,0,1
crowded,0,77,2,10002,64,0,0,0,1
crowded,0,78,2,10423,64,0,0,0,1
crowded,0,79,2,10858,64,0,0,0,1
crowded,0,80,2,11308,64,0,0,0,1
crowded,0,81,2,11773,64,0,0,0,1
crowded,0,82,2,12252,64,0,0,0,1
crowded,0,83,2,12747,64,0,0,0,1
crowded,0,84,2,13256,64,0,0,0,1
crowded,0,85,2,13781,64,0,0,0,1
crowded,0,86,2,14322,64,0,0,0,1
crowded,0,87,2,14877,64,0,0,0,1
crowded,0,88,2,15449,64,0,0,0,1
crowded,0,89,2,16035,64,0,0,0,1
crowded,0,90,2,16637,64,0,0,0,1
crowded,0,91,2,17253,64,0,0,0,1
crowded,0,92,2,17885,64,0,0,0,1
crowded,0,93,2,18532,64,0,0,0,1
crowded,0,94,2,19193,64,0,0,0,1
crowded,0,95,2,19868,64,0,0,0,1
crowded,0,96,2,20558,64,0,0,0,1
crowded,0,97,2,21261,64,0,0,0,1
crowded,0,98,2,21977,64,0,0,0,1
crowded,0,99,2,22706,64,0,0,0,1
crowded,0,100,2,23447,64,0,0,0,1
crowded,0,101,2,24200,64,0,0,0,1
crowded,0,102,2,24964,64,0,0,0,1
crowded,0,103,2,25739,64,0,0,0,1
crowded,0,104,2,26524,64,0,0,0,1
crowded,0,105,2,27317,64,0,0,0,1
crowded,0,106,2,28120,64,0,0,0,1
crowded,0,107,2,28930,64,0,0,0,1
crowded,0,108,2,29747,64,0,0,0,1
crowded,0,109,2,30570,64,0,0,0,1
crowded,0,110,2,31398,64,0,0,0,1
crowded,0,111,2,32231,64,0,0,0,1
crowded,0,112,2,33067,64,0,0,0,1
crowded,0,113,2,33906,64,0,0,0,1
crowded,0,114,2,34747,64,0,0,0,1
crowded,0,115,2,35589,64,0,0,0,1
crowded,0,116,2,36430,64,0,0,0,1
crowded,0,117,2,37271,64,0,0,0,1
crowded,0,118,2,38110,64,0,0,0,1
crowded,0,119,2,38946,64,0,0,0,1
crowded,0,120,2,38997,64,0,2,781,1
crowded,0,121,2,39057,64,0,2,776,1
crowded,0,122,2,39120,64,0,2,776,0
crowded,0,123,2,39079,64,0,2,771,0
crowded,0,124,2,39044,64,0,2,769,0
crowded,0,125,2,39015,64,0,2,766,0
crowded,0,126,2,38923,64,0,2,831,0
crowded,0,127,2,38949,64,0,2,716,0
crowded,0,128,2,38909,64,0,2,779,0
crowded,0,129,2,38884,64,0,2,762,0
crowded,0,130,2,38864,64,0,2,760,0
crowded,0,131,2,38831,64,0,2,774,0
crowded,0,132,2,38862,64,0,2,708,0
crowded,0,133,2,38887,64,0,2,712,0
crowded,0,134,2,38866,64,0,2,756,0
crowded,0,135,2,38783,64,0,2,821,0
crowded,0,136,2,38769,64,0,2,753,0
crowded,0,137,2,38694,64,0,2,816,0
crowded,0,138,2,38688,64,0,2,748,0
crowded,0,139,2,38736,64,0,2,696,0
crowded,0,140,2,38734,64,0,2,744,0
crowded,0,141,2,38734,64,0,2,743,0
crowded,0,142,2,38672,64,0,2,806,0
crowded,0,143,2,38728,64,0,2,687,0
crowded,0,144,2,38736,64,0,2,733,0
crowded,0,145,2,38749,64,0,2,729,0
crowded,0,146,2,38696,64,0,2,795,0
crowded,0,147,2,38711,64,0,2,727,0
crowded,0,148,2,38774,64,0,2,680,0
crowded,0,149,2,38794,64,0,2,718,0
crowded,0,150,2,38860,64,0,2,672,0
crowded,0,151,2,38891,64,0,2,702,0
crowded,0,152,2,38922,64,0,2,703,0
crowded,0,153,2,38898,64,0,2,758,0
crowded,0,154,2,38909,64,0,2,722,0
crowded,0,155,2,38981,64,0,2,654,0
crowded,0,156,2,39016,64,0,2,684,0
crowded,0,157,2,39059,64,0,2,677,0
crowded,0,158,2,39110,64,0,2,668,0
crowded,0,159,2,39170,64,0,2,658,0
crowded,0,160,2,39253,64,0,2,634,0
crowded,0,161,2,39350,64,0,2,620,0
crowded,0,162,2,39491,64,0,2,574,0
crowded,0,163,2,39593,64,0,2,603,0
crowded,0,164,2,39713,64,0,2,582,0
crowded,0,165,2,39874,64,0,2,539,0
crowded,0,166,2,40030,64,0,2,529,0
crowded,0,167,2,40250,64,0,2,462,0
crowded,0,168,2,40516,64,0,2,416,0
crowded,0,169,1,41018,62,2,2,405,0
spacious,0,1,5,522,10,666,0,0,0
spacious,0,2,5,547,15,661,0,0,0
spacious,0,3,5,574,20,656,0,0,0
spacious,0,4,5,601,25,651,0,0,0
spacious,0,5,5,631,30,646,0,0,0
spacious,0,6,5,662,35,641,0,0,0
spacious,0,7,5,694,40,636,0,0,0
spacious,0,8,5,728,45,631,0,0,0
spacious,0,9,5,764,50,626,0,0,0
spacious,0,10,5,802,55,621,0,0,0
spacious,0,11,5,841,60,616,0,0,0
spacious,0,12,5,883,65,611,0,0,0
spacious,0,13,5,926,70,606,0,0,0
spacious,0,14,5,972,75,601,0,0,0
spacious,0,15,5,1020,80,596,0,0,0
spacious,0,16,5,1070,85,591,0,0,0
spacious,0,17,5,1123,90,586,0,0,0
spacious,0,18,5,1179,95,581,0,0,0
spacious,0,19,5,1237,100,576,0,0,0
spacious,0,20,5,1298,105,571,0,0,0
spacious,0,21,5,1362,110,566,0,0,0
spacious,0,22,5,1429,115,561,0,0,0
spacious,0,23,5,1492,119,557,1,7,0
spacious,0,24,5,1558,123,553,1,8,0
spacious,0,25,5,1627,127,549,1,8,0
spacious,0,26,5,1700,131,545,1,8,0
spacious,0,27,5,1776,135,541,1,8,0
spacious,0,28,5,1855,139,537,1,9,0
spacious,0,29,5,1937,143,533,1,9,0
spacious,0,30,5,2023,146,530,1,9,1
spacious,0,31,5,2113,150,526,1,10,1
spacious,0,32,5,2208,154,522,1,9,1
spacious,0,33,5,2309,158,518,1,8,1
spacious,0,34,5,2415,162,514,1,8,1
spacious,0,35,5,2526,166,510,1,8,1
spacious,0,36,5,2629,169,507,2,21,1
spacious,0,37,5,2750,173,503,1,9,1
spacious,0,38,5,2877,177,499,1,9,1
spacious,0,39,5,3018,182,494,0,0,1
spacious,0,40,5,3156,186,490,1,10,1
spacious,0,41,5,3301,190,486,1,11,1
spacious,0,42,5,3452,194,482,1,11,1
spacious,0,43,5,3611,198,478,1,11,1
spacious,0,44,5,3777,202,474,1,11,1
spacious,0,45,5,3953,206,470,1,10,1
spacious,0,46,5,4137,210,466,1,10,1
spacious,0,47,5,4329,214,462,1,10,1
spacious,0,48,5,4532,218,458,1,10,1
spacious,0,49,5,4743,221,455,1,11,2
spacious,0,50,5,4963,225,451,1,12,2
spacious,0,51,5,5193,229,447,1,12,2
spacious,0,52,5,5435,233,443,1,13,2
spacious,0,53,5,5689,237,439,1,11,2
spacious,0,54,5,5939,240,436,2,28,2
spacious,0,55,5,6185,242,434,3,43,2
spacious,0,56,5,6458,245,431,2,28,1
spacious,0,57,5,6746,248,428,2,27,1
spacious,0,58,5,7044,251,425,2,30,1
spacious,0,59,5,7359,253,423,2,28,2
spacious,0,60,5,7686,256,420,2,30,2
spacious,0,61,5,8027,259,417,2,32,2
spacious,0,62,5,8387,262,414,2,29,2
spacious,0,63,5,8780,266,410,1,14,2
spacious,0,64,5,9172,268,408,2,32,2
spacious,0,65,5,9565,269,407,3,50,3
spacious,0,66,5,9997,272,404,2,31,3
spacious,0,67,5,10448,274,402,2,31,3
spacious,0,68,5,10891,275,401,3,60,4
spacious,0,69,5,11350,277,399,3,65,4
spacious,0,70,4,11854,279,397,2,42,1
spacious,0,71,4,12374,281,395,2,48,1
spacious,0,72,4,12950,284,392,1,16,1
spacious,0,73,4,13520,286,390,2,49,1
spacious,0,74,4,14146,289,387,1,20,1
spacious,0,75,4,14799,292,384,1,20,1
spacious,0,76,4,15444,294,382,2,59,1
spacious,0,77,4,16124,296,380,2,53,1
spacious,0,78,4,16830,298,378,2,57,1
spacious,0,79,4,17604,301,375,1,22,1
spacious,0,80,4,18412,304,372,1,22,1
spacious,0,81,4,19216,306,370,2,62,1
spacious,0,82,4,20047,308,368,2,72,1
spacious,0,83,4,20923,310,366,2,63,1
spacious,0,84,4,21816,312,364,2,84,1
spacious,0,85,4,22808,315,361,1,25,1
spacious,0,86,4,23847,318,358,1,22,1
spacious,0,87,4,24930,321,355,1,22,1
spacious,0,88,4,26008,323,353,2,75,1
spacious,0,89,4,27181,326,350,1,26,1
spacious,0,90,4,28350,328,348,2,79,1
spacious,0,91,4,29555,330,346,2,93,1
spacious,0,92,4,30808,332,344,2,95,1
spacious,0,93,4,32119,334,342,2,90,1
spacious,0,94,4,33552,337,339,1,23,1
spacious,0,95,4,34971,339,337,2,95,1
spacious,0,96,4,36515,342,334,1,28,1
spacious,0,97,4,38050,343,333,2,101,1
spacious,0,98,4,39641,344,332,2,105,1
spacious,0,99,4,41373,346,330,1,28,1
spacious,0,100,4,43171,348,328,1,29,1
spacious,0,101,4,45040,351,325,1,28,1
spacious,0,102,4,46916,353,323,1,93,1
spacious,0,103,4,48928,355,321,1,28,1
spacious,0,104,4,51019,358,318,1,25,1
spacious,0,105,4,53184,361,315,1,29,1
spacious,0,106,4,55433,363,313,1,25,1
spacious,0,107,4,57758,365,311,1,30,1
spacious,0,108,4,60052,366,310,2,143,1
spacious,0,109,4,62539,369,307,1,29,1
spacious,0,110,4,65114,370,306,1,29,1
spacious,0,111,4,67774,372,304,1,30,2
spacious,0,112,4,70562,375,301,1,31,2
spacious,0,113,4,73447,377,299,1,30,2
spacious,0,114,4,76427,379,297,1,31,2
spacious,0,115,4,79359,380,296,2,178,2
spacious,0,116,4,82395,381,295,2,166,2
spacious,0,117,4,85659,383,293,1,30,2
spacious,0,118,4,88861,384,292,2,194,2
spacious,0,119,4,92172,385,291,2,179,2
spacious,0,120,4,95730,387,289,1,26,2
spacious,0,121,4,99202,388,288,2,213,2
spacious,0,122,4,102793,389,287,2,190,2
spacious,0,123,4,106498,391,285,1,172,2
spacious,0,124,4,110244,392,284,2,227,2
spacious,0,125,4,114081,393,283,2,231,2
spacious,0,126,4,118228,395,281,1,13,2
spacious,0,127,4,122247,396,280,2,242,2
spacious,0,128,4,126363,398,278,1,236,2
spacious,0,129,3,130642,379,297,2,200,2
spacious,0,130,3,135174,381,295,0,0,2
spacious,0,131,3,139802,383,293,0,0,2
spacious,0,132,3,144523,385,291,0,0,2
spacious,0,133,3,149335,387,289,0,0,2
spacious,0,134,3,154236,389,287,0,0,2
spacious,0,135,3,159224,392,284,0,0,2
spacious,0,136,3,164304,394,282,0,0,2
spacious,0,137,3,169255,395,281,1,211,2
spacious,0,138,3,174232,396,280,1,252,2
spacious,0,139,3,179301,397,279,1,224,2
spacious,0,140,3,184653,399,277,0,0,3
spacious,0,141,3,189836,400,276,1,235,3
spacious,0,142,3,195024,402,274,1,280,3
spacious,0,143,3,200306,403,273,1,246,3
spacious,0,144,3,205625,404,272,1,252,3
spacious,0,145,3,210978,405,271,1,256,3
spacious,0,146,3,216354,406,270,1,263,3
spacious,0,147,3,221752,408,268,1,269,3
spacious,0,148,3,227186,409,267,1,273,3
spacious,0,149,3,232629,410,266,1,280,3
spacious,0,150,3,238079,411,265,1,286,3
spacious,0,151,3,243482,413,263,1,340,3
spacious,0,152,3,248951,414,262,1,298,3
spacious,0,153,3,254361,416,260,1,354,3
spacious,0,154,3,259834,417,259,1,308,3
spacious,0,155,3,265235,418,258,1,368,3
spacious,0,156,3,270667,419,257,1,322,3
spacious,0,157,3,276074,420,256,1,325,3
spacious,0,158,3,281449,421,255,1,333,3
spacious,0,159,3,286787,422,254,1,338,3
spacious,0,160,3,292086,423,253,1,344,3
spacious,0,161,3,297340,424,252,1,350,3
spacious,0,162,3,302550,425,251,1,353,3
spacious,0,163,3,307709,427,249,1,358,3
spacious,0,164,3,312842,428,248,1,366,3
spacious,0,165,3,317918,429,247,1,371,3
spacious,0,166,3,322871,431,245,1,440,3
spacious,0,167,3,327796,432,244,1,446,3
spacious,0,168,3,332657,434,242,1,453,3
spacious,0,169,3,337489,435,241,1,456,3
spacious,0,170,3,342249,436,240,1,466,3
spacious,0,171,3,347009,438,238,1,402,3
spacious,0,172,3,351665,439,237,1,475,3
spacious,0,173,3,356245,441,235,1,484,3
spacious,0,174,3,360788,442,234,1,490,3
spacious,0,175,3,365325,443,233,1,425,3
spacious,0,176,3,369787,444,232,1,427,3
spacious,0,177,3,374095,445,231,1,506,3
spacious,0,178,3,378399,447,229,1,439,3
spacious,0,179,3,382590,449,227,1,517,3
spacious,0,180,3,386747,451,225,1,519,3
spacious,0,181,3,390941,452,224,1,449,3
spacious,0,182,3,394974,453,223,1,532,3
spacious,0,183,3,398931,454,222,1,534,3
spacious,0,184,3,402882,455,221,1,464,3
spacious,0,185,3,406756,456,220,1,465,3
spacious,0,186,3,411017,458,218,0,0,3
spacious,0,187,3,414670,459,217,1,555,3
spacious,0,188,3,418329,460,216,1,476,3
spacious,0,189,3,421830,461,215,1,560,3
spacious,0,190,3,425337,462,214,1,483,3
spacious,0,191,3,428684,463,213,1,571,3
spacious,0,192,3,431960,464,212,1,575,3
spacious,0,193,3,435250,465,211,1,493,3
spacious,0,194,3,438386,466,210,1,579,3
spacious,0,195,3,441535,467,209,1,502,3
spacious,0,196,3,444618,468,208,1,502,3
spacious,0,197,3,447549,469,207,1,588,3
spacious,0,198,3,450500,470,206,1,510,3
spacious,0,199,3,453388,471,205,1,510,3
spacious,0,200,3,456212,472,204,1,515,3
spacious,0,201,3,458977,473,203,1,514,3
spacious,0,202,3,461593,474,202,1,606,3
spacious,0,203,3,464242,475,201,1,522,3
spacious,0,204,3,466747,476,200,1,611,3
spacious,0,205,3,469200,477,199,1,614,3
spacious,0,206,3,471695,478,198,1,526,3
spacious,0,207,3,474047,479,197,1,619,3
spacious,0,208,3,476444,480,196,1,530,3
spacious,0,209,3,478793,481,195,1,532,3
spacious,0,210,3,481094,482,194,1,533,3
spacious,0,211,3,483346,483,193,1,538,3
spacious,0,212,3,485468,484,192,1,626,3
spacious,0,213,3,487641,485,191,1,539,3
spacious,0,214,3,489678,487,189,1,633,3
spacious,0,215,3,491739,488,188,1,632,3
spacious,0,216,3,493852,490,186,1,544,3
spacious,0,217,3,496526,492,184,0,0,3
spacious,0,218,3,498637,494,182,1,547,3
spacious,0,219,3,500763,495,181,1,548,3
spacious,0,220,3,502844,496,180,1,552,3
spacious,0,221,3,504798,497,179,1,642,3
spacious,0,222,3,506806,499,177,1,555,3
spacious,0,223,3,508833,500,176,1,556,3
spacious,0,224,3,511379,503,173,0,0,3
spacious,0,225,3,513409,504,172,1,558,3
spacious,0,226,3,515312,505,171,1,649,3
spacious,0,227,3,517271,506,170,1,561,3
spacious,0,228,3,519198,508,168,1,559,3
spacious,0,229,3,521143,509,167,1,562,3
spacious,0,230,3,523056,510,166,1,560,3
spacious,0,231,3,524842,512,164,1,655,3
spacious,0,232,3,526651,513,163,1,660,3
spacious,0,233,3,528525,514,162,1,567,3
spacious,0,234,3,530272,515,161,1,662,3
spacious,0,235,3,532086,516,160,1,569,3
spacious,0,236,3,533775,517,159,1,664,3
spacious,0,237,3,535534,518,158,1,570,3
spacious,0,238,3,537173,519,157,1,663,3
spacious,0,239,3,539454,521,155,0,0,3
spacious,0,240,3,541063,522,154,1,669,3
spacious,0,241,3,542748,523,153,1,571,3
spacious,0,242,3,544409,524,152,1,572,3
spacious,0,243,3,546046,525,151,1,572,3
spacious,0,244,3,547561,526,150,1,671,3
spacious,0,245,3,549058,527,149,1,672,3
spacious,0,246,3,550634,528,148,1,577,3
spacious,0,247,3,552094,529,147,1,674,3
spacious,0,248,3,553634,530,146,1,578,3
spacious,0,249,3,555062,531,145,1,672,3
spacious,0,250,3,556570,533,143,1,580,3
spacious,0,251,3,558024,535,141,1,673,3
spacious,0,252,3,559616,536,140,1,578,3
spacious,0,253,3,561184,537,139,1,581,3
spacious,0,254,3,562635,538,138,1,678,3
spacious,0,255,3,564167,539,137,1,582,3
spacious,0,256,3,565586,540,136,1,676,3
spacious,0,257,3,567088,541,135,1,580,3
spacious,0,258,3,568472,542,134,1,680,3
spacious,0,259,3,569943,543,133,1,581,3
spacious,0,260,3,571302,544,132,1,678,3
spacious,0,261,3,572648,545,131,1,679,3
spacious,0,262,3,574081,546,130,1,583,3
spacious,0,263,3,575500,547,129,1,583,3
spacious,0,264,3,576904,548,128,1,583,3
spacious,0,265,3,578294,549,127,1,583,3
spacious,0,266,3,579572,550,126,1,684,3
spacious,0,267,3,580841,552,124,1,684,3
spacious,0,268,3,582260,553,123,1,587,3
spacious,0,269,3,583666,554,122,1,585,3
spacious,0,270,3,585056,555,121,1,588,3
spacious,0,271,3,586339,556,120,1,682,3
spacious,0,272,3,587711,557,119,1,586,3
spacious,0,273,3,589070,558,118,1,586,3
spacious,0,274,3,590415,559,117,1,589,3
spacious,0,275,3,591752,560,116,1,586,3
spacious,0,276,3,593078,561,115,1,586,3
spacious,0,277,3,594297,562,114,1,684,3
spacious,0,278,3,595507,563,113,1,688,3
spacious,0,279,3,596810,565,111,1,590,3
spacious,0,280,3,598065,566,110,1,689,3
spacious,0,281,3,599411,567,109,1,591,3
spacious,0,282,3,600746,568,108,1,591,3
spacious,0,283,3,601971,569,107,1,689,3
spacious,0,284,3,603290,570,106,1,592,3
spacious,0,285,3,604598,572,104,1,592,3
spacious,0,286,3,605958,573,103,1,589,3
spacious,0,287,3,607205,574,102,1,690,3
spacious,0,288,3,608448,575,101,1,688,3
spacious,0,289,3,609783,576,100,1,590,3
spacious,0,290,3,611105,577,99,1,593,3
spacious,0,291,3,612416,578,98,1,593,3
spacious,0,292,3,613718,579,97,1,593,3
spacious,0,293,3,615011,581,95,1,593,3
spacious,0,294,3,616257,582,94,1,689,3
spacious,0,295,3,617493,583,93,1,693,3
spacious,0,296,3,618822,584,92,1,594,3
spacious,0,297,3,620042,585,91,1,693,3
spacious,0,298,3,621259,586,90,1,691,3
spacious,0,299,3,622566,587,89,1,595,3
spacious,0,300,3,623865,588,88,1,595,3
strong_defence,0,1,5,522,10,246,0,0,0
strong_defence,0,2,5,547,15,241,0,0,0
strong_defence,0,3,5,574,20,236,0,0,0
strong_defence,0,4,5,601,25,231,0,0,0
strong_defence,0,5,5,631,30,226,0,0,0
strong_defence,0,6,5,662,35,221,0,0,0
strong_defence,0,7,5,694,40,216,0,0,0
strong_defence,0,8,5,728,45,211,0,0,0
strong_defence,0,9,5,764,50,206,0,0,0
strong_defence,0,10,5,802,55,201,0,0,0
strong_defence,0,11,5,841,60,196,0,0,0
strong_defence,0,12,5,883,65,191,0,0,0
strong_defence,0,13,5,926,70,186,0,0,0
strong_defence,0,14,5,972,75,181,0,0,0
strong_defence,0,15,5,1020,80,176,0,0,0
strong_defence,0,16,5,1070,85,171,0,0,0
strong_defence,0,17,5,1123,90,166,0,0,0
strong_defence,0,18,5,1179,95,161,0,0,0
strong_defence,0,19,5,1237,100,156,0,0,0
strong_defence,0,20,5,1298,104,152,0,0,0
strong_defence,0,21,5,1362,106,150,0,0,2
strong_defence,0,22,5,1429,111,145,0,0,2
strong_defence,0,23,5,1500,116,140,0,0,2
strong_defence,0,24,5,1574,121,135,0,0,2
strong_defence,0,25,5,1643,125,131,1,9,2
strong_defence,0,26,5,1724,130,126,0,0,1
strong_defence,0,27,5,1809,135,121,0,0,1
strong_defence,0,28,5,1899,140,116,0,0,1
strong_defence,0,29,5,1992,145,111,0,0,1
strong_defence,0,30,5,2091,150,106,0,0,1
strong_defence,0,31,5,2194,155,101,0,0,1
strong_defence,0,32,5,2302,159,97,0,0,1
strong_defence,0,33,5,2415,164,92,0,0,1
strong_defence,0,34,5,2534,168,88,0,0,1
strong_defence,0,35,5,2659,172,84,0,0,2
strong_defence,0,36,5,2790,177,79,0,0,2
strong_defence,0,37,5,2918,181,75,1,10,2
strong_defence,0,38,5,3062,185,71,0,0,2
strong_defence,0,39,5,3191,188,68,2,22,2
strong_defence,0,40,5,3326,191,65,2,21,2
strong_defence,0,41,5,3468,194,62,2,22,2
strong_defence,0,42,5,3628,198,58,1,11,2
strong_defence,0,43,5,3794,201,55,1,12,3
strong_defence,0,44,5,3955,204,52,2,26,3
strong_defence,0,45,5,4137,207,49,1,12,3
strong_defence,0,46,5,4329,210,46,1,12,3
strong_defence,0,47,5,4515,211,45,2,26,5
strong_defence,0,48,5,4709,214,42,2,28,5
strong_defence,0,49,5,4927,218,38,1,13,5
strong_defence,0,50,5,5155,221,35,1,13,5
strong_defence,0,51,5,5376,223,33,2,32,6
strong_defence,0,52,5,5606,226,30,2,33,5
strong_defence,0,53,5,5833,228,28,3,47,5
strong_defence,0,54,5,6083,231,25,2,36,4
strong_defence,0,55,5,6346,234,22,2,33,4
strong_defence,0,56,5,6637,237,19,1,19,5
strong_defence,0,57,5,6909,239,17,3,52,5
strong_defence,0,58,5,7187,241,15,3,58,5
strong_defence,0,59,5,7480,243,13,3,58,5
strong_defence,0,60,5,7804,243,13,2,39,5
strong_defence,0,61,5,8162,245,11,1,22,5
strong_defence,0,62,4,8494,245,11,3,64,2
strong_defence,0,63,4,8840,245,11,3,66,2
strong_defence,0,64,4,9200,245,11,3,68,2
strong_defence,0,65,4,9566,245,11,3,78,2
strong_defence,0,66,4,9978,246,10,2,50,2
strong_defence,0,67,4,10381,246,10,3,78,2
strong_defence,0,68,4,10808,246,10,3,73,2
strong_defence,0,69,4,11245,246,10,3,83,2
strong_defence,0,70,4,11704,246,10,3,80,2
strong_defence,0,71,4,12211,247,9,2,53,2
strong_defence,0,72,4,12706,247,9,3,89,2
strong_defence,0,73,4,13221,247,9,3,91,2
strong_defence,0,74,4,13761,247,9,3,90,2
strong_defence,0,75,4,14322,247,9,3,93,2
strong_defence,0,76,4,14940,248,8,2,62,2
strong_defence,0,77,4,15583,248,8,2,64,2
strong_defence,0,78,4,16290,249,7,1,29,2
strong_defence,0,79,4,17013,250,6,1,44,2
strong_defence,0,80,4,17742,251,5,2,70,2
strong_defence,0,81,4,18454,251,5,3,120,2
strong_defence,0,82,4,19207,251,5,3,109,3
strong_defence,0,83,4,20028,251,5,2,75,3
strong_defence,0,84,4,20830,251,5,3,128,3
strong_defence,0,85,4,21677,251,5,3,117,3
strong_defence,0,86,4,22558,251,5,3,120,3
strong_defence,0,87,4,23467,251,5,3,128,3
strong_defence,0,88,4,24451,251,5,2,91,3
strong_defence,0,89,4,25433,251,5,3,134,3
strong_defence,0,90,4,26445,251,5,3,145,3
strong_defence,0,91,4,27498,251,5,3,144,3
strong_defence,0,92,4,28603,251,5,3,134,3
strong_defence,0,93,4,29719,251,5,3,168,3
strong_defence,0,94,4,30880,251,5,3,166,3
strong_defence,0,95,4,32078,251,5,3,176,3
strong_defence,0,96,4,33325,251,5,3,172,3
strong_defence,0,97,4,34628,251,5,3,165,3
strong_defence,0,98,4,35968,251,5,3,176,3
strong_defence,0,99,4,37360,251,5,3,174,3
strong_defence,0,100,4,38821,251,5,3,157,3
strong_defence,0,101,4,40323,251,5,3,169,3
strong_defence,0,102,4,41878,251,5,3,168,3
strong_defence,0,103,4,43513,251,5,3,143,3
strong_defence,0,104,4,45209,251,5,3,139,3
strong_defence,0,105,4,46968,251,5,3,135,3
strong_defence,0,106,4,48794,251,5,3,126,3
strong_defence,0,107,4,50707,251,5,2,100,3
strong_defence,0,108,3,52712,248,8,2,96,3
strong_defence,0,109,3,54850,249,7,0,0,3
strong_defence,0,110,3,57055,250,6,0,0,3
strong_defence,0,111,3,59328,251,5,0,0,3
strong_defence,0,112,3,61669,252,4,0,0,3
strong_defence,0,113,3,64078,253,3,0,0,3
strong_defence,0,114,3,66556,254,2,0,0,3
strong_defence,0,115,3,69103,255,1,0,0,3
strong_defence,0,116,3,71718,256,0,0,0,3
strong_defence,0,117,3,74402,256,0,0,0,3
strong_defence,0,118,3,77151,256,0,0,0,3
strong_defence,0,119,3,79966,256,0,0,0,3
strong_defence,0,120,3,82845,256,0,0,0,3
strong_defence,0,121,3,85786,256,0,0,0,3
strong_defence,0,122,3,88789,256,0,0,0,3
strong_defence,0,123,3,91851,256,0,0,0,3
strong_defence,0,124,3,94971,256,0,0,0,3
strong_defence,0,125,3,98146,256,0,0,0,3
strong_defence,0,126,3,101374,256,0,0,0,3
strong_defence,0,127,3,104653,256,0,0,0,3
strong_defence,0,128,3,107979,256,0,0,0,3
strong_defence,0,129,3,111350,256,0,0,0,3
strong_defence,0,130,3,114763,256,0,0,0,3
strong_defence,0,131,3,118214,256,0,0,0,3
strong_defence,0,132,3,121700,256,0,0,0,3
strong_defence,0,133,3,125217,256,0,0,0,3
strong_defence,0,134,3,128762,256,0,0,0,3
strong_defence,0,135,3,132330,256,0,0,0,3
strong_defence,0,136,3,135917,256,0,0,0,3
strong_defence,0,137,3,139519,256,0,0,0,3
strong_defence,0,138,3,143133,256,0,0,0,3
strong_defence,0,139,3,146753,256,0,0,0,3
strong_defence,0,140,3,150376,256,0,0,0,3
strong_defence,0,141,3,153997,256,0,0,0,3
strong_defence,0,142,3,157612,256,0,0,0,3
strong_defence,0,143,3,161217,256,0,0,0,3
strong_defence,0,144,3,164807,256,0,0,0,3
strong_defence,0,145,3,168378,256,0,0,0,3
strong_defence,0,146,3,171926,256,0,0,0,3
strong_defence,0,147,3,175448,256,0,0,0,3
strong_defence,0,148,3,178938,256,0,0,0,3
strong_defence,0,149,3,182394,256,0,0,0,3
strong_defence,0,150,3,185812,256,0,0,0,3
strong_defence,0,151,3,189189,256,0,0,0,3
strong_defence,0,152,3,192520,256,0,0,0,3
strong_defence,0,153,3,195804,256,0,0,0,3
strong_defence,0,154,3,199036,256,0,0,0,3
strong_defence,0,155,3,202215,256,0,0,0,3
strong_defence,0,156,3,205338,256,0,0,0,3
strong_defence,0,157,3,208403,256,0,0,0,3
strong_defence,0,158,3,211408,256,0,0,0,3
strong_defence,0,159,3,214350,256,0,0,0,3
strong_defence,0,160,3,217229,256,0,0,0,3
strong_defence,0,161,3,220042,256,0,0,0,3
strong_defence,0,162,3,222789,256,0,0,0,3
strong_defence,0,163,3,225468,256,0,0,0,3
strong_defence,0,164,3,228079,256,0,0,0,3
strong_defence,0,165,3,230622,256,0,0,0,3
strong_defence,0,166,3,233095,256,0,0,0,3
strong_defence,0,167,3,235499,256,0,0,0,3
strong_defence,0,168,3,237834,256,0,0,0,3
strong_defence,0,169,3,240099,256,0,0,0,3
strong_defence,0,170,3,242295,256,0,0,0,3
strong_defence,0,171,3,244423,256,0,0,0,3
strong_defence,0,172,3,246483,256,0,0,0,3
strong_defence,0,173,3,248476,256,0,0,0,3
strong_defence,0,174,3,250402,256,0,0,0,3
strong_defence,0,175,3,252262,256,0,0,0,3
strong_defence,0,176,3,254058,256,0,0,0,3
strong_defence,0,177,3,255791,256,0,0,0,3
strong_defence,0,178,3,257461,256,0,0,0,3
strong_defence,0,179,3,259071,256,0,0,0,3
strong_defence,0,180,3,260620,256,0,0,0,3
strong_defence,0,181,3,262112,256,0,0,0,3
strong_defence,0,182,3,263546,256,0,0,0,3
strong_defence,0,183,3,264925,256,0,0,0,3
strong_defence,0,184,3,266250,256,0,0,0,3
strong_defence,0,185,3,267523,256,0,0,0,3
strong_defence,0,186,3,268745,256,0,0,0,3
strong_defence,0,187,3,269917,256,0,0,0,3
strong_defence,0,188,3,271041,256,0,0,0,3
strong_defence,0,189,3,272118,256,0,0,0,3
strong_defence,0,190,3,273151,256,0,0,0,3
strong_defence,0,191,3,274140,256,0,0,0,3
strong_defence,0,192,3,275088,256,0,0,0,3
strong_defence,0,193,3,275994,256,0,0,0,3
strong_defence,0,194,3,276862,256,0,0,0,3
strong_defence,0,195,3,277692,256,0,0,0,3
strong_defence,0,196,3,278485,256,0,0,0,3
strong_defence,0,197,3,279244,256,0,0,0,3
strong_defence,0,198,3,279969,256,0,0,0,3
strong_defence,0,199,3,280661,256,0,0,0,3
strong_defence,0,200,3,281323,256,0,0,0,3
strong_defence,0,201,3,281955,256,0,0,0,3
strong_defence,0,202,3,282558,256,0,0,0,3
strong_defence,0,203,3,283134,256,0,0,0,3
strong_defence,0,204,3,283683,256,0,0,0,3
strong_defence,0,205,3,284207,256,0,0,0,3
strong_defence,0,206,3,284707,256,0,0,0,3
strong_defence,0,207,3,285184,256,0,0,0,3
strong_defence,0,208,3,285639,256,0,0,0,3
strong_defence,0,209,3,286072,256,0,0,0,3
strong_defence,0,210,3,286485,256,0,0,0,3
strong_defence,0,211,3,286879,256,0,0,0,3
strong_defence,0,212,3,287254,256,0,0,0,3
strong_defence,0,213,3,287612,256,0,0,0,3
strong_defence,0,214,3,287952,256,0,0,0,3
strong_defence,0,215,3,288277,256,0,0,0,3
strong_defence,0,216,3,288585,256,0,0,0,3
strong_defence,0,217,3,288880,256,0,0,0,3
strong_defence,0,218,3,289160,256,0,0,0,3
strong_defence,0,219,3,289426,256,0,0,0,3
strong_defence,0,220,3,289680,256,0,0,0,3
strong_defence,0,221,3,289922,256,0,0,0,3
strong_defence,0,222,3,290152,256,0,0,0,3
strong_defence,0,223,3,290370,256,0,0,0,3
strong_defence,0,224,3,290579,256,0,0,0,3
strong_defence,0,225,3,290777,256,0,0,0,3
strong_defence,0,226,3,290965,256,0,0,0,3
strong_defence,0,227,3,291144,256,0,0,0,3
strong_defence,0,228,3,291315,256,0,0,0,3
strong_defence,0,229,3,291477,256,0,0,0,3
strong_defence,0,230,3,291632,256,0,0,0,3
strong_defence,0,231,3,291778,256,0,0,0,3
strong_defence,0,232,3,291918,256,0,0,0,3
strong_defence,0,233,3,292051,256,0,0,0,3
strong_defence,0,234,3,292177,256,0,0,0,3
strong_defence,0,235,3,292297,256,0,0,0,3
strong_defence,0,236,3,292411,256,0,0,0,3
strong_defence,0,237,3,292520,256,0,0,0,3
strong_defence,0,238,3,292623,256,0,0,0,3
strong_defence,0,239,3,292721,256,0,0,0,3
strong_defence,0,240,3,292815,256,0,0,0,3
strong_defence,0,241,3,292903,256,0,0,0,3
strong_defence,0,242,3,292988,256,0,0,0,3
strong_defence,0,243,3,293068,256,0,0,0,3
strong_defence,0,244,3,293144,256,0,0,0,3
strong_defence,0,245,3,293216,256,0,0,0,3
strong_defence,0,246,3,293285,256,0,0,0,3
strong_defence,0,247,3,293351,256,0,0,0,3
strong_defence,0,248,3,293413,256,0,0,0,3
strong_defence,0,249,3,293472,256,0,0,0,3
strong_defence,0,250,3,293528,256,0,0,0,3
strong_defence,0,251,3,293581,256,0,0,0,3
strong_defence,0,252,3,293632,256,0,0,0,3
strong_defence,0,253,3,293680,256,0,0,0,3
strong_defence,0,254,3,293726,256,0,0,0,3
strong_defence,0,255,3,293770,256,0,0,0,3
strong_defence,0,256,3,293811,256,0,0,0,3
strong_defence,0,257,3,293850,256,0,0,0,3
strong_defence,0,258,3,293888,256,0,0,0,3
strong_defence,0,259,3,293923,256,0,0,0,3
strong_defence,0,260,3,293957,256,0,0,0,3
strong_defence,0,261,3,293989,256,0,0,0,3
strong_defence,0,262,3,294020,256,0,0,0,3
strong_defence,0,263,3,294049,256,0,0,0,3
strong_defence,0,264,3,294076,256,0,0,0,3
strong_defence,0,265,3,294102,256,0,0,0,3
strong_defence,0,266,3,294127,256,0,0,0,3
strong_defence,0,267,3,294151,256,0,0,0,3
strong_defence,0,268,3,294173,256,0,0,0,3
strong_defence,0,269,3,294194,256,0,0,0,3
strong_defence,0,270,3,294215,256,0,0,0,3
strong_defence,0,271,3,294234,256,0,0,0,3
strong_defence,0,272,3,294252,256,0,0,0,3
strong_defence,0,273,3,294270,256,0,0,0,3
strong_defence,0,274,3,294286,256,0,0,0,3
strong_defence,0,275,3,294302,256,0,0,0,3
strong_defence,0,276,3,294317,256,0,0,0,3
strong_defence,0,277,3,294331,256,0,0,0,3
strong_defence,0,278,3,294344,256,0,0,0,3
strong_defence,0,279,3,294357,256,0,0,0,3
strong_defence,0,280,3,294369,256,0,0,0,3
strong_defence,0,281,3,294381,256,0,0,0,3
strong_defence,0,282,3,294392,256,0,0,0,3
strong_defence,0,283,3,294402,256,0,0,0,3
strong_defence,0,284,3,294412,256,0,0,0,3
strong_defence,0,285,3,294421,256,0,0,0,3
strong_defence,0,286,3,294430,256,0,0,0,3
strong_defence,0,287,3,294439,256,0,0,0,3
strong_defence,0,288,3,294447,256,0,0,0,3
strong_defence,0,289,3,294454,256,0,0,0,3
strong_defence,0,290,3,294462,256,0,0,0,3
strong_defence,0,291,3,294469,256,0,0,0,3
strong_defence,0,292,3,294475,256,0,0,0,3
strong_defence,0,293,3,294481,256,0,0,0,3
strong_defence,0,294,3,294487,256,0,0,0,3
strong_defence,0,295,3,294493,256,0,0,0,3
strong_defence,0,296,3,294498,256,0,0,0,3
strong_defence,0,297,3,294503,256,0,0,0,3
strong_defence,0,298,3,294508,256,0,0,0,3
strong_defence,0,299,3,294513,256,0,0,0,3
strong_defence,0,300,3,294517,256,0,0,0,3
weak_defence,0,1,5,522,10,246,0,0,0
weak_defence,0,2,5,547,15,241,0,0,0
weak_defence,0,3,5,574,20,236,0,0,0
weak_defence,0,4,5,601,25,231,0,0,0
weak_defence,0,5,5,631,30,226,0,0,0
weak_defence,0,6,5,662,35,221,0,0,0
weak_defence,0,7,5,694,40,216,0,0,0
weak_defence,0,8,5,728,45,211,0,0,0
weak_defence,0,9,5,764,50,206,0,0,0
weak_defence,0,10,5,802,55,201,0,0,0
weak_defence,0,11,5,841,60,196,0,0,0
weak_defence,0,12,5,883,65,191,0,0,0
weak_defence,0,13,5,926,70,186,0,0,0
weak_defence,0,14,5,972,75,181,0,0,0
weak_defence,0,15,5,1020,80,176,0,0,0
weak_defence,0,16,5,1070,85,171,0,0,0
weak_defence,0,17,5,1123,90,166,0,0,0
weak_defence,0,18,5,1179,95,161,0,0,0
weak_defence,0,19,5,1237,100,156,0,0,0
weak_defence,0,20,5,1298,104,152,0,0,0
weak_defence,0,21,5,1362,106,150,0,0,2
weak_defence,0,22,5,1429,111,145,0,0,2
weak_defence,0,23,5,1500,116,140,0,0,2
weak_defence,0,24,5,1574,121,135,0,0,2
weak_defence,0,25,5,1643,125,131,1,9,2
weak_defence,0,26,5,1724,130,126,0,0,1
weak_defence,0,27,5,1809,135,121,0,0,1
weak_defence,0,28,5,1899,140,116,0,0,1
weak_defence,0,29,5,1992,145,111,0,0,1
weak_defence,0,30,5,2091,150,106,0,0,1
weak_defence,0,31,5,2184,154,102,1,10,1
weak_defence,0,32,5,2281,158,98,1,10,1
weak_defence,0,33,5,2385,162,94,1,9,1
weak_defence,0,34,5,2492,166,90,1,10,1
weak_defence,0,35,5,2604,170,86,1,11,1
weak_defence,0,36,5,2722,174,82,1,11,1
weak_defence,0,37,5,2845,178,78,1,11,1
weak_defence,0,38,5,2965,181,75,2,20,1
weak_defence,0,39,5,3089,184,72,2,22,1
weak_defence,0,40,5,3217,185,71,2,24,2
weak_defence,0,41,5,3364,189,67,1,12,2
weak_defence,0,42,5,3504,191,65,2,25,2
weak_defence,0,43,5,3652,193,63,2,24,2
weak_defence,0,44,5,3821,196,60,1,11,2
weak_defence,0,45,5,3998,198,58,1,11,2
weak_defence,0,46,5,4181,201,55,1,13,2
weak_defence,0,47,5,4359,202,54,2,28,3
weak_defence,0,48,5,4561,206,50,1,11,3
weak_defence,0,49,5,4769,209,47,1,15,3
weak_defence,0,50,5,4989,211,45,1,14,3
weak_defence,0,51,5,5221,213,43,1,12,5
weak_defence,0,52,5,5464,217,39,1,12,5
weak_defence,0,53,5,5716,221,35,1,15,5
weak_defence,0,54,5,5980,225,31,1,15,5
weak_defence,0,55,5,6257,229,27,1,15,5
weak_defence,0,56,5,6546,232,24,1,16,5
weak_defence,0,57,5,6827,235,21,2,39,5
weak_defence,0,58,5,7122,236,20,2,38,5
weak_defence,0,59,5,7451,239,17,1,18,5
weak_defence,0,60,5,7770,241,15,2,43,5
weak_defence,0,61,5,8128,244,12,1,20,6
weak_defence,0,62,4,8473,245,11,2,50,3
weak_defence,0,63,4,8839,246,10,2,44,1
weak_defence,0,64,4,9221,247,9,2,45,1
weak_defence,0,65,4,9620,248,8,2,45,1
weak_defence,0,66,4,10030,249,7,2,54,1
weak_defence,0,67,4,10456,249,7,2,56,1
weak_defence,0,68,4,10907,249,7,2,51,1
weak_defence,0,69,4,11373,249,7,2,57,1
weak_defence,0,70,4,11857,249,7,2,59,1
weak_defence,0,71,4,12390,250,6,1,33,1
weak_defence,0,72,4,12915,250,6,2,65,1
weak_defence,0,73,4,13462,250,6,2,68,1
weak_defence,0,74,4,14058,251,5,1,42,1
weak_defence,0,75,4,14649,251,5,2,74,1
weak_defence,0,76,4,15264,251,5,2,77,1
weak_defence,0,77,4,15899,251,5,2,83,1
weak_defence,0,78,4,16601,252,4,1,45,1
weak_defence,0,79,4,17292,252,4,2,87,1
weak_defence,0,80,4,18002,252,4,2,98,1
weak_defence,0,81,4,18743,252,4,2,97,1
weak_defence,0,82,4,19513,252,4,2,101,2
weak_defence,0,83,4,20304,252,4,2,112,2
weak_defence,0,84,4,21133,252,4,2,109,2
weak_defence,0,85,4,21983,252,4,2,121,2
weak_defence,0,86,4,22872,252,4,2,118,2
weak_defence,0,87,4,23794,252,4,2,122,2
weak_defence,0,88,4,24758,252,4,2,119,2
weak_defence,0,89,4,25746,252,4,2,133,2
weak_defence,0,90,4,26760,252,4,2,147,2
weak_defence,0,91,4,27821,252,4,2,141,2
weak_defence,0,92,4,28907,252,4,2,157,2
weak_defence,0,93,4,30029,252,4,2,164,2
weak_defence,0,94,4,31201,252,4,2,158,2
weak_defence,0,95,4,32411,252,4,2,164,2
weak_defence,0,96,4,33657,252,4,2,174,2
weak_defence,0,97,4,34948,252,4,2,176,2
weak_defence,0,98,4,36292,252,4,2,170,2
weak_defence,0,99,4,37650,252,4,2,204,2
weak_defence,0,100,4,39082,252,4,2,179,2
weak_defence,0,101,4,40520,252,4,2,223,2
weak_defence,0,102,4,42016,253,3,2,215,2
weak_defence,0,103,4,43477,253,3,3,302,2
weak_defence,0,104,4,44992,253,3,3,297,2
weak_defence,0,105,4,46507,253,3,3,348,2
weak_defence,0,106,4,48040,253,3,3,378,2
weak_defence,0,107,4,49653,253,3,3,348,2
weak_defence,0,108,4,51267,253,3,3,396,2
weak_defence,0,109,4,52955,253,3,3,372,2
weak_defence,0,110,4,54792,253,3,2,273,2
weak_defence,0,111,4,56684,254,2,2,272,2
weak_defence,0,112,4,58595,254,2,2,309,2
weak_defence,0,113,4,60501,254,2,2,368,2
weak_defence,0,114,4,62392,254,2,3,432,2
weak_defence,0,115,4,64326,254,2,3,441,2
weak_defence,0,116,4,66301,254,2,3,450,2
weak_defence,0,117,4,68293,254,2,3,483,2
weak_defence,0,118,4,70340,254,2,3,476,2
weak_defence,0,119,4,72386,254,2,3,525,2
weak_defence,0,120,4,74460,254,2,3,542,2
weak_defence,0,121,4,76754,255,1,2,368,2
weak_defence,0,122,4,78923,255,1,3,546,2
weak_defence,0,123,4,81098,255,1,3,585,2
weak_defence,0,124,4,83325,255,1,3,575,2
weak_defence,0,125,4,85756,255,1,2,414,2
weak_defence,0,126,4,88069,255,1,3,574,2
weak_defence,0,127,4,90303,255,1,3,691,2
weak_defence,0,128,4,92598,255,1,3,665,2
weak_defence,0,129,4,94944,255,1,3,650,2
weak_defence,0,130,4,97375,255,1,3,599,2
weak_defence,0,131,4,99710,255,1,3,728,2
weak_defence,0,132,4,102107,255,1,3,694,2
weak_defence,0,133,4,104550,255,1,3,676,2
weak_defence,0,134,4,106894,255,1,3,801,2
weak_defence,0,135,4,109319,255,1,3,745,2
weak_defence,0,136,4,111622,255,1,3,888,2
weak_defence,0,137,4,114054,255,1,3,778,2
weak_defence,0,138,4,116486,255,1,3,797,2
weak_defence,0,139,4,119070,256,0,2,662,2
weak_defence,0,140,4,121517,256,0,3,823,2
weak_defence,0,141,4,123914,256,0,3,883,2
weak_defence,0,142,4,126345,256,0,3,860,2
weak_defence,0,143,4,128813,256,0,3,828,2
weak_defence,0,144,4,131270,256,0,3,845,2
weak_defence,0,145,4,133672,256,0,3,905,2
weak_defence,0,146,4,136058,256,0,3,923,2
weak_defence,0,147,4,138393,256,0,3,974,2
weak_defence,0,148,4,140790,256,0,3,907,2
weak_defence,0,149,4,143119,256,0,3,968,2
weak_defence,0,150,4,145427,256,0,3,983,2
weak_defence,0,151,4,147711,256,0,3,999,2
weak_defence,0,152,4,149880,256,0,3,1105,2
weak_defence,0,153,3,151994,256,0,3,1150,0
weak_defence,0,154,3,153951,256,0,3,1046,0
weak_defence,0,155,3,155878,256,0,3,1059,0
weak_defence,0,156,3,157770,256,0,3,1076,0
weak_defence,0,157,3,159629,256,0,3,1088,0
weak_defence,0,158,3,161447,256,0,3,1106,0
weak_defence,0,159,3,163346,256,0,3,1004,0
weak_defence,0,160,3,165074,256,0,3,1146,0
weak_defence,0,161,3,166784,256,0,3,1140,0
weak_defence,0,162,3,168462,256,0,3,1146,0
weak_defence,0,163,3,170105,256,0,3,1157,0
weak_defence,0,164,3,171825,256,0,3,1057,0
weak_defence,0,165,3,173330,256,0,3,1240,0
weak_defence,0,166,3,174859,256,0,3,1190,0
weak_defence,0,167,3,176409,256,0,3,1145,0
weak_defence,0,168,3,177781,256,0,3,1289,0
weak_defence,0,169,3,179201,256,0,3,1219,0
weak_defence,0,170,3,180643,256,0,3,1170,0
weak_defence,0,171,3,181900,256,0,3,1328,0
weak_defence,0,172,3,183275,256,0,3,1184,0
weak_defence,0,173,3,184543,256,0,3,1263,0
weak_defence,0,174,3,185786,256,0,3,1263,0
weak_defence,0,175,3,186993,256,0,3,1273,0
weak_defence,0,176,3,188228,256,0,3,1216,0
weak_defence,0,177,3,189293,256,0,3,1355,0
weak_defence,0,178,3,190399,256,0,3,1290,0
weak_defence,0,179,3,191418,256,0,3,1351,0
weak_defence,0,180,3,192469,256,0,3,1297,0
weak_defence,0,181,3,193437,256,0,3,1356,0
weak_defence,0,182,3,194490,256,0,3,1248,0
weak_defence,0,183,3,195392,256,0,3,1372,0
weak_defence,0,184,3,196327,256,0,3,1319,0
weak_defence,0,185,3,197233,256,0,3,1322,0
weak_defence,0,186,3,198114,256,0,3,1325,0
weak_defence,0,187,3,198976,256,0,3,1320,0
weak_defence,0,188,3,199826,256,0,3,1303,0
weak_defence,0,189,3,200588,256,0,3,1367,0
weak_defence,0,190,3,201878,256,0,2,820,0
weak_defence,0,191,3,202592,256,0,3,1352,0
weak_defence,0,192,3,203343,256,0,3,1297,0
weak_defence,0,193,3,204102,256,0,3,1266,0
weak_defence,0,194,3,204906,256,0,3,1200,0
weak_defence,0,195,3,205570,256,0,3,1313,0
weak_defence,0,196,3,206276,256,0,3,1251,0
weak_defence,0,197,3,206999,256,0,3,1214,0
weak_defence,0,198,3,207702,256,0,3,1212,0
weak_defence,0,199,3,208452,256,0,3,1146,0
weak_defence,0,200,3,209236,256,0,3,1090,0
weak_defence,0,201,3,210130,256,0,3,960,0
weak_defence,0,202,2,211209,256,0,3,756,0
weak_defence,0,203,2,211884,256,0,2,1147,0
weak_defence,0,204,2,212610,256,0,2,1075,0
weak_defence,0,205,2,213308,256,0,2,1077,0
weak_defence,0,206,2,213988,256,0,2,1072,0
weak_defence,0,207,2,214633,256,0,2,1086,0
weak_defence,0,208,2,215175,256,0,2,1167,0
weak_defence,0,209,2,215776,256,0,2,1090,0
weak_defence,0,210,2,216360,256,0,2,1085,0
weak_defence,0,211,2,216924,256,0,2,1088,0
weak_defence,0,212,2,217467,256,0,2,1092,0
weak_defence,0,213,2,217990,256,0,2,1095,0
weak_defence,0,214,2,218406,256,0,2,1186,0
weak_defence,0,215,2,218886,256,0,2,1108,0
weak_defence,0,216,2,219265,256,0,2,1190,0
weak_defence,0,217,2,219709,256,0,2,1113,0
weak_defence,0,218,2,220223,256,0,2,1026,0
weak_defence,0,219,2,220635,256,0,2,1109,0
weak_defence,0,220,2,221032,256,0,2,1111,0
weak_defence,0,221,2,221496,256,0,2,1031,0
weak_defence,0,222,2,221770,256,0,2,1204,0
weak_defence,0,223,2,222122,256,0,2,1118,0
weak_defence,0,224,2,222460,256,0,2,1120,0
weak_defence,0,225,2,222867,256,0,2,1039,0
weak_defence,0,226,2,223175,256,0,2,1124,0
weak_defence,0,227,2,223470,256,0,2,1126,0
weak_defence,0,228,2,223748,256,0,2,1134,0
weak_defence,0,229,2,223931,256,0,2,1217,0
weak_defence,0,230,2,224106,256,0,2,1218,0
weak_defence,0,231,2,224362,256,0,2,1130,0
weak_defence,0,232,2,224604,256,0,2,1136,0
weak_defence,0,233,2,224749,256,0,2,1223,0
weak_defence,0,234,2,225062,256,0,2,1049,0
weak_defence,0,235,2,225187,256,0,2,1225,0
weak_defence,0,236,2,225397,256,0,2,1135,0
weak_defence,0,237,2,225599,256,0,2,1137,0
weak_defence,0,238,2,225792,256,0,2,1138,0
weak_defence,0,239,2,225972,256,0,2,1145,0
weak_defence,0,240,2,226059,256,0,2,1230,0
weak_defence,0,241,2,226229,256,0,2,1144,0
weak_defence,0,242,2,226388,256,0,2,1147,0
weak_defence,0,243,2,226545,256,0,2,1141,0
weak_defence,0,244,2,226781,256,0,2,1058,0
weak_defence,0,245,2,226833,256,0,2,1232,0
weak_defence,0,246,2,227058,256,0,2,1058,0
weak_defence,0,247,2,227096,256,0,2,1235,0
weak_defence,0,248,2,227309,256,0,2,1059,0
weak_defence,0,249,2,227338,256,0,2,1235,0
weak_defence,0,250,2,227455,256,0,2,1146,0
weak_defence,0,251,2,227563,256,0,2,1151,0
weak_defence,0,252,2,227670,256,0,2,1147,0
weak_defence,0,253,2,227773,256,0,2,1148,0
weak_defence,0,254,2,227872,256,0,2,1149,0
weak_defence,0,255,2,227964,256,0,2,1153,0
weak_defence,0,256,2,228049,256,0,2,1155,0
weak_defence,0,257,2,228044,256,0,2,1240,0
weak_defence,0,258,2,228130,256,0,2,1149,0
weak_defence,0,259,2,228124,256,0,2,1239,0
weak_defence,0,260,2,228208,256,0,2,1150,0
weak_defence,0,261,2,228374,256,0,2,1064,0
weak_defence,0,262,2,228533,256,0,2,1066,0
weak_defence,0,263,2,228598,256,0,2,1152,0
weak_defence,0,264,2,228662,256,0,2,1153,0
weak_defence,0,265,2,228723,256,0,2,1153,0
weak_defence,0,266,2,228868,256,0,2,1068,0
weak_defence,0,267,2,229007,256,0,2,1067,0
weak_defence,0,268,2,229047,256,0,2,1160,0
weak_defence,0,269,2,229177,256,0,2,1069,0
weak_defence,0,270,2,229123,256,0,2,1246,0
weak_defence,0,271,2,229164,256,0,2,1153,0
weak_defence,0,272,2,229289,256,0,2,1069,0
weak_defence,0,273,2,229232,256,0,2,1244,0
weak_defence,0,274,2,229269,256,0,2,1154,0
weak_defence,0,275,2,229389,256,0,2,1070,0
weak_defence,0,276,2,229505,256,0,2,1068,0
weak_defence,0,277,2,229529,256,0,2,1156,0
weak_defence,0,278,2,229461,256,0,2,1248,0
weak_defence,0,279,2,229398,256,0,2,1245,0
weak_defence,0,280,2,229513,256,0,2,1069,0
weak_defence,0,281,2,229622,256,0,2,1070,0
weak_defence,0,282,2,229641,256,0,2,1156,0
weak_defence,0,283,2,229570,256,0,2,1245,0
weak_defence,0,284,2,229592,256,0,2,1155,0
weak_defence,0,285,2,229614,256,0,2,1155,0
weak_defence,0,286,2,229634,256,0,2,1157,0
weak_defence,0,287,2,229565,256,0,2,1246,0
weak_defence,0,288,2,229497,256,0,2,1247,0
weak_defence,0,289,2,229610,256,0,2,1068,0
weak_defence,0,290,2,229628,256,0,2,1158,0
weak_defence,0,291,2,229648,256,0,2,1153,0
weak_defence,0,292,2,229661,256,0,2,1161,0
weak_defence,0,293,2,229587,256,0,2,1245,0
weak_defence,0,294,2,229695,256,0,2,1066,0
weak_defence,0,295,2,229796,256,0,2,1068,0
weak_defence,0,296,2,229809,256,0,2,1153,0
weak_defence,0,297,2,229820,256,0,2,1154,0
weak_defence,0,298,2,229833,256,0,2,1154,0
weak_defence,0,299,2,229930,256,0,2,1069,0
weak_defence,0,300,2,229937,256,0,2,1155,0
slow_growth,0,1,5,509,10,246,0,0,0
slow_growth,0,2,5,519,15,241,0,0,0
slow_growth,0,3,5,529,20,236,0,0,0
slow_growth,0,4,5,539,25,231,0,0,0
slow_growth,0,5,5,550,30,226,0,0,0
slow_growth,0,6,5,560,35,221,0,0,0
slow_growth,0,7,5,571,40,216,0,0,0
slow_growth,0,8,5,583,45,211,0,0,0
slow_growth,0,9,5,594,50,206,0,0,0
slow_growth,0,10,5,606,55,201,0,0,0
slow_growth,0,11,5,618,60,196,0,0,0
slow_growth,0,12,5,630,65,191,0,0,0
slow_growth,0,13,5,643,70,186,0,0,0
slow_growth,0,14,5,655,75,181,0,0,0
slow_growth,0,15,5,668,80,176,0,0,0
slow_growth,0,16,5,682,85,171,0,0,0
slow_growth,0,17,5,695,90,166,0,0,0
slow_growth,0,18,5,709,95,161,0,0,0
slow_growth,0,19,5,723,100,156,0,0,0
slow_growth,0,20,5,737,104,152,0,0,0
slow_growth,0,21,5,752,106,150,0,0,2
slow_growth,0,22,5,767,111,145,0,0,2
slow_growth,0,23,5,782,116,140,0,0,2
slow_growth,0,24,5,798,121,135,0,0,2
slow_growth,0,25,5,809,125,131,1,4,2
slow_growth,0,26,5,825,130,126,0,0,1
slow_growth,0,27,5,842,135,121,0,0,1
slow_growth,0,28,5,858,140,116,0,0,1
slow_growth,0,29,5,876,145,111,0,0,1
slow_growth,0,30,5,893,150,106,0,0,1
slow_growth,0,31,5,907,154,102,1,4,1
slow_growth,0,32,5,920,158,98,1,4,1
slow_growth,0,33,5,935,162,94,1,3,1
slow_growth,0,34,5,950,166,90,1,4,1
slow_growth,0,35,5,966,170,86,1,3,1
slow_growth,0,36,5,981,174,82,1,4,1
slow_growth,0,37,5,997,178,78,1,3,1
slow_growth,0,38,5,1014,182,74,1,3,1
slow_growth,0,39,5,1030,186,70,1,4,1
slow_growth,0,40,5,1047,190,66,1,4,1
slow_growth,0,41,5,1064,193,63,1,3,1
slow_growth,0,42,5,1079,196,60,2,6,1
slow_growth,0,43,5,1098,200,56,1,3,1
slow_growth,0,44,5,1113,202,54,2,7,2
slow_growth,0,45,5,1129,205,51,2,6,2
slow_growth,0,46,5,1145,208,48,2,6,2
slow_growth,0,47,5,1165,211,45,1,3,3
slow_growth,0,48,5,1185,215,41,1,3,3
slow_growth,0,49,5,1202,218,38,2,6,3
slow_growth,0,50,5,1219,220,36,2,7,4
slow_growth,0,51,5,1240,224,32,1,3,4
slow_growth,0,52,5,1259,227,29,2,7,4
slow_growth,0,53,5,1284,232,24,0,0,4
slow_growth,0,54,5,1303,235,21,2,6,4
slow_growth,0,55,5,1323,238,18,2,6,4
slow_growth,0,56,5,1345,240,16,1,4,5
slow_growth,0,57,5,1365,242,14,2,7,5
slow_growth,0,58,5,1385,243,13,2,7,5
slow_growth,0,59,5,1406,244,12,2,7,5
slow_growth,0,60,4,1427,245,11,2,7,2
slow_growth,0,61,4,1448,246,10,2,7,1
slow_growth,0,62,4,1471,247,9,2,6,1
slow_growth,0,63,4,1493,248,8,2,7,1
slow_growth,0,64,4,1517,249,7,2,6,1
slow_growth,0,65,4,1540,249,7,2,7,1
slow_growth,0,66,4,1568,250,6,1,3,1
slow_growth,0,67,4,1595,251,5,1,3,1
slow_growth,0,68,4,1620,251,5,2,7,1
slow_growth,0,69,4,1645,251,5,2,7,1
slow_growth,0,70,4,1671,251,5,2,7,1
slow_growth,0,71,4,1695,251,5,2,9,1
slow_growth,0,72,4,1721,251,5,2,8,1
slow_growth,0,73,4,1747,251,5,2,8,1
slow_growth,0,74,4,1773,251,5,2,8,1
slow_growth,0,75,4,1800,251,5,2,9,1
slow_growth,0,76,4,1828,251,5,2,8,1
slow_growth,0,77,4,1856,251,5,2,8,1
slow_growth,0,78,4,1889,252,4,1,4,1
slow_growth,0,79,4,1918,252,4,2,9,1
slow_growth,0,80,4,1946,252,4,2,9,1
slow_growth,0,81,4,1975,252,4,2,10,1
slow_growth,0,82,4,2005,252,4,2,9,1
slow_growth,0,83,4,2036,252,4,2,9,2
slow_growth,0,84,4,2066,252,4,2,10,2
slow_growth,0,85,4,2096,252,4,2,11,2
slow_growth,0,86,4,2128,252,4,2,10,2
slow_growth,0,87,4,2160,252,4,2,10,3
slow_growth,0,88,4,2194,252,4,2,9,3
slow_growth,0,89,4,2220,252,4,3,17,3
slow_growth,0,90,4,2248,252,4,3,16,2
slow_growth,0,91,4,2277,252,4,3,16,2
slow_growth,0,92,4,2305,252,4,3,17,2
slow_growth,0,93,4,2334,252,4,3,17,2
slow_growth,0,94,4,2363,252,4,3,17,2
slow_growth,0,95,4,2393,252,4,3,17,2
slow_growth,0,96,4,2430,253,3,2,10,2
slow_growth,0,97,4,2459,253,3,3,19,2
slow_growth,0,98,4,2491,253,3,3,17,2
slow_growth,0,99,4,2525,253,3,3,16,2
slow_growth,0,100,4,2555,253,3,3,19,2
slow_growth,0,101,4,2589,253,3,3,17,2
slow_growth,0,102,4,2627,254,2,2,13,2
slow_growth,0,103,4,2660,254,2,3,19,2
slow_growth,0,104,4,2699,254,2,2,14,2
slow_growth,0,105,4,2732,254,2,3,20,2
slow_growth,0,106,4,2768,254,2,3,18,2
slow_growth,0,107,4,2803,254,2,3,20,2
slow_growth,0,108,4,2839,254,2,3,19,2
slow_growth,0,109,4,2874,254,2,3,21,2
slow_growth,0,110,4,2909,254,2,3,22,2
slow_growth,0,111,4,2946,254,2,3,21,2
slow_growth,0,112,4,2983,254,2,3,21,2
slow_growth,0,113,4,3020,254,2,3,22,2
slow_growth,0,114,4,3058,254,2,3,22,2
slow_growth,0,115,4,3104,255,1,2,14,2
slow_growth,0,116,4,3143,255,1,3,22,2
slow_growth,0,117,4,3183,255,1,3,23,2
slow_growth,0,118,4,3222,255,1,3,23,2
slow_growth,0,119,4,3262,255,1,3,24,2
slow_growth,0,120,4,3306,255,1,3,21,2
slow_growth,0,121,4,3349,255,1,3,22,2
slow_growth,0,122,4,3398,255,1,2,17,3
slow_growth,0,123,4,3442,255,1,3,23,3
slow_growth,0,124,4,3485,255,1,3,25,3
slow_growth,0,125,4,3537,256,0,2,16,3
slow_growth,0,126,4,3583,256,0,3,24,3
slow_growth,0,127,4,3628,256,0,3,26,3
slow_growth,0,128,4,3672,256,0,3,27,3
slow_growth,0,129,4,3718,256,0,3,27,3
slow_growth,0,130,4,3768,256,0,3,23,3
slow_growth,0,131,4,3816,256,0,3,27,3
slow_growth,0,132,4,3867,256,0,3,25,3
slow_growth,0,133,4,3916,256,0,3,27,3
slow_growth,0,134,4,3968,256,0,3,25,3
slow_growth,0,135,4,4017,256,0,3,30,3
slow_growth,0,136,4,4069,256,0,3,27,3
slow_growth,0,137,4,4122,256,0,3,27,3
slow_growth,0,138,4,4176,256,0,3,27,3
slow_growth,0,139,4,4228,256,0,3,31,3
slow_growth,0,140,4,4282,256,0,3,29,3
slow_growth,0,141,4,4335,256,0,3,31,3
slow_growth,0,142,4,4393,256,0,3,28,3
slow_growth,0,143,4,4446,256,0,3,33,3
slow_growth,0,144,4,4506,256,0,3,27,3
slow_growth,0,145,3,4566,256,0,3,29,1
slow_growth,0,146,3,4629,256,0,3,26,1
slow_growth,0,147,3,4692,256,0,3,28,1
slow_growth,0,148,3,4758,256,0,3,27,1
slow_growth,0,149,3,4823,256,0,3,28,1
slow_growth,0,150,3,4885,256,0,3,32,1
slow_growth,0,151,3,4953,256,0,3,27,1
slow_growth,0,152,3,5019,256,0,3,32,1
slow_growth,0,153,3,5090,256,0,3,28,1
slow_growth,0,154,3,5158,256,0,3,32,1
slow_growth,0,155,3,5227,256,0,3,32,1
slow_growth,0,156,3,5302,256,0,3,27,1
slow_growth,0,157,3,5377,256,0,3,30,1
slow_growth,0,158,3,5449,256,0,3,33,1
slow_growth,0,159,3,5522,256,0,3,34,1
slow_growth,0,160,3,5600,256,0,3,30,1
slow_growth,0,161,3,5681,256,0,3,29,1
slow_growth,0,162,3,5758,256,0,3,34,1
slow_growth,0,163,3,5837,256,0,3,34,1
slow_growth,0,164,3,5921,256,0,3,31,1
slow_growth,0,165,3,6004,256,0,3,33,1
slow_growth,0,166,3,6093,256,0,3,28,1
slow_growth,0,167,3,6177,256,0,3,35,1
slow_growth,0,168,3,6262,256,0,3,35,1
slow_growth,0,169,3,6351,256,0,3,34,1
slow_growth,0,170,3,6441,256,0,3,35,1
slow_growth,0,171,3,6536,256,0,3,30,1
slow_growth,0,172,3,6636,256,0,3,28,1
slow_growth,0,173,3,6732,256,0,3,33,1
slow_growth,0,174,3,6836,256,0,3,27,1
slow_growth,0,175,3,6935,256,0,3,34,1
slow_growth,0,176,3,7042,256,0,3,28,1
slow_growth,0,177,3,7147,256,0,3,32,1
slow_growth,0,178,3,7259,256,0,3,27,1
slow_growth,0,179,3,7368,256,0,3,33,1
slow_growth,0,180,3,7486,256,0,3,25,1
slow_growth,0,181,3,7601,256,0,3,30,1
slow_growth,0,182,3,7727,256,0,3,22,1
slow_growth,0,183,3,7853,256,0,3,25,1
slow_growth,0,184,3,7977,256,0,3,28,1
slow_growth,0,185,3,8113,256,0,3,19,1
slow_growth,0,186,2,8251,253,3,3,24,1
slow_growth,0,187,2,8411,254,2,0,0,1
slow_growth,0,188,2,8574,255,1,0,0,1
slow_growth,0,189,2,8740,256,0,0,0,1
slow_growth,0,190,2,8910,256,0,0,0,1
slow_growth,0,191,2,9082,256,0,0,0,1
slow_growth,0,192,2,9258,256,0,0,0,1
slow_growth,0,193,2,9436,256,0,0,0,1
slow_growth,0,194,2,9619,256,0,0,0,1
slow_growth,0,195,2,9804,256,0,0,0,1
slow_growth,0,196,2,9993,256,0,0,0,1
slow_growth,0,197,2,10186,256,0,0,0,1
slow_growth,0,198,2,10382,256,0,0,0,1
slow_growth,0,199,2,10581,256,0,0,0,1
slow_growth,0,200,2,10785,256,0,0,0,1
slow_growth,0,201,2,10992,256,0,0,0,1
slow_growth,0,202,2,11203,256,0,0,0,1
slow_growth,0,203,2,11418,256,0,0,0,1
slow_growth,0,204,2,11637,256,0,0,0,1
slow_growth,0,205,2,11859,256,0,0,0,1
slow_growth,0,206,2,12086,256,0,0,0,1
slow_growth,0,207,2,12317,256,0,0,0,1
slow_growth,0,208,2,12552,256,0,0,0,1
slow_growth,0,209,2,12792,256,0,0,0,1
slow_growth,0,210,2,13036,256,0,0,0,1
slow_growth,0,211,2,13284,256,0,0,0,1
slow_growth,0,212,2,13537,256,0,0,0,1
slow_growth,0,213,2,13794,256,0,0,0,1
slow_growth,0,214,2,14056,256,0,0,0,1
slow_growth,0,215,2,14322,256,0,0,0,1
slow_growth,0,216,2,14594,256,0,0,0,1
slow_growth,0,217,2,14870,256,0,0,0,1
slow_growth,0,218,2,15151,256,0,0,0,1
slow_growth,0,219,2,15437,256,0,0,0,1
slow_growth,0,220,2,15728,256,0,0,0,1
slow_growth,0,221,2,16025,256,0,0,0,1
slow_growth,0,222,2,16326,256,0,0,0,1
slow_growth,0,223,2,16633,256,0,0,0,1
slow_growth,0,224,2,16946,256,0,0,0,1
slow_growth,0,225,2,17264,256,0,0,0,1
slow_growth,0,226,2,17587,256,0,0,0,1
slow_growth,0,227,2,17916,256,0,0,0,1
slow_growth,0,228,2,18251,256,0,0,0,1
slow_growth,0,229,2,18591,256,0,0,0,1
slow_growth,0,230,2,18938,256,0,0,0,1
slow_growth,0,231,2,19290,256,0,0,0,1
slow_growth,0,232,2,19649,256,0,0,0,1
slow_growth,0,233,2,20013,256,0,0,0,1
slow_growth,0,234,2,20384,256,0,0,0,1
slow_growth,0,235,2,20761,256,0,0,0,1
slow_growth,0,236,2,21145,256,0,0,0,1
slow_growth,0,237,2,21535,256,0,0,0,1
slow_growth,0,238,2,21932,256,0,0,0,1
slow_growth,0,239,2,22335,256,0,0,0,1
slow_growth,0,240,2,22745,256,0,0,0,1
slow_growth,0,241,2,23162,256,0,0,0,1
slow_growth,0,242,2,23586,256,0,0,0,1
slow_growth,0,243,2,24017,256,0,0,0,1
slow_growth,0,244,2,24455,256,0,0,0,1
slow_growth,0,245,2,24900,256,0,0,0,1
slow_growth,0,246,2,25353,256,0,0,0,1
slow_growth,0,247,2,25812,256,0,0,0,1
slow_growth,0,248,2,26280,256,0,0,0,1
slow_growth,0,249,2,26755,256,0,0,0,1
slow_growth,0,250,2,27237,256,0,0,0,1
slow_growth,0,251,2,27728,256,0,0,0,1
slow_growth,0,252,2,28226,256,0,0,0,1
slow_growth,0,253,2,28732,256,0,0,0,1
slow_growth,0,254,2,29246,256,0,0,0,1
slow_growth,0,255,2,29769,256,0,0,0,1
slow_growth,0,256,2,30299,256,0,0,0,1
slow_growth,0,257,2,30838,256,0,0,0,1
slow_growth,0,258,2,31385,256,0,0,0,1
slow_growth,0,259,2,31940,256,0,0,0,1
slow_growth,0,260,2,32505,256,0,0,0,1
slow_growth,0,261,2,33077,256,0,0,0,1
slow_growth,0,262,2,33659,256,0,0,0,1
slow_growth,0,263,2,34249,256,0,0,0,1
slow_growth,0,264,2,34848,256,0,0,0,1
slow_growth,0,265,2,35456,256,0,0,0,1
slow_growth,0,266,2,36073,256,0,0,0,1
slow_growth,0,267,2,36700,256,0,0,0,1
slow_growth,0,268,2,37335,256,0,0,0,1
slow_growth,0,269,2,37980,256,0,0,0,1
slow_growth,0,270,2,38634,256,0,0,0,1
slow_growth,0,271,2,39298,256,0,0,0,1
slow_growth,0,272,2,39971,256,0,0,0,1
slow_growth,0,273,2,40653,256,0,0,0,1
slow_growth,0,274,2,41345,256,0,0,0,1
slow_growth,0,275,2,42047,256,0,0,0,1
slow_growth,0,276,2,42759,256,0,0,0,1
slow_growth,0,277,2,43481,256,0,0,0,1
slow_growth,0,278,2,44212,256,0,0,0,1
slow_growth,0,279,2,44954,256,0,0,0,1
slow_growth,0,280,2,45705,256,0,0,0,1
slow_growth,0,281,2,46467,256,0,0,0,1
slow_growth,0,282,2,47239,256,0,0,0,1
slow_growth,0,283,2,48020,256,0,0,0,1
slow_growth,0,284,2,48813,256,0,0,0,1
slow_growth,0,285,2,49615,256,0,0,0,1
slow_growth,0,286,2,50428,256,0,0,0,1
slow_growth,0,287,2,51251,256,0,0,0,1
slow_growth,0,288,2,52084,256,0,0,0,1
slow_growth,0,289,2,52928,256,0,0,0,1
slow_growth,0,290,2,53782,256,0,0,0,1
slow_growth,0,291,2,54647,256,0,0,0,1
slow_growth,0,292,2,55522,256,0,0,0,1
slow_growth,0,293,2,56408,256,0,0,0,1
slow_growth,0,294,2,57304,256,0,0,0,1
slow_growth,0,295,2,58211,256,0,0,0,1
slow_growth,0,296,2,59129,256,0,0,0,1
slow_growth,0,297,2,60057,256,0,0,0,1
slow_growth,0,298,2,60995,256,0,0,0,1
slow_growth,0,299,2,61944,256,0,0,0,1
slow_growth,0,300,2,62904,256,0,0,0,1
one_aggressor,0,1,5,522,10,246,0,0,0
one_aggressor,0,2,5,547,15,241,0,0,0
one_aggressor,0,3,5,574,20,236,0,0,0
one_aggressor,0,4,5,601,25,231,0,0,0
one_aggressor,0,5,5,631,30,226,0,0,0
one_aggressor,0,6,5,662,35,221,0,0,0
one_aggressor,0,7,5,694,40,216,0,0,0
one_aggressor,0,8,5,728,45,211,0,0,0
one_aggressor,0,9,5,764,50,206,0,0,0
one_aggressor,0,10,5,802,55,201,0,0,0
one_aggressor,0,11,5,841,60,196,0,0,0
one_aggressor,0,12,5,883,65,191,0,0,0
one_aggressor,0,13,5,926,70,186,0,0,0
one_aggressor,0,14,5,972,75,181,0,0,0
one_aggressor,0,15,5,1020,80,176,0,0,0
one_aggressor,0,16,5,1070,85,171,0,0,0
one_aggressor,0,17,5,1123,90,166,0,0,0
one_aggressor,0,18,5,1179,95,161,0,0,0
one_aggressor,0,19,5,1237,100,156,0,0,0
one_aggressor,0,20,5,1290,102,154,1,7,1
one_aggressor,0,21,5,1347,106,150,1,7,1
one_aggressor,0,22,5,1406,110,146,1,8,1
one_aggressor,0,23,5,1467,114,142,1,8,1
one_aggressor,0,24,5,1532,118,138,1,8,1
one_aggressor,0,25,5,1599,122,134,1,9,1
one_aggressor,0,26,5,1671,126,130,1,7,1
one_aggressor,0,27,5,1746,130,126,1,7,1
one_aggressor,0,28,5,1825,134,122,1,7,1
one_aggressor,0,29,5,1907,138,118,1,8,1
one_aggressor,0,30,5,1993,142,114,1,9,1
one_aggressor,0,31,5,2082,145,111,1,9,2
one_aggressor,0,32,5,2175,149,107,1,9,2
one_aggressor,0,33,5,2283,154,102,0,0,2
one_aggressor,0,34,5,2386,158,98,1,9,2
one_aggressor,0,35,5,2494,161,95,1,10,3
one_aggressor,0,36,5,2607,165,91,1,10,3
one_aggressor,0,37,5,2726,169,87,1,10,3
one_aggressor,0,38,5,2850,173,83,1,10,3
one_aggressor,0,39,5,2981,177,79,1,10,3
one_aggressor,0,40,5,3119,181,75,1,9,3
one_aggressor,0,41,5,3261,185,71,1,11,3
one_aggressor,0,42,5,3411,189,67,1,11,3
one_aggressor,0,43,5,3570,191,65,1,9,5
one_aggressor,0,44,5,3736,195,61,1,9,5
one_aggressor,0,45,5,3911,199,57,1,9,5
one_aggressor,0,46,5,4092,203,53,1,11,5
one_aggressor,0,47,5,4283,207,49,1,10,5
one_aggressor,0,48,5,4483,211,45,1,10,5
one_aggressor,0,49,5,4692,214,42,1,12,6
one_aggressor,0,50,5,4912,218,38,1,10,6
one_aggressor,0,51,5,5141,222,34,1,12,6
one_aggressor,0,52,5,5382,226,30,1,11,6
one_aggressor,0,53,5,5635,229,27,1,11,6
one_aggressor,0,54,5,5898,231,25,1,13,6
one_aggressor,0,55,5,6173,233,23,1,13,6
one_aggressor,0,56,5,6463,235,21,1,11,7
one_aggressor,0,57,5,6767,237,19,1,12,7
one_aggressor,0,58,5,7085,240,16,1,12,7
one_aggressor,0,59,4,7416,242,14,1,14,3
one_aggressor,0,60,4,7763,244,12,1,14,3
one_aggressor,0,61,4,8125,246,10,1,15,3
one_aggressor,0,62,4,8507,247,9,1,13,4
one_aggressor,0,63,4,8905,248,8,1,14,4
one_aggressor,0,64,4,9320,248,8,1,17,4
one_aggressor,0,65,4,9756,248,8,1,15,4
one_aggressor,0,66,4,10211,248,8,1,16,5
one_aggressor,0,67,4,10687,248,8,1,16,5
one_aggressor,0,68,4,11182,248,8,1,20,5
one_aggressor,0,69,4,11701,248,8,1,18,6
one_aggressor,0,70,4,12245,249,7,1,19,6
one_aggressor,0,71,4,12813,249,7,1,20,7
one_aggressor,0,72,4,13391,250,6,1,35,7
one_aggressor,0,73,4,13995,251,5,1,37,6
one_aggressor,0,74,4,14628,252,4,1,33,6
one_aggressor,0,75,4,15284,253,3,1,41,6
one_aggressor,0,76,3,15973,254,2,1,36,2
one_aggressor,0,77,3,16690,254,2,1,38,1
one_aggressor,0,78,3,17433,254,2,1,40,1
one_aggressor,0,79,3,18208,254,2,1,41,1
one_aggressor,0,80,3,19007,254,2,1,50,1
one_aggressor,0,81,3,19839,254,2,1,53,1
one_aggressor,0,82,3,20711,254,2,1,47,1
one_aggressor,0,83,3,21668,255,1,0,0,1
one_aggressor,0,84,3,22606,255,1,1,60,2
one_aggressor,0,85,3,23580,255,1,1,63,2
one_aggressor,0,86,3,24592,255,1,1,66,2
one_aggressor,0,87,3,25643,255,1,1,69,2
one_aggressor,0,88,3,26744,255,1,1,62,2
one_aggressor,0,89,3,27887,255,1,1,64,3
one_aggressor,0,90,3,29140,256,0,0,0,3
one_aggressor,0,91,3,30443,256,0,0,0,3
one_aggressor,0,92,3,31797,256,0,0,0,3
one_aggressor,0,93,2,33204,256,0,0,0,0
one_aggressor,0,94,2,34648,256,0,0,0,0
one_aggressor,0,95,2,36146,256,0,0,0,0
one_aggressor,0,96,2,37698,256,0,0,0,0
one_aggressor,0,97,2,39306,256,0,0,0,0
one_aggressor,0,98,2,40969,256,0,0,0,0
one_aggressor,0,99,2,42690,256,0,0,0,0
one_aggressor,0,100,2,44468,256,0,0,0,0
one_aggressor,0,101,2,46305,256,0,0,0,0
one_aggressor,0,102,2,48202,256,0,0,0,0
one_aggressor,0,103,2,50158,256,0,0,0,0
one_aggressor,0,104,2,52175,256,0,0,0,0
one_aggressor,0,105,2,54252,256,0,0,0,0
one_aggressor,0,106,2,56389,256,0,0,0,0
one_aggressor,0,107,2,58588,256,0,0,0,0
one_aggressor,0,108,2,60846,256,0,0,0,0
one_aggressor,0,109,2,63166,256,0,0,0,0
one_aggressor,0,110,2,65544,256,0,0,0,0
one_aggressor,0,111,2,67983,256,0,0,0,0
one_aggressor,0,112,2,70479,256,0,0,0,0
one_aggressor,0,113,2,73033,256,0,0,0,0
one_aggressor,0,114,2,75642,256,0,0,0,0
one_aggressor,0,115,2,78307,256,0,0,0,0
one_aggressor,0,116,2,81024,256,0,0,0,0
one_aggressor,0,117,2,83793,256,0,0,0,0
one_aggressor,0,118,2,86611,256,0,0,0,0
one_aggressor,0,119,2,89477,256,0,0,0,0
one_aggressor,0,120,2,92387,256,0,0,0,0
one_aggressor,0,121,2,95339,256,0,0,0,0
one_aggressor,0,122,2,98330,256,0,0,0,0
one_aggressor,0,123,2,101358,256,0,0,0,0
one_aggressor,0,124,2,104420,256,0,0,0,0
one_aggressor,0,125,2,107511,256,0,0,0,0
one_aggressor,0,126,2,110629,256,0,0,0,0
one_aggressor,0,127,2,113770,256,0,0,0,0
one_aggressor,0,128,2,116930,256,0,0,0,0
one_aggressor,0,129,2,120106,256,0,0,0,0
one_aggressor,0,130,2,123293,256,0,0,0,0
one_aggressor,0,131,2,126489,256,0,0,0,0
one_aggressor,0,132,2,129688,256,0,0,0,0
one_aggressor,0,133,2,132888,256,0,0,0,0
one_aggressor,0,134,2,136083,256,0,0,0,0
one_aggressor,0,135,2,139270,256,0,0,0,0
one_aggressor,0,136,2,142445,256,0,0,0,0
one_aggressor,0,137,2,145604,256,0,0,0,0
one_aggressor,0,138,2,148743,256,0,0,0,0
one_aggressor,0,139,2,151859,256,0,0,0,0
one_aggressor,0,140,2,154948,256,0,0,0,0
one_aggressor,0,141,2,158006,256,0,0,0,0
one_aggressor,0,142,2,161030,256,0,0,0,0
one_aggressor,0,143,2,164016,256,0,0,0,0
one_aggressor,0,144,2,166963,256,0,0,0,0
one_aggressor,0,145,2,169866,256,0,0,0,0
one_aggressor,0,146,2,172724,256,0,0,0,0
one_aggressor,0,147,2,175533,256,0,0,0,0
one_aggressor,0,148,2,178292,256,0,0,0,0
one_aggressor,0,149,2,180998,256,0,0,0,0
one_aggressor,0,150,2,183649,256,0,0,0,0
one_aggressor,0,151,2,186244,256,0,0,0,0
one_aggressor,0,152,2,188781,256,0,0,0,0
one_aggressor,0,153,2,191260,256,0,0,0,0
one_aggressor,0,154,2,193678,256,0,0,0,0
one_aggressor,0,155,2,196035,256,0,0,0,1
one_aggressor,0,156,2,199013,256,0,0,0,1
one_aggressor,0,157,2,201932,256,0,0,0,1
one_aggressor,0,158,2,204788,256,0,0,0,1
one_aggressor,0,159,2,207581,256,0,0,0,1
one_aggressor,0,160,2,210309,256,0,0,0,1
one_aggressor,0,161,2,212971,256,0,0,0,1
one_aggressor,0,162,2,215566,256,0,0,0,1
one_aggressor,0,163,2,218094,256,0,0,0,1
one_aggressor,0,164,2,220553,256,0,0,0,1
one_aggressor,0,165,2,222943,256,0,0,0,1
one_aggressor,0,166,2,225265,256,0,0,0,1
one_aggressor,0,167,2,227518,256,0,0,0,1
one_aggressor,0,168,2,229703,256,0,0,0,1
one_aggressor,0,169,2,231820,256,0,0,0,1
one_aggressor,0,170,2,233869,256,0,0,0,1
one_aggressor,0,171,2,235851,256,0,0,0,1
one_aggressor,0,172,2,237767,256,0,0,0,1
one_aggressor,0,173,2,239617,256,0,0,0,1
one_aggressor,0,174,2,241403,256,0,0,0,1
one_aggressor,0,175,2,243126,256,0,0,0,1
one_aggressor,0,176,2,244787,256,0,0,0,1
one_aggressor,0,177,2,246387,256,0,0,0,1
one_aggressor,0,178,2,247927,256,0,0,0,1
one_aggressor,0,179,2,249410,256,0,0,0,1
one_aggressor,0,180,2,250835,256,0,0,0,1
one_aggressor,0,181,2,252205,256,0,0,0,1
one_aggressor,0,182,2,253522,256,0,0,0,1
one_aggressor,0,183,2,254786,256,0,0,0,1
one_aggressor,0,184,2,255999,256,0,0,0,1
one_aggressor,0,185,2,257162,256,0,0,0,1
one_aggressor,0,186,2,258278,256,0,0,0,1
one_aggressor,0,187,2,259348,256,0,0,0,1
one_aggressor,0,188,2,260372,256,0,0,0,1
one_aggressor,0,189,2,261354,256,0,0,0,1
one_aggressor,0,190,2,262293,256,0,0,0,1
one_aggressor,0,191,2,263192,256,0,0,0,1
one_aggressor,0,192,2,264053,256,0,0,0,1
one_aggressor,0,193,2,264875,256,0,0,0,1
one_aggressor,0,194,2,265662,256,0,0,0,1
one_aggressor,0,195,2,266414,256,0,0,0,1
one_aggressor,0,196,2,267132,256,0,0,0,1
one_aggressor,0,197,2,267818,256,0,0,0,1
one_aggressor,0,198,2,268474,256,0,0,0,1
one_aggressor,0,199,2,269099,256,0,0,0,1
one_aggressor,0,200,2,269697,256,0,0,0,1
one_aggressor,0,201,2,270267,256,0,0,0,1
one_aggressor,0,202,2,270810,256,0,0,0,1
one_aggressor,0,203,2,271329,256,0,0,0,1
one_aggressor,0,204,2,271824,256,0,0,0,1
one_aggressor,0,205,2,272296,256,0,0,0,1
one_aggressor,0,206,2,272746,256,0,0,0,1
one_aggressor,0,207,2,273175,256,0,0,0,1
one_aggressor,0,208,2,273583,256,0,0,0,1
one_aggressor,0,209,2,273973,256,0,0,0,1
one_aggressor,0,210,2,274344,256,0,0,0,1
one_aggressor,0,211,2,274697,256,0,0,0,1
one_aggressor,0,212,2,275034,256,0,0,0,1
one_aggressor,0,213,2,275354,256,0,0,0,1
one_aggressor,0,214,2,275660,256,0,0,0,1
one_aggressor,0,215,2,275951,256,0,0,0,1
one_aggressor,0,216,2,276227,256,0,0,0,1
one_aggressor,0,217,2,276491,256,0,0,0,1
one_aggressor,0,218,2,276742,256,0,0,0,1
one_aggressor,0,219,2,276980,256,0,0,0,1
one_aggressor,0,220,2,277208,256,0,0,0,1
one_aggressor,0,221,2,277424,256,0,0,0,1
one_aggressor,0,222,2,277630,256,0,0,0,1
one_aggressor,0,223,2,277825,256,0,0,0,1
one_aggressor,0,224,2,278011,256,0,0,0,1
one_aggressor,0,225,2,278189,256,0,0,0,1
one_aggressor,0,226,2,278357,256,0,0,0,1
one_aggressor,0,227,2,278517,256,0,0,0,1
one_aggressor,0,228,2,278670,256,0,0,0,1
one_aggressor,0,229,2,278815,256,0,0,0,1
one_aggressor,0,230,2,278953,256,0,0,0,1
one_aggressor,0,231,2,279084,256,0,0,0,1
one_aggressor,0,232,2,279208,256,0,0,0,1
one_aggressor,0,233,2,279327,256,0,0,0,1
one_aggressor,0,234,2,279440,256,0,0,0,1
one_aggressor,0,235,2,279547,256,0,0,0,1
one_aggressor,0,236,2,279649,256,0,0,0,1
one_aggressor,0,237,2,279746,256,0,0,0,1
one_aggressor,0,238,2,279838,256,0,0,0,1
one_aggressor,0,239,2,279925,256,0,0,0,1
one_aggressor,0,240,2,280009,256,0,0,0,1
one_aggressor,0,241,2,280088,256,0,0,0,1
one_aggressor,0,242,2,280163,256,0,0,0,1
one_aggressor,0,243,2,280234,256,0,0,0,1
one_aggressor,0,244,2,280302,256,0,0,0,1
one_aggressor,0,245,2,280367,256,0,0,0,1
one_aggressor,0,246,2,280428,256,0,0,0,1
one_aggressor,0,247,2,280487,256,0,0,0,1
one_aggressor,0,248,2,280542,256,0,0,0,1
one_aggressor,0,249,2,280595,256,0,0,0,1
one_aggressor,0,250,2,280645,256,0,0,0,1
one_aggressor,0,251,2,280693,256,0,0,0,1
one_aggressor,0,252,2,280738,256,0,0,0,1
one_aggressor,0,253,2,280781,256,0,0,0,1
one_aggressor,0,254,2,280822,256,0,0,0,1
one_aggressor,0,255,2,280860,256,0,0,0,1
one_aggressor,0,256,2,280897,256,0,0,0,1
one_aggressor,0,257,2,280932,256,0,0,0,1
one_aggressor,0,258,2,280966,256,0,0,0,1
one_aggressor,0,259,2,280997,256,0,0,0,1
one_aggressor,0,260,2,281027,256,0,0,0,1
one_aggressor,0,261,2,281056,256,0,0,0,1
one_aggressor,0,262,2,281083,256,0,0,0,1
one_aggressor,0,263,2,281109,256,0,0,0,1
one_aggressor,0,264,2,281133,256,0,0,0,1
one_aggressor,0,265,2,281157,256,0,0,0,1
one_aggressor,0,266,2,281179,256,0,0,0,1
one_aggressor,0,267,2,281200,256,0,0,0,1
one_aggressor,0,268,2,281220,256,0,0,0,1
one_aggressor,0,269,2,281239,256,0,0,0,1
one_aggressor,0,270,2,281257,256,0,0,0,1
one_aggressor,0,271,2,281274,256,0,0,0,1
one_aggressor,0,272,2,281290,256,0,0,0,1
one_aggressor,0,273,2,281306,256,0,0,0,1
one_aggressor,0,274,2,281320,256,0,0,0,1
one_aggressor,0,275,2,281334,256,0,0,0,1
one_aggressor,0,276,2,281348,256,0,0,0,1
one_aggressor,0,277,2,281360,256,0,0,0,1
one_aggressor,0,278,2,281372,256,0,0,0,1
one_aggressor,0,279,2,281384,256,0,0,0,1
one_aggressor,0,280,2,281394,256,0,0,0,1
one_aggressor,0,281,2,281405,256,0,0,0,1
one_aggressor,0,282,2,281414,256,0,0,0,1
one_aggressor,0,283,2,281424,256,0,0,0,1
one_aggressor,0,284,2,281433,256,0,0,0,1
one_aggressor,0,285,2,281441,256,0,0,0,1
one_aggressor,0,286,2,281449,256,0,0,0,1
one_aggressor,0,287,2,281456,256,0,0,0,1
one_aggressor,0,288,2,281464,256,0,0,0,1
one_aggressor,0,289,2,281470,256,0,0,0,1
one_aggressor,0,290,2,281477,256,0,0,0,1
one_aggressor,0,291,2,281483,256,0,0,0,1
one_aggressor,0,292,2,281489,256,0,0,0,1
one_aggressor,0,293,2,281494,256,0,0,0,1
one_aggressor,0,294,2,281500,256,0,0,0,1
one_aggressor,0,295,2,281505,256,0,0,0,1
one_aggressor,0,296,2,281509,256,0,0,0,1
one_aggressor,0,297,2,281514,256,0,0,0,1
one_aggressor,0,298,2,281518,256,0,0,0,1
one_aggressor,0,299,2,281522,256,0,0,0,1
one_aggressor,0,300,2,281526,256,0,0,0,1
many_aggressors,0,1,5,522,10,246,0,0,0
many_aggressors,0,2,5,547,15,241,0,0,0
many_aggressors,0,3,5,574,20,236,0,0,0
many_aggressors,0,4,5,601,25,231,0,0,0
many_aggressors,0,5,5,631,30,226,0,0,0
many_aggressors,0,6,5,662,35,221,0,0,0
many_aggressors,0,7,5,694,40,216,0,0,0
many_aggressors,0,8,5,728,45,211,0,0,0
many_aggressors,0,9,5,764,50,206,0,0,0
many_aggressors,0,10,5,802,55,201,0,0,0
many_aggressors,0,11,5,841,60,196,0,0,0
many_aggressors,0,12,5,883,65,191,0,0,0
many_aggressors,0,13,5,926,70,186,0,0,0
many_aggressors,0,14,5,972,75,181,0,0,0
many_aggressors,0,15,5,1020,80,176,0,0,0
many_aggressors,0,16,5,1070,85,171,0,0,0
many_aggressors,0,17,5,1123,90,166,0,0,0
many_aggressors,0,18,5,1179,95,161,0,0,0
many_aggressors,0,19,5,1237,100,156,0,0,0
many_aggressors,0,20,5,1283,103,153,2,15,0
many_aggressors,0,21,5,1320,105,151,3,26,0
many_aggressors,0,22,5,1362,107,149,3,24,0
many_aggressors,0,23,5,1404,109,147,3,25,0
many_aggressors,0,24,5,1448,111,145,3,25,0
many_aggressors,0,25,5,1502,114,142,2,17,0
many_aggressors,0,26,5,1557,117,139,2,19,0
many_aggressors,0,27,5,1605,119,137,3,29,0
many_aggressors,0,28,5,1649,119,137,4,35,0
many_aggressors,0,29,5,1693,120,136,4,38,0
many_aggressors,0,30,5,1740,121,135,4,36,0
many_aggressors,0,31,5,1799,123,133,3,27,0
many_aggressors,0,32,5,1859,125,131,3,28,0
many_aggressors,0,33,5,1915,126,130,4,36,0
many_aggressors,0,34,5,1973,127,129,4,36,0
many_aggressors,0,35,5,2044,129,127,3,26,0
many_aggressors,0,36,5,2110,130,126,4,35,0
many_aggressors,0,37,5,2177,131,125,4,36,0
many_aggressors,0,38,5,2246,132,124,4,38,0
many_aggressors,0,39,5,2321,133,123,4,36,0
many_aggressors,0,40,5,2396,134,122,4,39,0
many_aggressors,0,41,5,2477,135,121,4,37,0
many_aggressors,0,42,5,2560,136,120,4,38,0
many_aggressors,0,43,5,2647,137,119,4,38,0
many_aggressors,0,44,5,2740,138,118,4,37,0
many_aggressors,0,45,5,2832,139,117,4,42,0
many_aggressors,0,46,5,2936,140,116,4,34,0
many_aggressors,0,47,5,3044,141,115,4,36,0
many_aggressors,0,48,5,3165,143,113,3,28,0
many_aggressors,0,49,5,3284,144,112,4,35,0
many_aggressors,0,50,5,3409,145,111,4,35,0
many_aggressors,0,51,5,3540,146,110,4,35,0
many_aggressors,0,52,5,3676,147,109,4,37,0
many_aggressors,0,53,5,3835,150,106,2,19,0
many_aggressors,0,54,5,3988,151,105,4,34,0
many_aggressors,0,55,5,4152,151,105,4,30,0
many_aggressors,0,56,5,4323,152,104,4,30,0
many_aggressors,0,57,5,4496,153,103,4,37,0
many_aggressors,0,58,5,4679,155,101,3,35,0
many_aggressors,0,59,5,4864,156,100,4,42,0
many_aggressors,0,60,5,5064,157,99,4,35,0
many_aggressors,0,61,5,5278,158,98,4,30,0
many_aggressors,0,62,5,5501,159,97,4,32,0
many_aggressors,0,63,5,5736,160,96,4,30,0
many_aggressors,0,64,5,5986,161,95,4,26,0
many_aggressors,0,65,5,6223,162,94,4,50,0
many_aggressors,0,66,5,6481,163,93,4,41,0
many_aggressors,0,67,4,6750,163,93,4,41,0
many_aggressors,0,68,4,7010,163,93,4,63,0
many_aggressors,0,69,4,7259,163,93,4,86,0
many_aggressors,0,70,4,7518,163,93,4,87,0
many_aggressors,0,71,4,7787,163,93,4,88,0
many_aggressors,0,72,4,8073,163,93,4,84,0
many_aggressors,0,73,4,8365,163,93,4,90,0
many_aggressors,0,74,4,8667,163,93,4,94,0
many_aggressors,0,75,4,8987,163,93,4,90,0
many_aggressors,0,76,4,9353,164,92,3,57,0
many_aggressors,0,77,4,9708,164,92,4,84,0
many_aggressors,0,78,3,10097,162,94,4,81,0
many_aggressors,0,79,3,10471,162,94,3,98,0
many_aggressors,0,80,3,10903,163,93,2,56,0
many_aggressors,0,81,3,11301,163,93,3,109,0
many_aggressors,0,82,3,11713,163,93,3,112,0
many_aggressors,0,83,3,12140,163,93,3,115,0
many_aggressors,0,84,3,12581,163,93,3,119,0
many_aggressors,0,85,3,13035,163,93,3,124,0
many_aggressors,0,86,3,13500,163,93,3,133,0
many_aggressors,0,87,3,13977,163,93,3,140,0
many_aggressors,0,88,3,14469,163,93,3,145,0
many_aggressors,0,89,3,14969,163,93,3,156,0
many_aggressors,0,90,3,15496,163,93,3,151,0
many_aggressors,0,91,3,16029,163,93,3,165,0
many_aggressors,0,92,3,16642,164,92,2,106,0
many_aggressors,0,93,3,17297,165,91,2,89,0
many_aggressors,0,94,3,17914,165,91,3,153,0
many_aggressors,0,95,3,18588,166,90,2,120,0
many_aggressors,0,96,3,19233,166,90,3,176,0
many_aggressors,0,97,3,19846,166,90,3,232,0
many_aggressors,0,98,3,20474,166,90,3,241,0
many_aggressors,0,99,3,21120,166,90,3,245,0
many_aggressors,0,100,3,21842,167,89,2,194,0
many_aggressors,0,101,3,22526,167,89,3,259,0
many_aggressors,0,102,3,23304,168,88,2,190,0
many_aggressors,0,103,3,24036,168,88,3,264,0
many_aggressors,0,104,3,24804,168,88,3,255,0
many_aggressors,0,105,3,25581,168,88,3,272,0
many_aggressors,0,106,3,26363,168,88,3,294,0
many_aggressors,0,107,3,27171,168,88,3,294,0
many_aggressors,0,108,3,27989,168,88,3,311,0
many_aggressors,0,109,3,28845,168,88,3,299,0
many_aggressors,0,110,3,29819,169,87,2,209,0
many_aggressors,0,111,3,30730,169,87,3,305,0
many_aggressors,0,112,3,31660,169,87,3,315,0
many_aggressors,0,113,3,32589,169,87,3,344,0
many_aggressors,0,114,3,33548,169,87,3,341,0
many_aggressors,0,115,3,34515,169,87,3,361,0
many_aggressors,0,116,3,35512,169,87,3,359,0
many_aggressors,0,117,3,36540,169,87,3,355,0
many_aggressors,0,118,3,37554,169,87,3,397,0
many_aggressors,0,119,3,38586,169,87,3,407,0
many_aggressors,0,120,3,39639,169,87,3,414,0
many_aggressors,0,121,3,40736,169,87,3,396,0
many_aggressors,0,122,3,41827,169,87,3,430,0
many_aggressors,0,123,3,42975,169,87,3,400,0
many_aggressors,0,124,3,44109,169,87,3,440,0
many_aggressors,0,125,3,45304,170,86,2,403,0
many_aggressors,0,126,3,46527,171,85,2,405,0
many_aggressors,0,127,3,47702,171,85,3,483,0
many_aggressors,0,128,3,48897,171,85,3,489,0
many_aggressors,0,129,3,50139,171,85,3,465,0
many_aggressors,0,130,3,51336,171,85,3,535,0
many_aggressors,0,131,3,52574,171,85,3,517,0
many_aggressors,0,132,3,53806,171,85,3,545,0
many_aggressors,0,133,3,55170,172,84,2,432,0
many_aggressors,0,134,3,56482,172,84,3,512,0
many_aggressors,0,135,3,57808,172,84,3,518,0
many_aggressors,0,136,3,59335,173,83,2,337,0
many_aggressors,0,137,3,60667,173,83,3,556,0
many_aggressors,0,138,3,62040,173,83,3,531,0
many_aggressors,0,139,3,63402,173,83,3,555,0
many_aggressors,0,140,3,64739,173,83,3,596,0
many_aggressors,0,141,3,66085,173,83,3,603,0
many_aggressors,0,142,3,67446,173,83,3,600,0
many_aggressors,0,143,3,68834,173,83,3,583,0
many_aggressors,0,144,3,70232,173,83,3,585,0
many_aggressors,0,145,3,71601,173,83,3,624,0
many_aggressors,0,146,3,72957,173,83,3,643,0
many_aggressors,0,147,3,74602,174,82,2,362,0
many_aggressors,0,148,3,76180,174,82,3,442,0
many_aggressors,0,149,3,77752,174,82,3,458,0
many_aggressors,0,150,3,79328,174,82,3,465,0
many_aggressors,0,151,3,80918,174,82,3,461,0
many_aggressors,0,152,3,82554,174,82,3,426,0
many_aggressors,0,153,3,84189,174,82,3,430,0
many_aggressors,0,154,3,85828,174,82,3,436,0
many_aggressors,0,155,3,87529,174,82,3,381,0
many_aggressors,0,156,3,89232,174,82,3,376,0
many_aggressors,0,157,3,90960,174,82,3,358,0
many_aggressors,0,158,2,92948,172,84,3,292,0
many_aggressors,0,159,2,94350,172,84,2,712,0
many_aggressors,0,160,2,95734,172,84,2,723,0
many_aggressors,0,161,2,97047,172,84,2,785,0
many_aggressors,0,162,2,98456,172,84,2,682,0
many_aggressors,0,163,2,99844,172,84,2,693,0
many_aggressors,0,164,2,101212,172,84,2,702,0
many_aggressors,0,165,2,102505,172,84,2,765,0
many_aggressors,0,166,2,103779,172,84,2,774,0
many_aggressors,0,167,2,105033,172,84,2,783,0
many_aggressors,0,168,2,106256,172,84,2,803,0
many_aggressors,0,169,2,107397,172,84,2,868,0
many_aggressors,0,170,2,108993,173,83,1,401,0
many_aggressors,0,171,2,110103,173,83,2,885,0
many_aggressors,0,172,2,111317,173,83,2,768,0
many_aggressors,0,173,2,112446,173,83,2,834,0
many_aggressors,0,174,2,113544,173,83,2,852,0
many_aggressors,0,175,2,114614,173,83,2,860,0
many_aggressors,0,176,2,115668,173,83,2,859,0
many_aggressors,0,177,2,116697,173,83,2,867,0
many_aggressors,0,178,2,117704,173,83,2,874,0
many_aggressors,0,179,2,118678,173,83,2,892,0
many_aggressors,0,180,2,119697,173,83,2,826,0
many_aggressors,0,181,2,120627,173,83,2,897,0
many_aggressors,0,182,2,121599,173,83,2,838,0
many_aggressors,0,183,2,122478,173,83,2,911,0
many_aggressors,0,184,2,123326,173,83,2,926,0
many_aggressors,0,185,2,124148,173,83,2,933,0
many_aggressors,0,186,2,125425,174,82,1,459,0
many_aggressors,0,187,2,126217,174,82,2,944,0
many_aggressors,0,188,2,126994,174,82,2,940,0
many_aggressors,0,189,2,127673,174,82,2,1022,0
many_aggressors,0,190,2,128940,175,81,1,419,0
many_aggressors,0,191,2,129667,175,81,2,954,0
many_aggressors,0,192,2,130442,175,81,2,890,0
many_aggressors,0,193,2,131123,175,81,2,965,0
many_aggressors,0,194,2,131706,175,81,2,1048,0
many_aggressors,0,195,2,132347,175,81,2,975,0
many_aggressors,0,196,2,133041,175,81,2,908,0
many_aggressors,0,197,2,133562,175,81,2,1063,0
many_aggressors,0,198,2,134217,175,81,2,916,0
many_aggressors,0,199,2,134848,175,81,2,921,0
many_aggressors,0,200,2,135948,176,80,1,436,0
many_aggressors,0,201,2,136482,176,80,2,999,0
many_aggressors,0,202,2,137514,177,79,1,488,0
many_aggressors,0,203,2,138105,177,79,2,933,0
many_aggressors,0,204,2,138594,177,79,2,1018,0
many_aggressors,0,205,2,139072,177,79,2,1013,0
many_aggressors,0,206,2,139609,177,79,2,943,0
many_aggressors,0,207,2,139972,177,79,2,1102,0
many_aggressors,0,208,2,140394,177,79,2,1031,0
many_aggressors,0,209,2,140802,177,79,2,1032,0
many_aggressors,0,210,2,141200,177,79,2,1029,0
many_aggressors,0,211,2,141576,177,79,2,1040,0
many_aggressors,0,212,2,141863,177,79,2,1118,0
many_aggressors,0,213,2,142215,177,79,2,1043,0
many_aggressors,0,214,2,142635,177,79,2,964,0
many_aggressors,0,215,2,143039,177,79,2,967,0
many_aggressors,0,216,2,143430,177,79,2,969,0
many_aggressors,0,217,2,143729,177,79,2,1048,0
many_aggressors,0,218,2,144094,177,79,2,974,0
many_aggressors,0,219,2,144832,178,78,1,590,0
many_aggressors,0,220,2,145110,178,78,2,1061,0
many_aggressors,0,221,2,145976,179,77,1,463,0
many_aggressors,0,222,2,146244,179,77,2,1064,0
many_aggressors,0,223,2,147051,180,76,1,516,0
many_aggressors,0,224,2,147327,180,76,2,1058,0
many_aggressors,0,225,2,147593,180,76,2,1060,0
many_aggressors,0,226,2,147850,180,76,2,1062,0
many_aggressors,0,227,2,148098,180,76,2,1064,0
many_aggressors,0,228,2,148338,180,76,2,1066,0
many_aggressors,0,229,2,149162,181,75,1,474,0
many_aggressors,0,230,2,149314,181,75,2,1152,0
many_aggressors,0,231,2,149545,181,75,2,1068,0
many_aggressors,0,232,2,149768,181,75,2,1070,0
many_aggressors,0,233,2,149979,181,75,2,1076,0
many_aggressors,0,234,2,150747,182,74,1,510,0
many_aggressors,0,235,2,150879,182,74,2,1157,0
many_aggressors,0,236,2,151169,182,74,2,994,0
many_aggressors,0,237,2,151364,182,74,2,1080,0
many_aggressors,0,238,2,151468,182,74,2,1163,0
many_aggressors,0,239,2,151734,182,74,2,998,0
many_aggressors,0,240,2,151902,182,74,2,1086,0
many_aggressors,0,241,2,152069,182,74,2,1080,0
many_aggressors,0,242,2,152231,182,74,2,1082,0
many_aggressors,0,243,2,152386,182,74,2,1083,0
many_aggressors,0,244,2,152530,182,74,2,1091,0
many_aggressors,0,245,2,152673,182,74,2,1085,0
many_aggressors,0,246,2,152808,182,74,2,1090,0
many_aggressors,0,247,2,152933,182,74,2,1094,0
many_aggressors,0,248,2,153059,182,74,2,1087,0
many_aggressors,0,249,2,153261,182,74,2,1009,0
many_aggressors,0,250,2,153942,183,73,1,522,0
many_aggressors,0,251,2,154149,183,73,2,1009,0
many_aggressors,0,252,2,154264,183,73,2,1095,0
many_aggressors,0,253,2,154458,183,73,2,1010,0
many_aggressors,0,254,2,154563,183,73,2,1092,0
many_aggressors,0,255,2,154664,183,73,2,1094,0
many_aggressors,0,256,2,154759,183,73,2,1098,0
many_aggressors,0,257,2,154852,183,73,2,1095,0
many_aggressors,0,258,2,154942,183,73,2,1096,0
many_aggressors,0,259,2,155028,183,73,2,1097,0
many_aggressors,0,260,2,155109,183,73,2,1100,0
many_aggressors,0,261,2,155182,183,73,2,1103,0
many_aggressors,0,262,2,155339,183,73,2,1016,0
many_aggressors,0,263,2,155408,183,73,2,1098,0
many_aggressors,0,264,2,155390,183,73,2,1184,0
many_aggressors,0,265,2,155539,183,73,2,1018,0
many_aggressors,0,266,2,155682,183,73,2,1017,0
many_aggressors,0,267,2,155819,183,73,2,1019,0
many_aggressors,0,268,2,155868,183,73,2,1101,0
many_aggressors,0,269,2,155917,183,73,2,1102,0
many_aggressors,0,270,2,155963,183,73,2,1102,0
many_aggressors,0,271,2,156090,183,73,2,1022,0
many_aggressors,0,272,2,156212,183,73,2,1021,0
many_aggressors,0,273,2,156240,183,73,2,1110,0
many_aggressors,0,274,2,156354,183,73,2,1022,0
many_aggressors,0,275,2,156295,183,73,2,1191,0
many_aggressors,0,276,2,156325,183,73,2,1103,0
many_aggressors,0,277,2,156936,184,72,1,523,0
many_aggressors,0,278,2,156897,184,72,2,1188,0
many_aggressors,0,279,2,156945,184,72,2,1102,0
many_aggressors,0,280,2,157073,184,72,2,1022,0
many_aggressors,0,281,2,157692,185,71,1,526,0
many_aggressors,0,282,2,157664,185,71,2,1188,0
many_aggressors,0,283,2,157722,185,71,2,1103,0
many_aggressors,0,284,2,157861,185,71,2,1020,0
many_aggressors,0,285,2,157992,185,71,2,1022,0
many_aggressors,0,286,2,158119,185,71,2,1023,0
many_aggressors,0,287,2,158741,186,70,1,522,0
many_aggressors,0,288,2,158791,186,70,2,1110,0
many_aggressors,0,289,2,158844,186,70,2,1103,0
many_aggressors,0,290,2,158978,186,70,2,1021,0
many_aggressors,0,291,2,159023,186,70,2,1105,0
many_aggressors,0,292,2,158982,186,70,2,1190,0
many_aggressors,0,293,2,159109,186,70,2,1023,0
many_aggressors,0,294,2,159233,186,70,2,1022,0
many_aggressors,0,295,2,159265,186,70,2,1108,0
many_aggressors,0,296,2,159299,186,70,2,1103,0
many_aggressors,0,297,2,159324,186,70,2,1111,0
many_aggressors,0,298,2,159933,187,69,1,526,0
many_aggressors,0,299,2,160063,187,69,2,1020,0
many_aggressors,0,300,2,160186,187,69,2,1023,0
deterrence,0,1,5,522,10,246,0,0,0
deterrence,0,2,5,547,15,241,0,0,0
deterrence,0,3,5,574,20,236,0,0,0
deterrence,0,4,5,601,25,231,0,0,0
deterrence,0,5,5,631,30,226,0,0,0
deterrence,0,6,5,662,35,221,0,0,0
deterrence,0,7,5,694,40,216,0,0,0
deterrence,0,8,5,728,45,211,0,0,0
deterrence,0,9,5,764,50,206,0,0,0
deterrence,0,10,5,802,55,201,0,0,0
deterrence,0,11,5,841,60,196,0,0,0
deterrence,0,12,5,883,65,191,0,0,0
deterrence,0,13,5,926,70,186,0,0,0
deterrence,0,14,5,972,75,181,0,0,0
deterrence,0,15,5,1020,80,176,0,0,0
deterrence,0,16,5,1070,85,171,0,0,0
deterrence,0,17,5,1123,90,166,0,0,0
deterrence,0,18,5,1179,95,161,0,0,0
deterrence,0,19,5,1237,100,156,0,0,0
deterrence,0,20,5,1283,103,153,2,15,0
deterrence,0,21,5,1320,105,151,3,26,0
deterrence,0,22,5,1362,107,149,3,24,0
deterrence,0,23,5,1404,109,147,3,25,0
deterrence,0,24,5,1448,111,145,3,25,0
deterrence,0,25,5,1502,114,142,2,17,0
deterrence,0,26,5,1557,117,139,2,19,0
deterrence,0,27,5,1605,119,137,3,29,0
deterrence,0,28,5,1657,120,136,3,28,0
deterrence,0,29,5,1710,121,135,3,28,1
deterrence,0,30,5,1767,123,133,3,27,1
deterrence,0,31,5,1827,125,131,3,27,1
deterrence,0,32,5,1890,127,129,3,27,1
deterrence,0,33,5,1953,129,127,3,30,1
deterrence,0,34,5,2030,132,124,2,20,1
deterrence,0,35,5,2098,134,122,3,32,1
deterrence,0,36,5,2182,137,119,2,19,1
deterrence,0,37,5,2260,139,117,3,29,1
deterrence,0,38,5,2342,141,115,3,30,1
deterrence,0,39,5,2427,143,113,3,30,1
deterrence,0,40,5,2517,145,111,3,29,1
deterrence,0,41,5,2609,146,110,3,32,1
deterrence,0,42,5,2707,147,109,3,30,1
deterrence,0,43,5,2806,148,108,3,33,1
deterrence,0,44,5,2910,149,107,3,34,1
deterrence,0,45,5,3019,150,106,3,34,1
deterrence,0,46,5,3133,152,104,3,34,1
deterrence,0,47,5,3250,153,103,3,37,2
deterrence,0,48,5,3383,156,100,2,26,2
deterrence,0,49,5,3515,158,98,3,34,2
deterrence,0,50,5,3650,160,96,3,36,2
deterrence,0,51,5,3790,162,94,3,38,2
deterrence,0,52,5,3945,164,92,3,30,2
deterrence,0,53,5,4105,166,90,3,32,2
deterrence,0,54,5,4271,168,88,3,35,2
deterrence,0,55,5,4457,171,85,2,23,2
deterrence,0,56,5,4642,173,83,3,32,2
deterrence,0,57,5,4834,175,81,3,34,2
deterrence,0,58,5,5035,177,79,3,34,2
deterrence,0,59,5,5242,178,78,3,37,3
deterrence,0,60,5,5459,180,76,3,38,3
deterrence,0,61,5,5685,181,75,3,38,4
deterrence,0,62,5,5937,184,72,2,24,4
deterrence,0,63,5,6214,188,68,1,11,4
deterrence,0,64,5,6490,190,66,2,24,4
deterrence,0,65,5,6782,192,64,2,23,5
deterrence,0,66,5,7083,194,62,2,26,6
deterrence,0,67,5,7376,196,60,3,49,6
deterrence,0,68,5,7677,198,58,3,54,6
deterrence,0,69,4,7980,198,58,3,66,2
deterrence,0,70,4,8263,198,58,4,101,1
deterrence,0,71,4,8558,198,58,4,101,1
deterrence,0,72,4,8853,198,58,4,114,1
deterrence,0,73,4,9164,198,58,4,113,1
deterrence,0,74,4,9487,198,58,4,114,1
deterrence,0,75,4,9823,198,58,4,116,1
deterrence,0,76,4,10165,198,58,4,125,1
deterrence,0,77,4,10524,198,58,4,123,1
deterrence,0,78,4,10947,199,57,3,75,1
deterrence,0,79,4,11343,199,57,4,122,1
deterrence,0,80,4,11755,199,57,4,123,1
deterrence,0,81,4,12176,199,57,4,133,1
deterrence,0,82,4,12607,199,57,4,141,1
deterrence,0,83,4,13046,199,57,4,152,1
deterrence,0,84,4,13518,199,57,4,138,1
deterrence,0,85,4,14016,199,57,4,132,1
deterrence,0,86,4,14568,200,56,3,100,1
deterrence,0,87,3,15118,198,58,4,147,1
deterrence,0,88,3,15702,199,57,2,115,1
deterrence,0,89,3,16318,200,56,2,109,1
deterrence,0,90,3,16947,201,55,2,121,1
deterrence,0,91,3,17608,202,54,2,117,1
deterrence,0,92,3,18292,203,53,2,121,1
deterrence,0,93,3,19000,203,53,2,126,1
deterrence,0,94,3,19733,204,52,2,130,1
deterrence,0,95,3,20567,205,51,1,60,2
deterrence,0,96,3,21354,206,50,2,140,2
deterrence,0,97,3,22145,207,49,2,169,2
deterrence,0,98,3,22986,208,48,2,150,2
deterrence,0,99,3,23845,209,47,2,166,2
deterrence,0,100,3,24818,211,45,1,87,2
deterrence,0,101,3,25739,212,44,2,178,2
deterrence,0,102,3,26703,213,43,2,170,2
deterrence,0,103,3,27699,214,42,2,176,2
deterrence,0,104,3,28713,214,42,2,196,2
deterrence,0,105,3,29759,215,41,2,202,2
deterrence,0,106,3,30821,216,40,2,225,2
deterrence,0,107,3,31931,217,39,2,218,2
deterrence,0,108,3,33076,217,39,2,222,2
deterrence,0,109,3,34272,218,38,2,213,2
deterrence,0,110,3,35604,220,36,1,120,2
deterrence,0,111,3,36857,221,35,2,246,2
deterrence,0,112,3,38167,222,34,2,234,2
deterrence,0,113,3,39494,223,33,2,263,2
deterrence,0,114,3,40879,224,32,2,249,2
deterrence,0,115,3,42302,225,31,2,258,2
deterrence,0,116,3,43642,225,31,3,389,2
deterrence,0,117,3,45035,225,31,3,378,2
deterrence,0,118,3,46424,225,31,3,425,2
deterrence,0,119,3,47817,225,31,3,465,2
deterrence,0,120,3,49283,225,31,3,434,2
deterrence,0,121,3,50791,225,31,3,436,2
deterrence,0,122,3,52308,225,31,3,470,2
deterrence,0,123,3,53900,225,31,3,439,2
deterrence,0,124,3,55496,225,31,3,478,2
deterrence,0,125,3,57302,226,30,2,311,2
deterrence,0,126,3,59298,228,28,1,173,2
deterrence,0,127,3,61191,229,27,2,334,2
deterrence,0,128,3,63468,231,25,0,0,2
deterrence,0,129,3,65486,232,24,2,321,2
deterrence,0,130,3,67717,234,22,1,160,2
deterrence,0,131,3,69806,234,22,2,360,2
deterrence,0,132,3,71957,234,22,2,345,2
deterrence,0,133,3,74085,234,22,2,413,2
deterrence,0,134,3,76514,235,21,1,156,2
deterrence,0,135,3,78776,235,21,2,372,2
deterrence,0,136,3,81044,235,21,2,408,2
deterrence,0,137,3,83308,235,21,2,453,2
deterrence,0,138,3,85664,235,21,2,399,2
deterrence,0,139,3,88046,235,21,2,408,2
deterrence,0,140,3,90454,235,21,2,418,2
deterrence,0,141,3,92843,235,21,2,468,2
deterrence,0,142,3,95251,235,21,2,480,2
deterrence,0,143,3,97686,235,21,2,481,2
deterrence,0,144,3,100096,235,21,2,533,2
deterrence,0,145,3,102594,235,21,2,468,2
deterrence,0,146,3,105276,236,20,1,306,2
deterrence,0,147,3,107807,236,20,2,487,2
deterrence,0,148,3,110263,236,20,2,579,2
deterrence,0,149,3,112806,236,20,2,506,2
deterrence,0,150,3,115350,236,20,2,517,2
deterrence,0,151,3,117855,236,20,2,565,2
deterrence,0,152,3,120397,236,20,2,536,2
deterrence,0,153,3,122843,236,20,2,636,2
deterrence,0,154,3,125575,237,19,1,351,2
deterrence,0,155,3,128106,237,19,2,565,3
deterrence,0,156,3,130624,237,19,2,576,3
deterrence,0,157,3,133349,238,18,1,365,3
deterrence,0,158,3,136165,239,17,1,281,3
deterrence,0,159,3,138606,239,17,2,658,3
deterrence,0,160,3,141078,239,17,2,617,3
deterrence,0,161,3,143858,240,16,1,298,3
deterrence,0,162,3,146239,240,16,2,693,3
deterrence,0,163,3,148898,241,15,1,399,3
deterrence,0,164,3,151240,241,15,2,713,3
deterrence,0,165,3,153287,241,15,2,989,3
deterrence,0,166,2,155980,241,15,1,325,0
deterrence,0,167,2,158242,242,14,1,473,0
deterrence,0,168,2,160192,242,14,2,772,0
deterrence,0,169,2,161973,242,14,2,909,0
deterrence,0,170,2,163844,242,14,2,788,0
deterrence,0,171,2,165675,242,14,2,794,0
deterrence,0,172,2,167328,242,14,2,937,0
deterrence,0,173,2,169075,242,14,2,812,0
deterrence,0,174,2,170718,242,14,2,880,0
deterrence,0,175,2,172321,242,14,2,888,0
deterrence,0,176,2,173882,242,14,2,896,0
deterrence,0,177,2,175401,242,14,2,906,0
deterrence,0,178,2,176871,242,14,2,921,0
deterrence,0,179,2,178233,242,14,2,992,0
deterrence,0,180,2,179697,242,14,2,858,0
deterrence,0,181,2,181039,242,14,2,944,0
deterrence,0,182,2,182350,242,14,2,937,0
deterrence,0,183,2,183547,242,14,2,1020,0
deterrence,0,184,2,185326,243,13,1,407,0
deterrence,0,185,2,186536,243,13,2,952,0
deterrence,0,186,2,187779,243,13,2,888,0
deterrence,0,187,2,188912,243,13,2,963,0
deterrence,0,188,2,189931,243,13,2,1047,0
deterrence,0,189,2,190996,243,13,2,972,0
deterrence,0,190,2,192096,243,13,2,908,0
deterrence,0,191,2,193008,243,13,2,1063,0
deterrence,0,192,2,194039,243,13,2,916,0
deterrence,0,193,2,195031,243,13,2,923,0
deterrence,0,194,2,196499,244,12,1,416,0
deterrence,0,195,2,197367,244,12,2,997,0
deterrence,0,196,2,198698,245,11,1,509,0
deterrence,0,197,2,199596,245,11,2,935,0
deterrence,0,198,2,200376,245,11,2,1024,0
deterrence,0,199,2,201142,245,11,2,1009,0
deterrence,0,200,2,201950,245,11,2,945,0
deterrence,0,201,2,202659,245,11,2,1016,0
deterrence,0,202,2,203412,245,11,2,951,0
deterrence,0,203,2,203982,245,11,2,1108,0
deterrence,0,204,2,204615,245,11,2,1026,0
deterrence,0,205,2,205208,245,11,2,1047,0
deterrence,0,206,2,205703,245,11,2,1120,0
deterrence,0,207,2,206254,245,11,2,1047,0
deterrence,0,208,2,206793,245,11,2,1037,0
deterrence,0,209,2,207313,245,11,2,1040,0
deterrence,0,210,2,207817,245,11,2,1040,0
deterrence,0,211,2,208300,245,11,2,1046,0
deterrence,0,212,2,208765,245,11,2,1048,0
deterrence,0,213,2,209735,246,10,1,530,0
deterrence,0,214,2,210706,247,9,1,533,0
deterrence,0,215,2,211764,248,8,1,449,0
deterrence,0,216,2,212284,248,8,2,978,0
deterrence,0,217,2,212713,248,8,2,1049,0
deterrence,0,218,2,213740,249,7,1,437,0
deterrence,0,219,2,214057,249,7,2,1141,0
deterrence,0,220,2,215068,250,6,1,433,0
deterrence,0,221,2,215459,250,6,2,1047,0
deterrence,0,222,2,216344,251,5,1,541,0
deterrence,0,223,2,216797,251,5,2,981,0
deterrence,0,224,2,217161,251,5,2,1052,0
deterrence,0,225,2,217512,251,5,2,1054,0
deterrence,0,226,2,217922,251,5,2,986,0
deterrence,0,227,2,218154,251,5,2,1146,0
deterrence,0,228,2,218376,251,5,2,1147,0
deterrence,0,229,2,218678,251,5,2,1059,0
deterrence,0,230,2,218954,251,5,2,1076,0
deterrence,0,231,2,219228,251,5,2,1063,0
deterrence,0,232,2,219570,251,5,2,988,0
deterrence,0,233,2,219819,251,5,2,1065,0
deterrence,0,234,2,220064,251,5,2,1063,0
deterrence,0,235,2,220300,251,5,2,1064,0
deterrence,0,236,2,220529,251,5,2,1065,0
deterrence,0,237,2,220729,251,5,2,1087,0
deterrence,0,238,2,220935,251,5,2,1069,0
deterrence,0,239,2,221211,251,5,2,992,0
deterrence,0,240,2,221380,251,5,2,1087,0
deterrence,0,241,2,221555,251,5,2,1068,0
deterrence,0,242,2,221799,251,5,2,996,0
deterrence,0,243,2,222475,252,4,1,552,0
deterrence,0,244,2,222722,252,4,2,995,0
deterrence,0,245,2,222962,252,4,2,991,0
deterrence,0,246,2,223117,252,4,2,1064,0
deterrence,0,247,2,223269,252,4,2,1064,0
deterrence,0,248,2,223412,252,4,2,1069,0
deterrence,0,249,2,223629,252,4,2,992,0
deterrence,0,250,2,223758,252,4,2,1069,0
deterrence,0,251,2,223884,252,4,2,1069,0
deterrence,0,252,2,224006,252,4,2,1069,0
deterrence,0,253,2,224130,252,4,2,1064,0
deterrence,0,254,2,224319,252,4,2,996,0
deterrence,0,255,2,224426,252,4,2,1067,0
deterrence,0,256,2,224536,252,4,2,1061,0
deterrence,0,257,2,224644,252,4,2,1061,0
deterrence,0,258,2,224743,252,4,2,1066,0
deterrence,0,259,2,224919,252,4,2,986,0
deterrence,0,260,2,225009,252,4,2,1062,0
deterrence,0,261,2,225096,252,4,2,1061,0
deterrence,0,262,2,225183,252,4,2,1059,0
deterrence,0,263,2,225275,252,4,2,1051,0
deterrence,0,264,2,225430,252,4,2,985,0
deterrence,0,265,2,225584,252,4,2,975,0
deterrence,0,266,2,225631,252,4,2,1071,0
deterrence,0,267,2,225764,252,4,2,975,0
deterrence,0,268,2,225729,252,4,2,1133,0
deterrence,0,269,2,225794,252,4,2,1031,0
deterrence,0,270,2,226335,253,3,1,554,0
deterrence,0,271,2,226422,253,3,2,1028,0
deterrence,0,272,2,226509,253,3,2,1026,0
deterrence,0,273,2,226655,253,3,2,964,0
deterrence,0,274,2,227197,254,2,1,556,0
deterrence,0,275,2,227290,254,2,2,1024,0
deterrence,0,276,2,227289,254,2,2,1114,0
deterrence,0,277,2,227389,254,2,2,1012,0
deterrence,0,278,2,227546,254,2,2,952,0
deterrence,0,279,2,227694,254,2,2,948,0
deterrence,0,280,2,228223,255,1,1,555,0
deterrence,0,281,2,228383,255,1,2,941,0
deterrence,0,282,2,228481,255,1,2,991,0
deterrence,0,283,2,228580,255,1,2,988,0
deterrence,0,284,2,228671,255,1,2,994,0
deterrence,0,285,2,228678,255,1,2,1075,0
deterrence,0,286,2,228770,255,1,2,989,0
deterrence,0,287,2,228932,255,1,2,914,0
deterrence,0,288,2,229028,255,1,2,967,0
deterrence,0,289,2,229126,255,1,2,962,0
deterrence,0,290,2,229122,255,1,2,1061,0
deterrence,0,291,2,229623,256,0,1,555,0
deterrence,0,292,2,229802,256,0,2,892,0
deterrence,0,293,2,229905,256,0,2,952,0
deterrence,0,294,2,230023,256,0,2,933,0
deterrence,0,295,2,230132,256,0,2,940,0
deterrence,0,296,2,230259,256,0,2,918,0
deterrence,0,297,2,230427,256,0,2,873,0
deterrence,0,298,2,230536,256,0,2,912,0
deterrence,0,299,2,230652,256,0,2,902,0
deterrence,0,300,2,230775,256,0,2,890,0
neutrals,0,1,6,627,12,312,0,0,0
neutrals,0,2,6,657,18,306,0,0,0
neutrals,0,3,6,688,24,300,0,0,0
neutrals,0,4,6,722,30,294,0,0,0
neutrals,0,5,6,757,36,288,0,0,0
neutrals,0,6,6,794,42,282,0,0,0
neutrals,0,7,6,833,48,276,0,0,0
neutrals,0,8,6,874,54,270,0,0,0
neutrals,0,9,6,917,60,264,0,0,0
neutrals,0,10,6,962,66,258,0,0,0
neutrals,0,11,6,1009,72,252,0,0,0
neutrals,0,12,6,1059,78,246,0,0,0
neutrals,0,13,6,1111,84,240,0,0,0
neutrals,0,14,6,1166,90,234,0,0,0
neutrals,0,15,6,1224,96,228,0,0,0
neutrals,0,16,6,1284,102,222,0,0,0
neutrals,0,17,6,1340,107,217,1,8,0
neutrals,0,18,6,1398,112,212,1,8,0
neutrals,0,19,6,1460,117,207,1,7,0
neutrals,0,20,6,1525,122,202,1,7,0
neutrals,0,21,6,1592,126,198,1,8,1
neutrals,0,22,6,1662,131,193,1,9,1
neutrals,0,23,6,1736,135,189,1,7,2
neutrals,0,24,6,1805,139,185,2,17,2
neutrals,0,25,6,1876,143,181,2,18,2
neutrals,0,26,6,1951,146,178,2,18,2
neutrals,0,27,6,2030,149,175,2,17,2
neutrals,0,28,6,2113,151,173,2,17,4
neutrals,0,29,6,2199,155,169,2,19,4
neutrals,0,30,6,2289,159,165,2,19,4
neutrals,0,31,6,2386,162,162,2,16,5
neutrals,0,32,6,2487,166,158,2,17,5
neutrals,0,33,6,2593,170,154,2,16,5
neutrals,0,34,6,2704,174,150,2,17,5
neutrals,0,35,6,2821,178,146,2,16,5
neutrals,0,36,6,2941,182,142,2,19,5
neutrals,0,37,6,3068,186,138,2,18,5
neutrals,0,38,6,3200,190,134,2,20,5
neutrals,0,39,6,3339,194,130,2,18,5
neutrals,0,40,6,3495,199,125,1,8,5
neutrals,0,41,6,3650,203,121,2,17,5
neutrals,0,42,6,3811,206,118,2,19,5
neutrals,0,43,6,3978,209,115,2,20,5
neutrals,0,44,6,4154,212,112,2,19,5
neutrals,0,45,6,4347,217,107,1,11,5
neutrals,0,46,6,4539,220,104,2,21,5
neutrals,0,47,6,4743,223,101,2,19,5
neutrals,0,48,6,4957,225,99,2,19,5
neutrals,0,49,6,5177,227,97,2,23,6
neutrals,0,50,6,5409,228,96,2,22,7
neutrals,0,51,6,5650,230,94,2,24,8
neutrals,0,52,6,5905,233,91,2,21,9
neutrals,0,53,6,6170,237,87,2,24,9
neutrals,0,54,6,6450,241,83,2,21,9
neutrals,0,55,6,6742,244,80,2,24,9
neutrals,0,56,6,7049,248,76,2,23,9
neutrals,0,57,6,7367,250,74,2,25,10
neutrals,0,58,6,7700,253,71,2,27,10
neutrals,0,59,6,8062,257,67,1,13,10
neutrals,0,60,6,8425,259,65,2,29,10
neutrals,0,61,6,8808,261,63,2,27,10
neutrals,0,62,6,9209,263,61,2,26,10
neutrals,0,63,6,9629,265,59,2,27,10
neutrals,0,64,6,10066,267,57,2,30,10
neutrals,0,65,6,10523,269,55,2,31,10
neutrals,0,66,6,11000,272,52,2,32,10
neutrals,0,67,6,11498,275,49,2,32,10
neutrals,0,68,6,12017,277,47,2,36,10
neutrals,0,69,6,12558,280,44,2,37,10
neutrals,0,70,6,13126,282,42,2,36,10
neutrals,0,71,6,13719,284,40,2,37,10
neutrals,0,72,6,14339,286,38,2,38,10
neutrals,0,73,6,14989,288,36,2,37,10
neutrals,0,74,6,15664,290,34,2,41,10
neutrals,0,75,6,16369,292,32,2,42,10
neutrals,0,76,6,17105,295,29,2,44,10
neutrals,0,77,6,17874,297,27,2,45,10
neutrals,0,78,6,18679,298,26,2,43,10
neutrals,0,79,6,19520,299,25,2,43,9
neutrals,0,80,6,20393,300,24,2,48,9
neutrals,0,81,6,21304,301,23,2,48,9
neutrals,0,82,6,22254,301,23,2,50,9
neutrals,0,83,6,23243,301,23,2,53,9
neutrals,0,84,6,24280,301,23,2,47,9
neutrals,0,85,6,25353,301,23,2,57,9
neutrals,0,86,6,26469,301,23,2,60,9
neutrals,0,87,6,27634,302,22,2,59,9
neutrals,0,88,6,28842,303,21,2,66,9
neutrals,0,89,6,30099,303,21,2,69,9
neutrals,0,90,6,31411,303,21,2,67,9
neutrals,0,91,6,32806,304,20,1,38,9
neutrals,0,92,6,34173,304,20,2,125,9
neutrals,0,93,6,35604,304,20,2,117,9
neutrals,0,94,6,37080,304,20,2,128,9
neutrals,0,95,6,38605,304,20,2,140,9
neutrals,0,96,6,40205,304,20,2,124,9
neutrals,0,97,6,41864,304,20,2,129,9
neutrals,0,98,6,43562,304,20,2,154,9
neutrals,0,99,6,45319,304,20,2,160,9
neutrals,0,100,6,47153,304,20,2,150,9
neutrals,0,101,6,49050,304,20,2,156,9
neutrals,0,102,6,51012,305,19,2,161,9
neutrals,0,103,6,53024,305,19,2,184,9
neutrals,0,104,6,55130,305,19,2,163,9
neutrals,0,105,6,57304,305,19,2,168,9
neutrals,0,106,6,59519,305,19,2,203,9
neutrals,0,107,6,61814,305,19,2,199,9
neutrals,0,108,6,64188,305,19,2,198,9
neutrals,0,109,6,66615,305,19,2,223,9
neutrals,0,110,6,69112,305,19,2,230,9
neutrals,0,111,6,71832,306,18,1,87,9
neutrals,0,112,6,74513,306,18,2,212,9
neutrals,0,113,6,77246,306,18,2,241,9
neutrals,0,114,6,80063,306,18,2,238,9
neutrals,0,115,6,82952,306,18,2,247,9
neutrals,0,116,6,85929,306,18,2,240,9
neutrals,0,117,6,88980,306,18,2,247,9
neutrals,0,118,6,92064,306,18,2,293,9
neutrals,0,119,6,95242,306,18,2,278,9
neutrals,0,120,6,98463,306,18,2,315,9
neutrals,0,121,6,101779,307,17,2,296,9
neutrals,0,122,6,105159,307,17,2,315,9
neutrals,0,123,6,108618,307,17,2,311,9
neutrals,0,124,6,112143,307,17,2,318,9
neutrals,0,125,6,115699,307,17,2,359,9
neutrals,0,126,6,119331,307,17,2,352,9
neutrals,0,127,6,123045,307,17,2,335,9
neutrals,0,128,5,126781,307,17,2,378,6
neutrals,0,129,5,130450,307,17,2,453,6
neutrals,0,130,5,134156,307,17,2,467,6
neutrals,0,131,5,137864,307,17,2,514,6
neutrals,0,132,5,141639,307,17,2,492,6
neutrals,0,133,5,145443,307,17,2,505,6
neutrals,0,134,5,149270,307,17,2,520,6
neutrals,0,135,5,153077,308,16,2,574,6
neutrals,0,136,5,156918,308,16,2,586,6
neutrals,0,137,5,160854,308,16,2,518,6
neutrals,0,138,5,164714,308,16,2,618,6
neutrals,0,139,5,168621,308,16,2,589,6
neutrals,0,140,5,172865,309,15,1,267,6
neutrals,0,141,5,176741,309,15,2,658,6
neutrals,0,142,5,180654,309,15,2,627,6
neutrals,0,143,5,184555,309,15,2,641,6
neutrals,0,144,5,188805,310,14,1,291,6
neutrals,0,145,5,192681,310,14,2,671,6
neutrals,0,146,5,196483,310,14,2,735,6
neutrals,0,147,5,200305,310,14,2,700,6
neutrals,0,148,5,204048,310,14,2,762,6
neutrals,0,149,5,207806,310,14,2,726,6
neutrals,0,150,5,211468,310,14,2,797,6
neutrals,0,151,5,215204,310,14,2,695,6
neutrals,0,152,5,219223,311,13,1,380,6
neutrals,0,153,5,222762,311,13,2,838,6
neutrals,0,154,5,226373,311,13,2,730,6
neutrals,0,155,5,229875,311,13,2,799,6
neutrals,0,156,5,233261,311,13,2,872,6
neutrals,0,157,5,236712,311,13,2,761,6
neutrals,0,158,5,240044,311,13,2,832,6
neutrals,0,159,5,243249,311,13,2,911,6
neutrals,0,160,5,246453,311,13,2,859,6
neutrals,0,161,5,249659,311,13,2,805,6
neutrals,0,162,5,252731,311,13,2,883,6
neutrals,0,163,5,255739,311,13,2,892,6
neutrals,0,164,5,258608,311,13,2,973,6
neutrals,0,165,5,261483,311,13,2,910,6
neutrals,0,166,5,264222,311,13,2,988,6
neutrals,0,167,5,267031,311,13,2,861,6
neutrals,0,168,5,269635,312,12,2,1005,6
neutrals,0,169,5,272278,312,12,2,954,6
neutrals,0,170,5,274927,312,12,2,888,6
neutrals,0,171,5,277443,313,11,2,958,6
neutrals,0,172,5,279936,313,11,2,968,6
neutrals,0,173,5,282299,314,10,2,1038,6
neutrals,0,174,5,284710,314,10,2,978,6
neutrals,0,175,5,287140,314,10,2,897,6
neutrals,0,176,5,289367,314,10,2,1036,6
neutrals,0,177,5,291522,315,9,2,1049,6
neutrals,0,178,5,293725,315,9,2,991,6
neutrals,0,179,5,296317,316,8,1,542,6
neutrals,0,180,4,298404,317,7,2,1009,5
neutrals,0,181,4,299956,317,7,2,1294,5
neutrals,0,182,4,301557,317,7,2,1199,5
neutrals,0,183,4,303659,318,6,1,652,5
neutrals,0,184,4,305068,318,6,2,1320,4
neutrals,0,185,4,306638,319,5,1,653,4
neutrals,0,186,4,307640,319,5,2,1212,4
neutrals,0,187,4,308608,319,5,2,1218,4
neutrals,0,188,4,309549,319,5,2,1220,4
neutrals,0,189,4,310359,319,5,2,1324,4
neutrals,0,190,4,311329,320,4,2,1138,4
neutrals,0,191,4,312242,320,4,2,1224,4
neutrals,0,192,4,313101,320,4,2,1250,4
neutrals,0,193,4,313959,320,4,2,1221,5
neutrals,0,194,4,315432,320,4,2,1250,5
neutrals,0,195,4,316957,320,4,2,1150,5
neutrals,0,196,4,318243,320,4,2,1344,5
neutrals,0,197,4,319487,320,4,2,1344,5
neutrals,0,198,4,320878,320,4,2,1157,5
neutrals,0,199,4,322116,320,4,2,1268,5
neutrals,0,200,4,323329,320,4,2,1249,5
neutrals,0,201,4,324483,320,4,2,1273,5
neutrals,0,202,4,325701,320,4,2,1166,5
neutrals,0,203,4,326880,320,4,2,1167,5
neutrals,0,204,4,328019,320,4,2,1168,5
neutrals,0,205,4,329005,321,3,2,1284,5
neutrals,0,206,4,330120,322,2,2,1175,5
neutrals,0,207,4,331175,322,2,2,1256,5
neutrals,0,208,4,332084,322,2,2,1369,5
neutrals,0,209,4,333040,322,2,2,1289,5
neutrals,0,210,4,333953,322,2,2,1292,5
neutrals,0,211,4,334922,322,2,2,1198,5
neutrals,0,212,4,335942,322,2,2,1117,5
neutrals,0,213,4,336834,322,2,2,1206,5
neutrals,0,214,4,337778,323,1,2,1124,5
neutrals,0,215,4,339160,324,0,1,710,5
neutrals,0,216,4,339983,324,0,2,1257,5
neutrals,0,217,4,340781,324,0,2,1252,5
neutrals,0,218,4,341340,324,0,2,1460,5
neutrals,0,219,4,342201,324,0,2,1134,4
neutrals,0,220,4,340225,324,0,2,1137,4
neutrals,0,221,4,340509,324,0,2,1238,4
neutrals,0,222,4,340660,324,0,2,1352,4
neutrals,0,223,4,340839,324,0,2,1311,4
neutrals,0,224,4,341109,324,0,2,1222,4
neutrals,0,225,4,341377,324,0,2,1221,4
neutrals,0,226,4,341724,324,0,2,1138,4
neutrals,0,227,4,341975,324,0,2,1221,4
neutrals,0,228,4,342118,324,0,2,1324,4
neutrals,0,229,4,342359,324,0,2,1221,4
neutrals,0,230,4,342597,324,0,2,1221,4
neutrals,0,231,4,342917,324,0,2,1138,4
neutrals,0,232,4,343225,324,0,2,1135,4
neutrals,0,233,4,343435,324,0,2,1220,4
neutrals,0,234,4,343645,324,0,2,1220,4
neutrals,0,235,4,343856,324,0,2,1218,4
neutrals,0,236,4,344041,324,0,2,1242,4
neutrals,0,237,4,344235,324,0,2,1217,4
neutrals,0,238,4,344429,324,0,2,1217,4
neutrals,0,239,4,344707,324,0,2,1133,4
neutrals,0,240,4,344890,324,0,2,1216,4
neutrals,0,241,4,345156,324,0,2,1133,4
neutrals,0,242,4,345327,324,0,2,1217,4
neutrals,0,243,4,345478,324,0,2,1237,4
neutrals,0,244,4,345716,324,0,2,1135,4
neutrals,0,245,4,345841,324,0,2,1238,4
neutrals,0,246,4,345869,324,0,2,1319,4
neutrals,0,247,4,346080,324,0,2,1134,4
neutrals,0,248,4,346281,324,0,2,1134,4
neutrals,0,249,4,346394,324,0,2,1213,4
neutrals,0,250,4,346594,324,0,2,1130,4
neutrals,0,251,4,346784,324,0,2,1130,4
neutrals,0,252,4,346966,324,0,2,1130,4
neutrals,0,253,4,347059,324,0,2,1210,4
neutrals,0,254,4,347157,324,0,2,1209,4
neutrals,0,255,4,347338,324,0,2,1131,4
neutrals,0,256,4,347513,324,0,2,1128,4
neutrals,0,257,4,347681,324,0,2,1127,4
neutrals,0,258,4,347652,324,0,2,1314,4
neutrals,0,259,4,347813,324,0,2,1127,4
neutrals,0,260,4,347962,324,0,2,1130,4
neutrals,0,261,4,347920,324,0,2,1313,4
neutrals,0,262,4,348064,324,0,2,1129,4
neutrals,0,263,4,348125,324,0,2,1204,4
neutrals,0,264,4,348194,324,0,2,1203,4
neutrals,0,265,4,348348,324,0,2,1124,4
neutrals,0,266,4,348495,324,0,2,1123,4
neutrals,0,267,4,348631,324,0,2,1126,4
neutrals,0,268,4,348686,324,0,2,1201,4
neutrals,0,269,4,348827,324,0,2,1122,4
neutrals,0,270,4,348957,324,0,2,1125,4
neutrals,0,271,4,349004,324,0,2,1201,4
neutrals,0,272,4,349140,324,0,2,1119,4
neutrals,0,273,4,349191,324,0,2,1196,4
neutrals,0,274,4,349327,324,0,2,1118,4
neutrals,0,275,4,349377,324,0,2,1197,4
neutrals,0,276,4,349435,324,0,2,1196,4
neutrals,0,277,4,349472,324,0,2,1224,4
neutrals,0,278,4,349601,324,0,2,1119,4
neutrals,0,279,4,349723,324,0,2,1119,4
neutrals,0,280,4,349839,324,0,2,1118,4
neutrals,0,281,4,349948,324,0,2,1117,4
neutrals,0,282,4,349978,324,0,2,1191,4
neutrals,0,283,4,350019,324,0,2,1187,4
neutrals,0,284,4,350066,324,0,2,1189,4
neutrals,0,285,4,350201,324,0,2,1109,4
neutrals,0,286,4,350253,324,0,2,1183,4
neutrals,0,287,4,350385,324,0,2,1111,4
neutrals,0,288,4,350435,324,0,2,1184,4
neutrals,0,289,4,350568,324,0,2,1109,4
neutrals,0,290,4,350624,324,0,2,1178,4
neutrals,0,291,4,350763,324,0,2,1102,4
neutrals,0,292,4,350711,324,0,2,1285,4
neutrals,0,293,4,350771,324,0,2,1175,4
neutrals,0,294,4,350908,324,0,2,1105,4
neutrals,0,295,4,351043,324,0,2,1098,4
neutrals,0,296,4,350987,324,0,2,1280,4
neutrals,0,297,4,351044,324,0,2,1170,4
neutrals,0,298,4,351177,324,0,2,1101,4
neutrals,0,299,4,351199,324,0,2,1204,4
neutrals,0,300,4,351244,324,0,2,1167,4
