scenario,seed,row,column,country,strategy,alive
all_strategies,0,0,0,retaliation-1,retaliation,1
all_strategies,0,0,1,retaliation-1,retaliation,1
all_strategies,0,0,2,retaliation-1,retaliation,1
all_strategies,0,0,3,retaliation-1,retaliation,1
all_strategies,0,0,4,retaliation-1,retaliation,1
all_strategies,0,0,5,retaliation-1,retaliation,1
all_strategies,0,0,6,retaliation-1,retaliation,1
all_strategies,0,0,7,retaliation-1,retaliation,1
all_strategies,0,0,8,retaliation-1,retaliation,1
all_strategies,0,0,9,retaliation-1,retaliation,1
all_strategies,0,0,10,retaliation-1,retaliation,1
all_strategies,0,0,11,retaliation-1,retaliation,1
all_strategies,0,0,12,retaliation-1,retaliation,1
all_strategies,0,0,13,retaliation-1,retaliation,1
all_strategies,0,0,14,retaliation-1,retaliation,1
all_strategies,0,0,15,retaliation-1,retaliation,1
all_strategies,0,1,0,retaliation-1,retaliation,1
all_strategies,0,1,1,retaliation-1,retaliation,1
all_strategies,0,1,2,retaliation-1,retaliation,1
all_strategies,0,1,3,retaliation-1,retaliation,1
all_strategies,0,1,4,retaliation-1,retaliation,1
all_strategies,0,1,5,retaliation-1,retaliation,1
all_strategies,0,1,6,retaliation-1,retaliation,1
all_strategies,0,1,7,retaliation-1,retaliation,1
all_strategies,0,1,8,retaliation-1,retaliation,1
all_strategies,0,1,9,retaliation-1,retaliation,1
all_strategies,0,1,10,retaliation-1,retaliation,1
all_strategies,0,1,11,retaliation-1,retaliation,1
all_strategies,0,1,12,retaliation-1,retaliation,1
all_strategies,0,1,13,retaliation-1,retaliation,1
all_strategies,0,1,14,retaliation-1,retaliation,1
all_strategies,0,1,15,retaliation-1,retaliation,1
all_strategies,0,2,0,retaliation-1,retaliation,1
all_strategies,0,2,1,retaliation-1,retaliation,1
all_strategies,0,2,2,retaliation-1,retaliation,1
all_strategies,0,2,3,retaliation-1,retaliation,1
all_strategies,0,2,4,retaliation-1,retaliation,1
all_strategies,0,2,5,retaliation-1,retaliation,1
all_strategies,0,2,6,retaliation-1,retaliation,1
all_strategies,0,2,7,retaliation-1,retaliation,1
all_strategies,0,2,8,retaliation-1,retaliation,1
all_strategies,0,2,9,retaliation-1,retaliation,1
all_strategies,0,2,10,retaliation-1,retaliation,1
all_strategies,0,2,11,retaliation-1,retaliation,1
all_strategies,0,2,12,retaliation-1,retaliation,1
all_strategies,0,2,13,retaliation-1,retaliation,1
all_strategies,0,2,14,retaliation-1,retaliation,1
all_strategies,0,2,15,retaliation-1,retaliation,1
all_strategies,0,3,0,retaliation-1,retaliation,1
all_strategies,0,3,1,retaliation-1,retaliation,1
all_strategies,0,3,2,retaliation-1,retaliation,1
all_strategies,0,3,3,retaliation-1,retaliation,1
all_strategies,0,3,4,retaliation-1,retaliation,1
all_strategies,0,3,5,retaliation-1,retaliation,1
all_strategies,0,3,6,retaliation-1,retaliation,1
all_strategies,0,3,7,retaliation-1,retaliation,1
all_strategies,0,3,8,retaliation-1,retaliation,1
all_strategies,0,3,9,retaliation-1,retaliation,1
all_strategies,0,3,10,retaliation-1,retaliation,1
all_strategies,0,3,11,retaliation-1,retaliation,1
all_strategies,0,3,12,retaliation-1,retaliation,1
all_strategies,0,3,13,retaliation-1,retaliation,1
all_strategies,0,3,14,retaliation-1,retaliation,1
all_strategies,0,3,15,retaliation-1,retaliation,1
all_strategies,0,4,0,retaliation-1,retaliation,1
all_strategies,0,4,1,retaliation-1,retaliation,1
all_strategies,0,4,2,retaliation-1,retaliation,1
all_strategies,0,4,3,retaliation-1,retaliation,1
all_strategies,0,4,4,retaliation-1,retaliation,1
all_strategies,0,4,5,hegemony-1,hegemony,1
all_strategies,0,4,6,hegemony-1,hegemony,1
all_strategies,0,4,7,hegemony-1,hegemony,1
all_strategies,0,4,8,hegemony-1,hegemony,1
all_strategies,0,4,9,hegemony-1,hegemony,1
all_strategies,0,4,10,retaliation-1,retaliation,1
all_strategies,0,4,11,retaliation-1,retaliation,1
all_strategies,0,4,12,retaliation-1,retaliation,1
all_strategies,0,4,13,retaliation-1,retaliation,1
all_strategies,0,4,14,retaliation-1,retaliation,1
all_strategies,0,4,15,retaliation-1,retaliation,1
all_strategies,0,5,0,retaliation-1,retaliation,1
all_strategies,0,5,1,retaliation-1,retaliation,1
all_strategies,0,5,2,retaliation-1,retaliation,1
all_strategies,0,5,3,hegemony-1,hegemony,1
all_strategies,0,5,4,hegemony-1,hegemony,1
all_strategies,0,5,5,hegemony-1,hegemony,1
all_strategies,0,5,6,hegemony-1,hegemony,1
all_strategies,0,5,7,hegemony-1,hegemony,1
all_strategies,0,5,8,hegemony-1,hegemony,1
all_strategies,0,5,9,hegemony-1,hegemony,1
all_strategies,0,5,10,retaliation-1,retaliation,1
all_strategies,0,5,11,retaliation-1,retaliation,1
all_strategies,0,5,12,retaliation-1,retaliation,1
all_strategies,0,5,13,retaliation-1,retaliation,1
all_strategies,0,5,14,retaliation-1,retaliation,1
all_strategies,0,5,15,retaliation-1,retaliation,1
all_strategies,0,6,0,retaliation-1,retaliation,1
all_strategies,0,6,1,retaliation-1,retaliation,1
all_strategies,0,6,2,retaliation-1,retaliation,1
all_strategies,0,6,3,retaliation-1,retaliation,1
all_strategies,0,6,4,hegemony-1,hegemony,1
all_strategies,0,6,5,retaliation-1,retaliation,1
all_strategies,0,6,6,retaliation-1,retaliation,1
all_strategies,0,6,7,hegemony-1,hegemony,1
all_strategies,0,6,8,hegemony-1,hegemony,1
all_strategies,0,6,9,hegemony-1,hegemony,1
all_strategies,0,6,10,hegemony-1,hegemony,1
all_strategies,0,6,11,hegemony-1,hegemony,1
all_strategies,0,6,12,hegemony-1,hegemony,1
all_strategies,0,6,13,hegemony-1,hegemony,1
all_strategies,0,6,14,retaliation-1,retaliation,1
all_strategies,0,6,15,retaliation-1,retaliation,1
all_strategies,0,7,0,retaliation-1,retaliation,1
all_strategies,0,7,1,retaliation-1,retaliation,1
all_strategies,0,7,2,retaliation-1,retaliation,1
all_strategies,0,7,3,retaliation-1,retaliation,1
all_strategies,0,7,4,retaliation-1,retaliation,1
all_strategies,0,7,5,retaliation-1,retaliation,1
all_strategies,0,7,6,retaliation-1,retaliation,1
all_strategies,0,7,7,hegemony-1,hegemony,1
all_strategies,0,7,8,hegemony-1,hegemony,1
all_strategies,0,7,9,hegemony-1,hegemony,1
all_strategies,0,7,10,retaliation-1,retaliation,1
all_strategies,0,7,11,hegemony-1,hegemony,1
all_strategies,0,7,12,hegemony-1,hegemony,1
all_strategies,0,7,13,retaliation-1,retaliation,1
all_strategies,0,7,14,retaliation-1,retaliation,1
all_strategies,0,7,15,retaliation-1,retaliation,1
all_strategies,0,8,0,retaliation-1,retaliation,1
all_strategies,0,8,1,retaliation-1,retaliation,1
all_strategies,0,8,2,retaliation-1,retaliation,1
all_strategies,0,8,3,retaliation-1,retaliation,1
all_strategies,0,8,4,retaliation-1,retaliation,1
all_strategies,0,8,5,retaliation-1,retaliation,1
all_strategies,0,8,6,retaliation-1,retaliation,1
all_strategies,0,8,7,retaliation-1,retaliation,1
all_strategies,0,8,8,retaliation-1,retaliation,1
all_strategies,0,8,9,retaliation-1,retaliation,1
all_strategies,0,8,10,retaliation-1,retaliation,1
all_strategies,0,8,11,hegemony-1,hegemony,1
all_strategies,0,8,12,hegemony-1,hegemony,1
all_strategies,0,8,13,hegemony-1,hegemony,1
all_strategies,0,8,14,retaliation-1,retaliation,1
all_strategies,0,8,15,retaliation-1,retaliation,1
all_strategies,0,9,0,retaliation-1,retaliation,1
all_strategies,0,9,1,retaliation-1,retaliation,1
all_strategies,0,9,2,retaliation-1,retaliation,1
all_strategies,0,9,3,retaliation-1,retaliation,1
all_strategies,0,9,4,retaliation-1,retaliation,1
all_strategies,0,9,5,hegemony-1,hegemony,1
all_strategies,0,9,6,hegemony-1,hegemony,1
all_strategies,0,9,7,hegemony-1,hegemony,1
all_strategies,0,9,8,hegemony-1,hegemony,1
all_strategies,0,9,9,hegemony-1,hegemony,1
all_strategies,0,9,10,hegemony-1,hegemony,1
all_strategies,0,9,11,hegemony-1,hegemony,1
all_strategies,0,9,12,hegemony-1,hegemony,1
all_strategies,0,9,13,hegemony-1,hegemony,1
all_strategies,0,9,14,retaliation-1,retaliation,1
all_strategies,0,9,15,retaliation-1,retaliation,1
all_strategies,0,10,0,retaliation-1,retaliation,1
all_strategies,0,10,1,retaliation-1,retaliation,1
all_strategies,0,10,2,retaliation-1,retaliation,1
all_strategies,0,10,3,retaliation-1,retaliation,1
all_strategies,0,10,4,retaliation-1,retaliation,1
all_strategies,0,10,5,hegemony-1,hegemony,1
all_strategies,0,10,6,hegemony-1,hegemony,1
all_strategies,0,10,7,hegemony-1,hegemony,1
all_strategies,0,10,8,retaliation-1,retaliation,1
all_strategies,0,10,9,hegemony-1,hegemony,1
all_strategies,0,10,10,hegemony-1,hegemony,1
all_strategies,0,10,11,hegemony-1,hegemony,1
all_strategies,0,10,12,retaliation-1,retaliation,1
all_strategies,0,10,13,hegemony-1,hegemony,1
all_strategies,0,10,14,hegemony-1,hegemony,1
all_strategies,0,10,15,hegemony-1,hegemony,1
all_strategies,0,11,0,retaliation-1,retaliation,1
all_strategies,0,11,1,retaliation-1,retaliation,1
all_strategies,0,11,2,retaliation-1,retaliation,1
all_strategies,0,11,3,retaliation-1,retaliation,1
all_strategies,0,11,4,retaliation-1,retaliation,1
all_strategies,0,11,5,retaliation-1,retaliation,1
all_strategies,0,11,6,retaliation-1,retaliation,1
all_strategies,0,11,7,retaliation-1,retaliation,1
all_strategies,0,11,8,retaliation-1,retaliation,1
all_strategies,0,11,9,retaliation-1,retaliation,1
all_strategies,0,11,10,retaliation-1,retaliation,1
all_strategies,0,11,11,retaliation-1,retaliation,1
all_strategies,0,11,12,retaliation-1,retaliation,1
all_strategies,0,11,13,hegemony-1,hegemony,1
all_strategies,0,11,14,hegemony-1,hegemony,1
all_strategies,0,11,15,hegemony-1,hegemony,1
all_strategies,0,12,0,retaliation-1,retaliation,1
all_strategies,0,12,1,retaliation-1,retaliation,1
all_strategies,0,12,2,retaliation-1,retaliation,1
all_strategies,0,12,3,retaliation-1,retaliation,1
all_strategies,0,12,4,retaliation-1,retaliation,1
all_strategies,0,12,5,retaliation-1,retaliation,1
all_strategies,0,12,6,retaliation-1,retaliation,1
all_strategies,0,12,7,retaliation-1,retaliation,1
all_strategies,0,12,8,retaliation-1,retaliation,1
all_strategies,0,12,9,retaliation-1,retaliation,1
all_strategies,0,12,10,retaliation-1,retaliation,1
all_strategies,0,12,11,retaliation-1,retaliation,1
all_strategies,0,12,12,hegemony-1,hegemony,1
all_strategies,0,12,13,hegemony-1,hegemony,1
all_strategies,0,12,14,hegemony-1,hegemony,1
all_strategies,0,12,15,hegemony-1,hegemony,1
all_strategies,0,13,0,retaliation-1,retaliation,1
all_strategies,0,13,1,retaliation-1,retaliation,1
all_strategies,0,13,2,retaliation-1,retaliation,1
all_strategies,0,13,3,retaliation-1,retaliation,1
all_strategies,0,13,4,retaliation-1,retaliation,1
all_strategies,0,13,5,retaliation-1,retaliation,1
all_strategies,0,13,6,retaliation-1,retaliation,1
all_strategies,0,13,7,retaliation-1,retaliation,1
all_strategies,0,13,8,retaliation-1,retaliation,1
all_strategies,0,13,9,hegemony-1,hegemony,1
all_strategies,0,13,10,hegemony-1,hegemony,1
all_strategies,0,13,11,retaliation-1,retaliation,1
all_strategies,0,13,12,retaliation-1,retaliation,1
all_strategies,0,13,13,hegemony-1,hegemony,1
all_strategies,0,13,14,hegemony-1,hegemony,1
all_strategies,0,13,15,hegemony-1,hegemony,1
all_strategies,0,14,0,retaliation-1,retaliation,1
all_strategies,0,14,1,retaliation-1,retaliation,1
all_strategies,0,14,2,retaliation-1,retaliation,1
all_strategies,0,14,3,retaliation-1,retaliation,1
all_strategies,0,14,4,retaliation-1,retaliation,1
all_strategies,0,14,5,retaliation-1,retaliation,1
all_strategies,0,14,6,retaliation-1,retaliation,1
all_strategies,0,14,7,retaliation-1,retaliation,1
all_strategies,0,14,8,retaliation-1,retaliation,1
all_strategies,0,14,9,retaliation-1,retaliation,1
all_strategies,0,14,10,hegemony-1,hegemony,1
all_strategies,0,14,11,hegemony-1,hegemony,1
all_strategies,0,14,12,hegemony-1,hegemony,1
all_strategies,0,14,13,hegemony-1,hegemony,1
all_strategies,0,14,14,hegemony-1,hegemony,1
all_strategies,0,14,15,hegemony-1,hegemony,1
all_strategies,0,15,0,retaliation-1,retaliation,1
all_strategies,0,15,1,retaliation-1,retaliation,1
all_strategies,0,15,2,retaliation-1,retaliation,1
all_strategies,0,15,3,retaliation-1,retaliation,1
all_strategies,0,15,4,retaliation-1,retaliation,1
all_strategies,0,15,5,retaliation-1,retaliation,1
all_strategies,0,15,6,retaliation-1,retaliation,1
all_strategies,0,15,7,retaliation-1,retaliation,1
all_strategies,0,15,8,retaliation-1,retaliation,1
all_strategies,0,15,9,retaliation-1,retaliation,1
all_strategies,0,15,10,retaliation-1,retaliation,1
all_strategies,0,15,11,retaliation-1,retaliation,1
all_strategies,0,15,12,hegemony-1,hegemony,1
all_strategies,0,15,13,hegemony-1,hegemony,1
all_strategies,0,15,14,hegemony-1,hegemony,1
all_strategies,0,15,15,hegemony-1,hegemony,1
crowded,0,0,0,retaliation-1,retaliation,1
crowded,0,0,1,retaliation-1,retaliation,1
crowded,0,0,2,retaliation-1,retaliation,1
crowded,0,0,3,retaliation-1,retaliation,1
crowded,0,0,4,retaliation-1,retaliation,1
crowded,0,0,5,retaliation-1,retaliation,1
crowded,0,0,6,retaliation-1,retaliation,1
crowded,0,0,7,retaliation-1,retaliation,1
crowded,0,1,0,retaliation-1,retaliation,1
crowded,0,1,1,retaliation-1,retaliation,1
crowded,0,1,2,retaliation-1,retaliation,1
crowded,0,1,3,retaliation-1,retaliation,1
crowded,0,1,4,retaliation-1,retaliation,1
crowded,0,1,5,retaliation-1,retaliation,1
crowded,0,1,6,retaliation-1,retaliation,1
crowded,0,1,7,retaliation-1,retaliation,1
crowded,0,2,0,retaliation-1,retaliation,1
crowded,0,2,1,retaliation-1,retaliation,1
crowded,0,2,2,retaliation-1,retaliation,1
crowded,0,2,3,retaliation-1,retaliation,1
crowded,0,2,4,retaliation-1,retaliation,1
crowded,0,2,5,retaliation-1,retaliation,1
crowded,0,2,6,retaliation-1,retaliation,1
crowded,0,2,7,retaliation-1,retaliation,1
crowded,0,3,0,retaliation-1,retaliation,1
crowded,0,3,1,retaliation-1,retaliation,1
crowded,0,3,2,retaliation-1,retaliation,1
crowded,0,3,3,retaliation-1,retaliation,1
crowded,0,3,4,retaliation-1,retaliation,1
crowded,0,3,5,retaliation-1,retaliation,1
crowded,0,3,6,retaliation-1,retaliation,1
crowded,0,3,7,retaliation-1,retaliation,1
crowded,0,4,0,retaliation-1,retaliation,1
crowded,0,4,1,retaliation-1,retaliation,1
crowded,0,4,2,retaliation-1,retaliation,1
crowded,0,4,3,retaliation-1,retaliation,1
crowded,0,4,4,retaliation-1,retaliation,1
crowded,0,4,5,retaliation-1,retaliation,1
crowded,0,4,6,retaliation-1,retaliation,1
crowded,0,4,7,retaliation-1,retaliation,1
crowded,0,5,0,retaliation-1,retaliation,1
crowded,0,5,1,retaliation-1,retaliation,1
crowded,0,5,2,retaliation-1,retaliation,1
crowded,0,5,3,retaliation-1,retaliation,1
crowded,0,5,4,retaliation-1,retaliation,1
crowded,0,5,5,retaliation-1,retaliation,1
crowded,0,5,6,retaliation-1,retaliation,1
crowded,0,5,7,retaliation-1,retaliation,1
crowded,0,6,0,retaliation-1,retaliation,1
crowded,0,6,1,retaliation-1,retaliation,1
crowded,0,6,2,retaliation-1,retaliation,1
crowded,0,6,3,retaliation-1,retaliation,1
crowded,0,6,4,retaliation-1,retaliation,1
crowded,0,6,5,retaliation-1,retaliation,1
crowded,0,6,6,retaliation-1,retaliation,1
crowded,0,6,7,retaliation-1,retaliation,1
crowded,0,7,0,retaliation-1,retaliation,1
crowded,0,7,1,retaliation-1,retaliation,1
crowded,0,7,2,retaliation-1,retaliation,1
crowded,0,7,3,retaliation-1,retaliation,1
crowded,0,7,4,retaliation-1,retaliation,1
crowded,0,7,5,retaliation-1,retaliation,1
crowded,0,7,6,,,
crowded,0,7,7,,,
spacious,0,0,0,,,
spacious,0,0,1,,,
spacious,0,0,2,,,
spacious,0,0,3,,,
spacious,0,0,4,,,
spacious,0,0,5,,,
spacious,0,0,6,hegemony-1,hegemony,1
spacious,0,0,7,hegemony-1,hegemony,1
spacious,0,0,8,hegemony-1,hegemony,1
spacious,0,0,9,hegemony-1,hegemony,1
spacious,0,0,10,hegemony-1,hegemony,1
spacious,0,0,11,hegemony-1,hegemony,1
spacious,0,0,12,hegemony-1,hegemony,1
spacious,0,0,13,hegemony-1,hegemony,1
spacious,0,0,14,hegemony-1,hegemony,1
spacious,0,0,15,hegemony-1,hegemony,1
spacious,0,0,16,hegemony-1,hegemony,1
spacious,0,0,17,hegemony-1,hegemony,1
spacious,0,0,18,hegemony-1,hegemony,1
spacious,0,0,19,hegemony-1,hegemony,1
spacious,0,0,20,hegemony-1,hegemony,1
spacious,0,0,21,hegemony-1,hegemony,1
spacious,0,0,22,hegemony-1,hegemony,1
spacious,0,0,23,hegemony-1,hegemony,1
spacious,0,0,24,hegemony-1,hegemony,1
spacious,0,0,25,hegemony-1,hegemony,1
spacious,0,1,0,,,
spacious,0,1,1,switzerland-1,switzerland,1
spacious,0,1,2,,,
spacious,0,1,3,,,
spacious,0,1,4,hegemony-1,hegemony,1
spacious,0,1,5,hegemony-1,hegemony,1
spacious,0,1,6,hegemony-1,hegemony,1
spacious,0,1,7,hegemony-1,hegemony,1
spacious,0,1,8,hegemony-1,hegemony,1
spacious,0,1,9,hegemony-1,hegemony,1
spacious,0,1,10,hegemony-1,hegemony,1
spacious,0,1,11,hegemony-1,hegemony,1
spacious,0,1,12,hegemony-1,hegemony,1
spacious,0,1,13,hegemony-1,hegemony,1
spacious,0,1,14,hegemony-1,hegemony,1
spacious,0,1,15,hegemony-1,hegemony,1
spacious,0,1,16,hegemony-1,hegemony,1
spacious,0,1,17,hegemony-1,hegemony,1
spacious,0,1,18,hegemony-1,hegemony,1
spacious,0,1,19,hegemony-1,hegemony,1
spacious,0,1,20,hegemony-1,hegemony,1
spacious,0,1,21,hegemony-1,hegemony,1
spacious,0,1,22,hegemony-1,hegemony,1
spacious,0,1,23,hegemony-1,hegemony,1
spacious,0,1,24,hegemony-1,hegemony,1
spacious,0,1,25,hegemony-1,hegemony,1
spacious,0,2,0,switzerland-1,switzerland,1
spacious,0,2,1,switzerland-1,switzerland,1
spacious,0,2,2,,,
spacious,0,2,3,switzerland-1,switzerland,1
spacious,0,2,4,hegemony-1,hegemony,1
spacious,0,2,5,hegemony-1,hegemony,1
spacious,0,2,6,hegemony-1,hegemony,1
spacious,0,2,7,hegemony-1,hegemony,1
spacious,0,2,8,hegemony-1,hegemony,1
spacious,0,2,9,hegemony-1,hegemony,1
spacious,0,2,10,switzerland-1,switzerland,1
spacious,0,2,11,switzerland-1,switzerland,1
spacious,0,2,12,switzerland-1,switzerland,1
spacious,0,2,13,switzerland-1,switzerland,1
spacious,0,2,14,switzerland-1,switzerland,1
spacious,0,2,15,switzerland-1,switzerland,1
spacious,0,2,16,switzerland-1,switzerland,1
spacious,0,2,17,switzerland-1,switzerland,1
spacious,0,2,18,switzerland-1,switzerland,1
spacious,0,2,19,switzerland-1,switzerland,1
spacious,0,2,20,hegemony-1,hegemony,1
spacious,0,2,21,hegemony-1,hegemony,1
spacious,0,2,22,hegemony-1,hegemony,1
spacious,0,2,23,switzerland-1,switzerland,1
spacious,0,2,24,switzerland-1,switzerland,1
spacious,0,2,25,switzerland-1,switzerland,1
spacious,0,3,0,switzerland-1,switzerland,1
spacious,0,3,1,switzerland-1,switzerland,1
spacious,0,3,2,,,
spacious,0,3,3,switzerland-1,switzerland,1
spacious,0,3,4,switzerland-1,switzerland,1
spacious,0,3,5,switzerland-1,switzerland,1
spacious,0,3,6,switzerland-1,switzerland,1
spacious,0,3,7,switzerland-1,switzerland,1
spacious,0,3,8,switzerland-1,switzerland,1
spacious,0,3,9,switzerland-1,switzerland,1
spacious,0,3,10,switzerland-1,switzerland,1
spacious,0,3,11,switzerland-1,switzerland,1
spacious,0,3,12,switzerland-1,switzerland,1
spacious,0,3,13,switzerland-1,switzerland,1
spacious,0,3,14,switzerland-1,switzerland,1
spacious,0,3,15,switzerland-1,switzerland,1
spacious,0,3,16,switzerland-1,switzerland,1
spacious,0,3,17,switzerland-1,switzerland,1
spacious,0,3,18,switzerland-1,switzerland,1
spacious,0,3,19,switzerland-1,switzerland,1
spacious,0,3,20,switzerland-1,switzerland,1
spacious,0,3,21,switzerland-1,switzerland,1
spacious,0,3,22,hegemony-1,hegemony,1
spacious,0,3,23,switzerland-1,switzerland,1
spacious,0,3,24,switzerland-1,switzerland,1
spacious,0,3,25,switzerland-1,switzerland,1
spacious,0,4,0,switzerland-1,switzerland,1
spacious,0,4,1,switzerland-1,switzerland,1
spacious,0,4,2,switzerland-1,switzerland,1
spacious,0,4,3,switzerland-1,switzerland,1
spacious,0,4,4,switzerland-1,switzerland,1
spacious,0,4,5,switzerland-1,switzerland,1
spacious,0,4,6,switzerland-1,switzerland,1
spacious,0,4,7,switzerland-1,switzerland,1
spacious,0,4,8,switzerland-1,switzerland,1
spacious,0,4,9,switzerland-1,switzerland,1
spacious,0,4,10,switzerland-1,switzerland,1
spacious,0,4,11,switzerland-1,switzerland,1
spacious,0,4,12,switzerland-1,switzerland,1
spacious,0,4,13,switzerland-1,switzerland,1
spacious,0,4,14,switzerland-1,switzerland,1
spacious,0,4,15,switzerland-1,switzerland,1
spacious,0,4,16,switzerland-1,switzerland,1
spacious,0,4,17,switzerland-1,switzerland,1
spacious,0,4,18,switzerland-1,switzerland,1
spacious,0,4,19,switzerland-1,switzerland,1
spacious,0,4,20,switzerland-1,switzerland,1
spacious,0,4,21,switzerland-1,switzerland,1
spacious,0,4,22,hegemony-1,hegemony,1
spacious,0,4,23,switzerland-1,switzerland,1
spacious,0,4,24,switzerland-1,switzerland,1
spacious,0,4,25,switzerland-1,switzerland,1
spacious,0,5,0,switzerland-1,switzerland,1
spacious,0,5,1,switzerland-1,switzerland,1
spacious,0,5,2,switzerland-1,switzerland,1
spacious,0,5,3,switzerland-1,switzerland,1
spacious,0,5,4,switzerland-1,switzerland,1
spacious,0,5,5,switzerland-1,switzerland,1
spacious,0,5,6,switzerland-1,switzerland,1
spacious,0,5,7,switzerland-1,switzerland,1
spacious,0,5,8,switzerland-1,switzerland,1
spacious,0,5,9,switzerland-1,switzerland,1
spacious,0,5,10,switzerland-1,switzerland,1
spacious,0,5,11,switzerland-1,switzerland,1
spacious,0,5,12,switzerland-1,switzerland,1
spacious,0,5,13,switzerland-1,switzerland,1
spacious,0,5,14,switzerland-1,switzerland,1
spacious,0,5,15,switzerland-1,switzerland,1
spacious,0,5,16,switzerland-1,switzerland,1
spacious,0,5,17,switzerland-1,switzerland,1
spacious,0,5,18,switzerland-1,switzerland,1
spacious,0,5,19,switzerland-1,switzerland,1
spacious,0,5,20,switzerland-1,switzerland,1
spacious,0,5,21,switzerland-1,switzerland,1
spacious,0,5,22,hegemony-1,hegemony,1
spacious,0,5,23,switzerland-1,switzerland,1
spacious,0,5,24,switzerland-1,switzerland,1
spacious,0,5,25,switzerland-1,switzerland,1
spacious,0,6,0,,,
spacious,0,6,1,peace-1,peace,1
spacious,0,6,2,peace-1,peace,1
spacious,0,6,3,switzerland-1,switzerland,1
spacious,0,6,4,switzerland-1,switzerland,1
spacious,0,6,5,switzerland-1,switzerland,1
spacious,0,6,6,switzerland-1,switzerland,1
spacious,0,6,7,switzerland-1,switzerland,1
spacious,0,6,8,switzerland-1,switzerland,1
spacious,0,6,9,,,
spacious,0,6,10,switzerland-1,switzerland,1
spacious,0,6,11,switzerland-1,switzerland,1
spacious,0,6,12,switzerland-1,switzerland,1
spacious,0,6,13,switzerland-1,switzerland,1
spacious,0,6,14,switzerland-1,switzerland,1
spacious,0,6,15,switzerland-1,switzerland,1
spacious,0,6,16,switzerland-1,switzerland,1
spacious,0,6,17,switzerland-1,switzerland,1
spacious,0,6,18,switzerland-1,switzerland,1
spacious,0,6,19,switzerland-1,switzerland,1
spacious,0,6,20,switzerland-1,switzerland,1
spacious,0,6,21,switzerland-1,switzerland,1
spacious,0,6,22,hegemony-1,hegemony,1
spacious,0,6,23,switzerland-1,switzerland,1
spacious,0,6,24,switzerland-1,switzerland,1
spacious,0,6,25,switzerland-1,switzerland,1
spacious,0,7,0,,,
spacious,0,7,1,,,
spacious,0,7,2,peace-1,peace,1
spacious,0,7,3,peace-1,peace,1
spacious,0,7,4,peace-1,peace,1
spacious,0,7,5,switzerland-1,switzerland,1
spacious,0,7,6,switzerland-1,switzerland,1
spacious,0,7,7,switzerland-1,switzerland,1
spacious,0,7,8,switzerland-1,switzerland,1
spacious,0,7,9,switzerland-1,switzerland,1
spacious,0,7,10,switzerland-1,switzerland,1
spacious,0,7,11,switzerland-1,switzerland,1
spacious,0,7,12,switzerland-1,switzerland,1
spacious,0,7,13,switzerland-1,switzerland,1
spacious,0,7,14,switzerland-1,switzerland,1
spacious,0,7,15,switzerland-1,switzerland,1
spacious,0,7,16,switzerland-1,switzerland,1
spacious,0,7,17,switzerland-1,switzerland,1
spacious,0,7,18,switzerland-1,switzerland,1
spacious,0,7,19,switzerland-1,switzerland,1
spacious,0,7,20,switzerland-1,switzerland,1
spacious,0,7,21,switzerland-1,switzerland,1
spacious,0,7,22,hegemony-1,hegemony,1
spacious,0,7,23,switzerland-1,switzerland,1
spacious,0,7,24,switzerland-1,switzerland,1
spacious,0,7,25,switzerland-1,switzerland,1
spacious,0,8,0,,,
spacious,0,8,1,peace-1,peace,1
spacious,0,8,2,peace-1,peace,1
spacious,0,8,3,peace-1,peace,1
spacious,0,8,4,peace-1,peace,1
spacious,0,8,5,switzerland-1,switzerland,1
spacious,0,8,6,switzerland-1,switzerland,1
spacious,0,8,7,switzerland-1,switzerland,1
spacious,0,8,8,switzerland-1,switzerland,1
spacious,0,8,9,switzerland-1,switzerland,1
spacious,0,8,10,switzerland-1,switzerland,1
spacious,0,8,11,switzerland-1,switzerland,1
spacious,0,8,12,switzerland-1,switzerland,1
spacious,0,8,13,switzerland-1,switzerland,1
spacious,0,8,14,switzerland-1,switzerland,1
spacious,0,8,15,switzerland-1,switzerland,1
spacious,0,8,16,switzerland-1,switzerland,1
spacious,0,8,17,switzerland-1,switzerland,1
spacious,0,8,18,switzerland-1,switzerland,1
spacious,0,8,19,switzerland-1,switzerland,1
spacious,0,8,20,switzerland-1,switzerland,1
spacious,0,8,21,switzerland-1,switzerland,1
spacious,0,8,22,hegemony-1,hegemony,1
spacious,0,8,23,switzerland-1,switzerland,1
spacious,0,8,24,switzerland-1,switzerland,1
spacious,0,8,25,switzerland-1,switzerland,1
spacious,0,9,0,,,
spacious,0,9,1,,,
spacious,0,9,2,peace-1,peace,1
spacious,0,9,3,peace-1,peace,1
spacious,0,9,4,peace-1,peace,1
spacious,0,9,5,peace-1,peace,1
spacious,0,9,6,peace-1,peace,1
spacious,0,9,7,switzerland-1,switzerland,1
spacious,0,9,8,switzerland-1,switzerland,1
spacious,0,9,9,switzerland-1,switzerland,1
spacious,0,9,10,switzerland-1,switzerland,1
spacious,0,9,11,switzerland-1,switzerland,1
spacious,0,9,12,switzerland-1,switzerland,1
spacious,0,9,13,switzerland-1,switzerland,1
spacious,0,9,14,switzerland-1,switzerland,1
spacious,0,9,15,switzerland-1,switzerland,1
spacious,0,9,16,switzerland-1,switzerland,1
spacious,0,9,17,switzerland-1,switzerland,1
spacious,0,9,18,switzerland-1,switzerland,1
spacious,0,9,19,switzerland-1,switzerland,1
spacious,0,9,20,switzerland-1,switzerland,1
spacious,0,9,21,switzerland-1,switzerland,1
spacious,0,9,22,hegemony-1,hegemony,1
spacious,0,9,23,switzerland-1,switzerland,1
spacious,0,9,24,switzerland-1,switzerland,1
spacious,0,9,25,switzerland-1,switzerland,1
spacious,0,10,0,,,
spacious,0,10,1,peace-1,peace,1
spacious,0,10,2,peace-1,peace,1
spacious,0,10,3,peace-1,peace,1
spacious,0,10,4,peace-1,peace,1
spacious,0,10,5,peace-1,peace,1
spacious,0,10,6,peace-1,peace,1
spacious,0,10,7,peace-1,peace,1
spacious,0,10,8,switzerland-1,switzerland,1
spacious,0,10,9,switzerland-1,switzerland,1
spacious,0,10,10,switzerland-1,switzerland,1
spacious,0,10,11,switzerland-1,switzerland,1
spacious,0,10,12,switzerland-1,switzerland,1
spacious,0,10,13,switzerland-1,switzerland,1
spacious,0,10,14,switzerland-1,switzerland,1
spacious,0,10,15,switzerland-1,switzerland,1
spacious,0,10,16,switzerland-1,switzerland,1
spacious,0,10,17,switzerland-1,switzerland,1
spacious,0,10,18,switzerland-1,switzerland,1
spacious,0,10,19,switzerland-1,switzerland,1
spacious,0,10,20,switzerland-1,switzerland,1
spacious,0,10,21,switzerland-1,switzerland,1
spacious,0,10,22,hegemony-1,hegemony,1
spacious,0,10,23,hegemony-1,hegemony,1
spacious,0,10,24,hegemony-1,hegemony,1
spacious,0,10,25,hegemony-1,hegemony,1
spacious,0,11,0,peace-1,peace,1
spacious,0,11,1,peace-1,peace,1
spacious,0,11,2,peace-1,peace,1
spacious,0,11,3,peace-1,peace,1
spacious,0,11,4,peace-1,peace,1
spacious,0,11,5,peace-1,peace,1
spacious,0,11,6,peace-1,peace,1
spacious,0,11,7,peace-1,peace,1
spacious,0,11,8,switzerland-1,switzerland,1
spacious,0,11,9,peace-1,peace,1
spacious,0,11,10,peace-1,peace,1
spacious,0,11,11,switzerland-1,switzerland,1
spacious,0,11,12,switzerland-1,switzerland,1
spacious,0,11,13,switzerland-1,switzerland,1
spacious,0,11,14,switzerland-1,switzerland,1
spacious,0,11,15,switzerland-1,switzerland,1
spacious,0,11,16,switzerland-1,switzerland,1
spacious,0,11,17,switzerland-1,switzerland,1
spacious,0,11,18,switzerland-1,switzerland,1
spacious,0,11,19,switzerland-1,switzerland,1
spacious,0,11,20,switzerland-1,switzerland,1
spacious,0,11,21,switzerland-1,switzerland,1
spacious,0,11,22,switzerland-1,switzerland,1
spacious,0,11,23,switzerland-1,switzerland,1
spacious,0,11,24,hegemony-1,hegemony,1
spacious,0,11,25,hegemony-1,hegemony,1
spacious,0,12,0,peace-1,peace,1
spacious,0,12,1,peace-1,peace,1
spacious,0,12,2,peace-1,peace,1
spacious,0,12,3,,,
spacious,0,12,4,peace-1,peace,1
spacious,0,12,5,peace-1,peace,1
spacious,0,12,6,peace-1,peace,1
spacious,0,12,7,peace-1,peace,1
spacious,0,12,8,peace-1,peace,1
spacious,0,12,9,peace-1,peace,1
spacious,0,12,10,switzerland-1,switzerland,1
spacious,0,12,11,switzerland-1,switzerland,1
spacious,0,12,12,switzerland-1,switzerland,1
spacious,0,12,13,switzerland-1,switzerland,1
spacious,0,12,14,switzerland-1,switzerland,1
spacious,0,12,15,switzerland-1,switzerland,1
spacious,0,12,16,switzerland-1,switzerland,1
spacious,0,12,17,switzerland-1,switzerland,1
spacious,0,12,18,switzerland-1,switzerland,1
spacious,0,12,19,switzerland-1,switzerland,1
spacious,0,12,20,switzerland-1,switzerland,1
spacious,0,12,21,switzerland-1,switzerland,1
spacious,0,12,22,switzerland-1,switzerland,1
spacious,0,12,23,switzerland-1,switzerland,1
spacious,0,12,24,switzerland-1,switzerland,1
spacious,0,12,25,hegemony-1,hegemony,1
spacious,0,13,0,peace-1,peace,1
spacious,0,13,1,peace-1,peace,1
spacious,0,13,2,peace-1,peace,1
spacious,0,13,3,peace-1,peace,1
spacious,0,13,4,peace-1,peace,1
spacious,0,13,5,peace-1,peace,1
spacious,0,13,6,peace-1,peace,1
spacious,0,13,7,peace-1,peace,1
spacious,0,13,8,peace-1,peace,1
spacious,0,13,9,peace-1,peace,1
spacious,0,13,10,switzerland-1,switzerland,1
spacious,0,13,11,switzerland-1,switzerland,1
spacious,0,13,12,hegemony-1,hegemony,1
spacious,0,13,13,switzerland-1,switzerland,1
spacious,0,13,14,switzerland-1,switzerland,1
spacious,0,13,15,switzerland-1,switzerland,1
spacious,0,13,16,switzerland-1,switzerland,1
spacious,0,13,17,switzerland-1,switzerland,1
spacious,0,13,18,switzerland-1,switzerland,1
spacious,0,13,19,switzerland-1,switzerland,1
spacious,0,13,20,switzerland-1,switzerland,1
spacious,0,13,21,switzerland-1,switzerland,1
spacious,0,13,22,switzerland-1,switzerland,1
spacious,0,13,23,hegemony-1,hegemony,1
spacious,0,13,24,hegemony-1,hegemony,1
spacious,0,13,25,hegemony-1,hegemony,1
spacious,0,14,0,peace-1,peace,1
spacious,0,14,1,peace-1,peace,1
spacious,0,14,2,peace-1,peace,1
spacious,0,14,3,peace-1,peace,1
spacious,0,14,4,peace-1,peace,1
spacious,0,14,5,peace-1,peace,1
spacious,0,14,6,peace-1,peace,1
spacious,0,14,7,peace-1,peace,1
spacious,0,14,8,peace-1,peace,1
spacious,0,14,9,switzerland-1,switzerland,1
spacious,0,14,10,switzerland-1,switzerland,1
spacious,0,14,11,switzerland-1,switzerland,1
spacious,0,14,12,hegemony-1,hegemony,1
spacious,0,14,13,hegemony-1,hegemony,1
spacious,0,14,14,switzerland-1,switzerland,1
spacious,0,14,15,switzerland-1,switzerland,1
spacious,0,14,16,hegemony-1,hegemony,1
spacious,0,14,17,switzerland-1,switzerland,1
spacious,0,14,18,hegemony-1,hegemony,1
spacious,0,14,19,switzerland-1,switzerland,1
spacious,0,14,20,switzerland-1,switzerland,1
spacious,0,14,21,hegemony-1,hegemony,1
spacious,0,14,22,hegemony-1,hegemony,1
spacious,0,14,23,hegemony-1,hegemony,1
spacious,0,14,24,hegemony-1,hegemony,1
spacious,0,14,25,hegemony-1,hegemony,1
spacious,0,15,0,peace-1,peace,1
spacious,0,15,1,peace-1,peace,1
spacious,0,15,2,peace-1,peace,1
spacious,0,15,3,peace-1,peace,1
spacious,0,15,4,peace-1,peace,1
spacious,0,15,5,peace-1,peace,1
spacious,0,15,6,peace-1,peace,1
spacious,0,15,7,peace-1,peace,1
spacious,0,15,8,peace-1,peace,1
spacious,0,15,9,switzerland-1,switzerland,1
spacious,0,15,10,switzerland-1,switzerland,1
spacious,0,15,11,switzerland-1,switzerland,1
spacious,0,15,12,hegemony-1,hegemony,1
spacious,0,15,13,,,
spacious,0,15,14,hegemony-1,hegemony,1
spacious,0,15,15,switzerland-1,switzerland,1
spacious,0,15,16,hegemony-1,hegemony,1
spacious,0,15,17,hegemony-1,hegemony,1
spacious,0,15,18,hegemony-1,hegemony,1
spacious,0,15,19,hegemony-1,hegemony,1
spacious,0,15,20,hegemony-1,hegemony,1
spacious,0,15,21,hegemony-1,hegemony,1
spacious,0,15,22,hegemony-1,hegemony,1
spacious,0,15,23,hegemony-1,hegemony,1
spacious,0,15,24,hegemony-1,hegemony,1
spacious,0,15,25,hegemony-1,hegemony,1
spacious,0,16,0,peace-1,peace,1
spacious,0,16,1,peace-1,peace,1
spacious,0,16,2,peace-1,peace,1
spacious,0,16,3,peace-1,peace,1
spacious,0,16,4,peace-1,peace,1
spacious,0,16,5,peace-1,peace,1
spacious,0,16,6,peace-1,peace,1
spacious,0,16,7,peace-1,peace,1
spacious,0,16,8,peace-1,peace,1
spacious,0,16,9,peace-1,peace,1
spacious,0,16,10,hegemony-1,hegemony,1
spacious,0,16,11,hegemony-1,hegemony,1
spacious,0,16,12,hegemony-1,hegemony,1
spacious,0,16,13,,,
spacious,0,16,14,hegemony-1,hegemony,1
spacious,0,16,15,hegemony-1,hegemony,1
spacious,0,16,16,hegemony-1,hegemony,1
spacious,0,16,17,hegemony-1,hegemony,1
spacious,0,16,18,hegemony-1,hegemony,1
spacious,0,16,19,hegemony-1,hegemony,1
spacious,0,16,20,,,
spacious,0,16,21,hegemony-1,hegemony,1
spacious,0,16,22,hegemony-1,hegemony,1
spacious,0,16,23,hegemony-1,hegemony,1
spacious,0,16,24,hegemony-1,hegemony,1
spacious,0,16,25,hegemony-1,hegemony,1
spacious,0,17,0,peace-1,peace,1
spacious,0,17,1,peace-1,peace,1
spacious,0,17,2,peace-1,peace,1
spacious,0,17,3,peace-1,peace,1
spacious,0,17,4,peace-1,peace,1
spacious,0,17,5,peace-1,peace,1
spacious,0,17,6,peace-1,peace,1
spacious,0,17,7,peace-1,peace,1
spacious,0,17,8,peace-1,peace,1
spacious,0,17,9,peace-1,peace,1
spacious,0,17,10,hegemony-1,hegemony,1
spacious,0,17,11,peace-1,peace,1
spacious,0,17,12,hegemony-1,hegemony,1
spacious,0,17,13,hegemony-1,hegemony,1
spacious,0,17,14,hegemony-1,hegemony,1
spacious,0,17,15,hegemony-1,hegemony,1
spacious,0,17,16,hegemony-1,hegemony,1
spacious,0,17,17,hegemony-1,hegemony,1
spacious,0,17,18,hegemony-1,hegemony,1
spacious,0,17,19,hegemony-1,hegemony,1
spacious,0,17,20,,,
spacious,0,17,21,hegemony-1,hegemony,1
spacious,0,17,22,hegemony-1,hegemony,1
spacious,0,17,23,hegemony-1,hegemony,1
spacious,0,17,24,hegemony-1,hegemony,1
spacious,0,17,25,,,
spacious,0,18,0,,,
spacious,0,18,1,peace-1,peace,1
spacious,0,18,2,peace-1,peace,1
spacious,0,18,3,peace-1,peace,1
spacious,0,18,4,peace-1,peace,1
spacious,0,18,5,peace-1,peace,1
spacious,0,18,6,peace-1,peace,1
spacious,0,18,7,peace-1,peace,1
spacious,0,18,8,peace-1,peace,1
spacious,0,18,9,peace-1,peace,1
spacious,0,18,10,peace-1,peace,1
spacious,0,18,11,hegemony-1,hegemony,1
spacious,0,18,12,peace-1,peace,1
spacious,0,18,13,peace-1,peace,1
spacious,0,18,14,hegemony-1,hegemony,1
spacious,0,18,15,hegemony-1,hegemony,1
spacious,0,18,16,hegemony-1,hegemony,1
spacious,0,18,17,hegemony-1,hegemony,1
spacious,0,18,18,hegemony-1,hegemony,1
spacious,0,18,19,hegemony-1,hegemony,1
spacious,0,18,20,,,
spacious,0,18,21,,,
spacious,0,18,22,,,
spacious,0,18,23,hegemony-1,hegemony,1
spacious,0,18,24,,,
spacious,0,18,25,,,
spacious,0,19,0,,,
spacious,0,19,1,peace-1,peace,1
spacious,0,19,2,peace-1,peace,1
spacious,0,19,3,peace-1,peace,1
spacious,0,19,4,peace-1,peace,1
spacious,0,19,5,peace-1,peace,1
spacious,0,19,6,peace-1,peace,1
spacious,0,19,7,,,
spacious,0,19,8,peace-1,peace,1
spacious,0,19,9,peace-1,peace,1
spacious,0,19,10,hegemony-1,hegemony,1
spacious,0,19,11,hegemony-1,hegemony,1
spacious,0,19,12,hegemony-1,hegemony,1
spacious,0,19,13,hegemony-1,hegemony,1
spacious,0,19,14,hegemony-1,hegemony,1
spacious,0,19,15,hegemony-1,hegemony,1
spacious,0,19,16,hegemony-1,hegemony,1
spacious,0,19,17,hegemony-1,hegemony,1
spacious,0,19,18,hegemony-1,hegemony,1
spacious,0,19,19,hegemony-1,hegemony,1
spacious,0,19,20,,,
spacious,0,19,21,hegemony-1,hegemony,1
spacious,0,19,22,hegemony-1,hegemony,1
spacious,0,19,23,hegemony-1,hegemony,1
spacious,0,19,24,hegemony-1,hegemony,1
spacious,0,19,25,hegemony-1,hegemony,1
spacious,0,20,0,,,
spacious,0,20,1,peace-1,peace,1
spacious,0,20,2,peace-1,peace,1
spacious,0,20,3,peace-1,peace,1
spacious,0,20,4,peace-1,peace,1
spacious,0,20,5,peace-1,peace,1
spacious,0,20,6,peace-1,peace,1
spacious,0,20,7,peace-1,peace,1
spacious,0,20,8,peace-1,peace,1
spacious,0,20,9,peace-1,peace,1
spacious,0,20,10,peace-1,peace,1
spacious,0,20,11,hegemony-1,hegemony,1
spacious,0,20,12,hegemony-1,hegemony,1
spacious,0,20,13,hegemony-1,hegemony,1
spacious,0,20,14,hegemony-1,hegemony,1
spacious,0,20,15,hegemony-1,hegemony,1
spacious,0,20,16,hegemony-1,hegemony,1
spacious,0,20,17,hegemony-1,hegemony,1
spacious,0,20,18,hegemony-1,hegemony,1
spacious,0,20,19,hegemony-1,hegemony,1
spacious,0,20,20,hegemony-1,hegemony,1
spacious,0,20,21,hegemony-1,hegemony,1
spacious,0,20,22,hegemony-1,hegemony,1
spacious,0,20,23,,,
spacious,0,20,24,,,
spacious,0,20,25,,,
spacious,0,21,0,peace-1,peace,1
spacious,0,21,1,,,
spacious,0,21,2,,,
spacious,0,21,3,peace-1,peace,1
spacious,0,21,4,peace-1,peace,1
spacious,0,21,5,peace-1,peace,1
spacious,0,21,6,peace-1,peace,1
spacious,0,21,7,peace-1,peace,1
spacious,0,21,8,peace-1,peace,1
spacious,0,21,9,peace-1,peace,1
spacious,0,21,10,peace-1,peace,1
spacious,0,21,11,peace-1,peace,1
spacious,0,21,12,peace-1,peace,1
spacious,0,21,13,peace-1,peace,1
spacious,0,21,14,peace-1,peace,1
spacious,0,21,15,hegemony-1,hegemony,1
spacious,0,21,16,hegemony-1,hegemony,1
spacious,0,21,17,hegemony-1,hegemony,1
spacious,0,21,18,hegemony-1,hegemony,1
spacious,0,21,19,hegemony-1,hegemony,1
spacious,0,21,20,hegemony-1,hegemony,1
spacious,0,21,21,,,
spacious,0,21,22,hegemony-1,hegemony,1
spacious,0,21,23,,,
spacious,0,21,24,,,
spacious,0,21,25,,,
spacious,0,22,0,peace-1,peace,1
spacious,0,22,1,,,
spacious,0,22,2,peace-1,peace,1
spacious,0,22,3,peace-1,peace,1
spacious,0,22,4,peace-1,peace,1
spacious,0,22,5,,,
spacious,0,22,6,peace-1,peace,1
spacious,0,22,7,peace-1,peace,1
spacious,0,22,8,peace-1,peace,1
spacious,0,22,9,peace-1,peace,1
spacious,0,22,10,peace-1,peace,1
spacious,0,22,11,peace-1,peace,1
spacious,0,22,12,peace-1,peace,1
spacious,0,22,13,peace-1,peace,1
spacious,0,22,14,hegemony-1,hegemony,1
spacious,0,22,15,hegemony-1,hegemony,1
spacious,0,22,16,hegemony-1,hegemony,1
spacious,0,22,17,hegemony-1,hegemony,1
spacious,0,22,18,hegemony-1,hegemony,1
spacious,0,22,19,hegemony-1,hegemony,1
spacious,0,22,20,hegemony-1,hegemony,1
spacious,0,22,21,,,
spacious,0,22,22,hegemony-1,hegemony,1
spacious,0,22,23,,,
spacious,0,22,24,,,
spacious,0,22,25,,,
spacious,0,23,0,peace-1,peace,1
spacious,0,23,1,peace-1,peace,1
spacious,0,23,2,peace-1,peace,1
spacious,0,23,3,peace-1,peace,1
spacious,0,23,4,peace-1,peace,1
spacious,0,23,5,peace-1,peace,1
spacious,0,23,6,peace-1,peace,1
spacious,0,23,7,peace-1,peace,1
spacious,0,23,8,peace-1,peace,1
spacious,0,23,9,peace-1,peace,1
spacious,0,23,10,peace-1,peace,1
spacious,0,23,11,,,
spacious,0,23,12,peace-1,peace,1
spacious,0,23,13,peace-1,peace,1
spacious,0,23,14,hegemony-1,hegemony,1
spacious,0,23,15,,,
spacious,0,23,16,,,
spacious,0,23,17,,,
spacious,0,23,18,,,
spacious,0,23,19,,,
spacious,0,23,20,,,
spacious,0,23,21,,,
spacious,0,23,22,,,
spacious,0,23,23,,,
spacious,0,23,24,,,
spacious,0,23,25,,,
spacious,0,24,0,peace-1,peace,1
spacious,0,24,1,peace-1,peace,1
spacious,0,24,2,,,
spacious,0,24,3,peace-1,peace,1
spacious,0,24,4,peace-1,peace,1
spacious,0,24,5,peace-1,peace,1
spacious,0,24,6,peace-1,peace,1
spacious,0,24,7,peace-1,peace,1
spacious,0,24,8,peace-1,peace,1
spacious,0,24,9,peace-1,peace,1
spacious,0,24,10,peace-1,peace,1
spacious,0,24,11,peace-1,peace,1
spacious,0,24,12,,,
spacious,0,24,13,peace-1,peace,1
spacious,0,24,14,,,
spacious,0,24,15,,,
spacious,0,24,16,,,
spacious,0,24,17,,,
spacious,0,24,18,,,
spacious,0,24,19,,,
spacious,0,24,20,,,
spacious,0,24,21,,,
spacious,0,24,22,,,
spacious,0,24,23,,,
spacious,0,24,24,,,
spacious,0,24,25,,,
spacious,0,25,0,peace-1,peace,1
spacious,0,25,1,peace-1,peace,1
spacious,0,25,2,peace-1,peace,1
spacious,0,25,3,peace-1,peace,1
spacious,0,25,4,peace-1,peace,1
spacious,0,25,5,peace-1,peace,1
spacious,0,25,6,peace-1,peace,1
spacious,0,25,7,peace-1,peace,1
spacious,0,25,8,peace-1,peace,1
spacious,0,25,9,peace-1,peace,1
spacious,0,25,10,peace-1,peace,1
spacious,0,25,11,peace-1,peace,1
spacious,0,25,12,peace-1,peace,1
spacious,0,25,13,peace-1,peace,1
spacious,0,25,14,,,
spacious,0,25,15,,,
spacious,0,25,16,,,
spacious,0,25,17,,,
spacious,0,25,18,,,
spacious,0,25,19,,,
spacious,0,25,20,,,
spacious,0,25,21,,,
spacious,0,25,22,,,
spacious,0,25,23,,,
spacious,0,25,24,,,
spacious,0,25,25,,,
strong_defence,0,0,0,switzerland-1,switzerland,1
strong_defence,0,0,1,switzerland-1,switzerland,1
strong_defence,0,0,2,switzerland-1,switzerland,1
strong_defence,0,0,3,switzerland-1,switzerland,1
strong_defence,0,0,4,switzerland-1,switzerland,1
strong_defence,0,0,5,switzerland-1,switzerland,1
strong_defence,0,0,6,switzerland-1,switzerland,1
strong_defence,0,0,7,switzerland-1,switzerland,1
strong_defence,0,0,8,switzerland-1,switzerland,1
strong_defence,0,0,9,switzerland-1,switzerland,1
strong_defence,0,0,10,retaliation-1,retaliation,1
strong_defence,0,0,11,retaliation-1,retaliation,1
strong_defence,0,0,12,retaliation-1,retaliation,1
strong_defence,0,0,13,hegemony-1,hegemony,1
strong_defence,0,0,14,hegemony-1,hegemony,1
strong_defence,0,0,15,hegemony-1,hegemony,1
strong_defence,0,1,0,switzerland-1,switzerland,1
strong_defence,0,1,1,switzerland-1,switzerland,1
strong_defence,0,1,2,switzerland-1,switzerland,1
strong_defence,0,1,3,switzerland-1,switzerland,1
strong_defence,0,1,4,switzerland-1,switzerland,1
strong_defence,0,1,5,switzerland-1,switzerland,1
strong_defence,0,1,6,switzerland-1,switzerland,1
strong_defence,0,1,7,switzerland-1,switzerland,1
strong_defence,0,1,8,switzerland-1,switzerland,1
strong_defence,0,1,9,switzerland-1,switzerland,1
strong_defence,0,1,10,retaliation-1,retaliation,1
strong_defence,0,1,11,retaliation-1,retaliation,1
strong_defence,0,1,12,retaliation-1,retaliation,1
strong_defence,0,1,13,hegemony-1,hegemony,1
strong_defence,0,1,14,hegemony-1,hegemony,1
strong_defence,0,1,15,hegemony-1,hegemony,1
strong_defence,0,2,0,switzerland-1,switzerland,1
strong_defence,0,2,1,switzerland-1,switzerland,1
strong_defence,0,2,2,switzerland-1,switzerland,1
strong_defence,0,2,3,switzerland-1,switzerland,1
strong_defence,0,2,4,switzerland-1,switzerland,1
strong_defence,0,2,5,switzerland-1,switzerland,1
strong_defence,0,2,6,switzerland-1,switzerland,1
strong_defence,0,2,7,switzerland-1,switzerland,1
strong_defence,0,2,8,switzerland-1,switzerland,1
strong_defence,0,2,9,retaliation-1,retaliation,1
strong_defence,0,2,10,retaliation-1,retaliation,1
strong_defence,0,2,11,retaliation-1,retaliation,1
strong_defence,0,2,12,retaliation-1,retaliation,1
strong_defence,0,2,13,hegemony-1,hegemony,1
strong_defence,0,2,14,hegemony-1,hegemony,1
strong_defence,0,2,15,hegemony-1,hegemony,1
strong_defence,0,3,0,switzerland-1,switzerland,1
strong_defence,0,3,1,switzerland-1,switzerland,1
strong_defence,0,3,2,retaliation-1,retaliation,1
strong_defence,0,3,3,switzerland-1,switzerland,1
strong_defence,0,3,4,switzerland-1,switzerland,1
strong_defence,0,3,5,switzerland-1,switzerland,1
strong_defence,0,3,6,switzerland-1,switzerland,1
strong_defence,0,3,7,switzerland-1,switzerland,1
strong_defence,0,3,8,switzerland-1,switzerland,1
strong_defence,0,3,9,retaliation-1,retaliation,1
strong_defence,0,3,10,retaliation-1,retaliation,1
strong_defence,0,3,11,retaliation-1,retaliation,1
strong_defence,0,3,12,retaliation-1,retaliation,1
strong_defence,0,3,13,hegemony-1,hegemony,1
strong_defence,0,3,14,hegemony-1,hegemony,1
strong_defence,0,3,15,hegemony-1,hegemony,1
strong_defence,0,4,0,retaliation-1,retaliation,1
strong_defence,0,4,1,retaliation-1,retaliation,1
strong_defence,0,4,2,retaliation-1,retaliation,1
strong_defence,0,4,3,switzerland-1,switzerland,1
strong_defence,0,4,4,switzerland-1,switzerland,1
strong_defence,0,4,5,switzerland-1,switzerland,1
strong_defence,0,4,6,switzerland-1,switzerland,1
strong_defence,0,4,7,switzerland-1,switzerland,1
strong_defence,0,4,8,switzerland-1,switzerland,1
strong_defence,0,4,9,retaliation-1,retaliation,1
strong_defence,0,4,10,retaliation-1,retaliation,1
strong_defence,0,4,11,retaliation-1,retaliation,1
strong_defence,0,4,12,retaliation-1,retaliation,1
strong_defence,0,4,13,hegemony-1,hegemony,1
strong_defence,0,4,14,hegemony-1,hegemony,1
strong_defence,0,4,15,hegemony-1,hegemony,1
strong_defence,0,5,0,retaliation-1,retaliation,1
strong_defence,0,5,1,retaliation-1,retaliation,1
strong_defence,0,5,2,retaliation-1,retaliation,1
strong_defence,0,5,3,switzerland-1,switzerland,1
strong_defence,0,5,4,switzerland-1,switzerland,1
strong_defence,0,5,5,switzerland-1,switzerland,1
strong_defence,0,5,6,switzerland-1,switzerland,1
strong_defence,0,5,7,switzerland-1,switzerland,1
strong_defence,0,5,8,retaliation-1,retaliation,1
strong_defence,0,5,9,retaliation-1,retaliation,1
strong_defence,0,5,10,retaliation-1,retaliation,1
strong_defence,0,5,11,retaliation-1,retaliation,1
strong_defence,0,5,12,retaliation-1,retaliation,1
strong_defence,0,5,13,hegemony-1,hegemony,1
strong_defence,0,5,14,hegemony-1,hegemony,1
strong_defence,0,5,15,hegemony-1,hegemony,1
strong_defence,0,6,0,retaliation-1,retaliation,1
strong_defence,0,6,1,retaliation-1,retaliation,1
strong_defence,0,6,2,retaliation-1,retaliation,1
strong_defence,0,6,3,switzerland-1,switzerland,1
strong_defence,0,6,4,switzerland-1,switzerland,1
strong_defence,0,6,5,switzerland-1,switzerland,1
strong_defence,0,6,6,switzerland-1,switzerland,1
strong_defence,0,6,7,switzerland-1,switzerland,1
strong_defence,0,6,8,retaliation-1,retaliation,1
strong_defence,0,6,9,retaliation-1,retaliation,1
strong_defence,0,6,10,retaliation-1,retaliation,1
strong_defence,0,6,11,retaliation-1,retaliation,1
strong_defence,0,6,12,hegemony-1,hegemony,1
strong_defence,0,6,13,hegemony-1,hegemony,1
strong_defence,0,6,14,hegemony-1,hegemony,1
strong_defence,0,6,15,hegemony-1,hegemony,1
strong_defence,0,7,0,retaliation-1,retaliation,1
strong_defence,0,7,1,retaliation-1,retaliation,1
strong_defence,0,7,2,retaliation-1,retaliation,1
strong_defence,0,7,3,retaliation-1,retaliation,1
strong_defence,0,7,4,switzerland-1,switzerland,1
strong_defence,0,7,5,retaliation-1,retaliation,1
strong_defence,0,7,6,switzerland-1,switzerland,1
strong_defence,0,7,7,retaliation-1,retaliation,1
strong_defence,0,7,8,retaliation-1,retaliation,1
strong_defence,0,7,9,retaliation-1,retaliation,1
strong_defence,0,7,10,retaliation-1,retaliation,1
strong_defence,0,7,11,retaliation-1,retaliation,1
strong_defence,0,7,12,hegemony-1,hegemony,1
strong_defence,0,7,13,hegemony-1,hegemony,1
strong_defence,0,7,14,hegemony-1,hegemony,1
strong_defence,0,7,15,hegemony-1,hegemony,1
strong_defence,0,8,0,retaliation-1,retaliation,1
strong_defence,0,8,1,retaliation-1,retaliation,1
strong_defence,0,8,2,retaliation-1,retaliation,1
strong_defence,0,8,3,retaliation-1,retaliation,1
strong_defence,0,8,4,retaliation-1,retaliation,1
strong_defence,0,8,5,retaliation-1,retaliation,1
strong_defence,0,8,6,retaliation-1,retaliation,1
strong_defence,0,8,7,retaliation-1,retaliation,1
strong_defence,0,8,8,retaliation-1,retaliation,1
strong_defence,0,8,9,retaliation-1,retaliation,1
strong_defence,0,8,10,retaliation-1,retaliation,1
strong_defence,0,8,11,hegemony-1,hegemony,1
strong_defence,0,8,12,hegemony-1,hegemony,1
strong_defence,0,8,13,hegemony-1,hegemony,1
strong_defence,0,8,14,hegemony-1,hegemony,1
strong_defence,0,8,15,hegemony-1,hegemony,1
strong_defence,0,9,0,retaliation-1,retaliation,1
strong_defence,0,9,1,retaliation-1,retaliation,1
strong_defence,0,9,2,retaliation-1,retaliation,1
strong_defence,0,9,3,retaliation-1,retaliation,1
strong_defence,0,9,4,retaliation-1,retaliation,1
strong_defence,0,9,5,retaliation-1,retaliation,1
strong_defence,0,9,6,retaliation-1,retaliation,1
strong_defence,0,9,7,retaliation-1,retaliation,1
strong_defence,0,9,8,retaliation-1,retaliation,1
strong_defence,0,9,9,retaliation-1,retaliation,1
strong_defence,0,9,10,retaliation-1,retaliation,1
strong_defence,0,9,11,hegemony-1,hegemony,1
strong_defence,0,9,12,hegemony-1,hegemony,1
strong_defence,0,9,13,hegemony-1,hegemony,1
strong_defence,0,9,14,hegemony-1,hegemony,1
strong_defence,0,9,15,hegemony-1,hegemony,1
strong_defence,0,10,0,retaliation-1,retaliation,1
strong_defence,0,10,1,retaliation-1,retaliation,1
strong_defence,0,10,2,retaliation-1,retaliation,1
strong_defence,0,10,3,retaliation-1,retaliation,1
strong_defence,0,10,4,retaliation-1,retaliation,1
strong_defence,0,10,5,retaliation-1,retaliation,1
strong_defence,0,10,6,retaliation-1,retaliation,1
strong_defence,0,10,7,retaliation-1,retaliation,1
strong_defence,0,10,8,retaliation-1,retaliation,1
strong_defence,0,10,9,retaliation-1,retaliation,1
strong_defence,0,10,10,hegemony-1,hegemony,1
strong_defence,0,10,11,hegemony-1,hegemony,1
strong_defence,0,10,12,hegemony-1,hegemony,1
strong_defence,0,10,13,hegemony-1,hegemony,1
strong_defence,0,10,14,hegemony-1,hegemony,1
strong_defence,0,10,15,hegemony-1,hegemony,1
strong_defence,0,11,0,retaliation-1,retaliation,1
strong_defence,0,11,1,retaliation-1,retaliation,1
strong_defence,0,11,2,retaliation-1,retaliation,1
strong_defence,0,11,3,retaliation-1,retaliation,1
strong_defence,0,11,4,retaliation-1,retaliation,1
strong_defence,0,11,5,retaliation-1,retaliation,1
strong_defence,0,11,6,retaliation-1,retaliation,1
strong_defence,0,11,7,retaliation-1,retaliation,1
strong_defence,0,11,8,retaliation-1,retaliation,1
strong_defence,0,11,9,retaliation-1,retaliation,1
strong_defence,0,11,10,hegemony-1,hegemony,1
strong_defence,0,11,11,hegemony-1,hegemony,1
strong_defence,0,11,12,hegemony-1,hegemony,1
strong_defence,0,11,13,hegemony-1,hegemony,1
strong_defence,0,11,14,hegemony-1,hegemony,1
strong_defence,0,11,15,hegemony-1,hegemony,1
strong_defence,0,12,0,retaliation-1,retaliation,1
strong_defence,0,12,1,retaliation-1,retaliation,1
strong_defence,0,12,2,retaliation-1,retaliation,1
strong_defence,0,12,3,retaliation-1,retaliation,1
strong_defence,0,12,4,retaliation-1,retaliation,1
strong_defence,0,12,5,retaliation-1,retaliation,1
strong_defence,0,12,6,retaliation-1,retaliation,1
strong_defence,0,12,7,retaliation-1,retaliation,1
strong_defence,0,12,8,retaliation-1,retaliation,1
strong_defence,0,12,9,retaliation-1,retaliation,1
strong_defence,0,12,10,hegemony-1,hegemony,1
strong_defence,0,12,11,hegemony-1,hegemony,1
strong_defence,0,12,12,hegemony-1,hegemony,1
strong_defence,0,12,13,hegemony-1,hegemony,1
strong_defence,0,12,14,hegemony-1,hegemony,1
strong_defence,0,12,15,hegemony-1,hegemony,1
strong_defence,0,13,0,retaliation-1,retaliation,1
strong_defence,0,13,1,retaliation-1,retaliation,1
strong_defence,0,13,2,retaliation-1,retaliation,1
strong_defence,0,13,3,retaliation-1,retaliation,1
strong_defence,0,13,4,retaliation-1,retaliation,1
strong_defence,0,13,5,retaliation-1,retaliation,1
strong_defence,0,13,6,retaliation-1,retaliation,1
strong_defence,0,13,7,retaliation-1,retaliation,1
strong_defence,0,13,8,retaliation-1,retaliation,1
strong_defence,0,13,9,hegemony-1,hegemony,1
strong_defence,0,13,10,hegemony-1,hegemony,1
strong_defence,0,13,11,hegemony-1,hegemony,1
strong_defence,0,13,12,hegemony-1,hegemony,1
strong_defence,0,13,13,hegemony-1,hegemony,1
strong_defence,0,13,14,hegemony-1,hegemony,1
strong_defence,0,13,15,hegemony-1,hegemony,1
strong_defence,0,14,0,retaliation-1,retaliation,1
strong_defence,0,14,1,retaliation-1,retaliation,1
strong_defence,0,14,2,retaliation-1,retaliation,1
strong_defence,0,14,3,retaliation-1,retaliation,1
strong_defence,0,14,4,retaliation-1,retaliation,1
strong_defence,0,14,5,retaliation-1,retaliation,1
strong_defence,0,14,6,retaliation-1,retaliation,1
strong_defence,0,14,7,retaliation-1,retaliation,1
strong_defence,0,14,8,retaliation-1,retaliation,1
strong_defence,0,14,9,retaliation-1,retaliation,1
strong_defence,0,14,10,hegemony-1,hegemony,1
strong_defence,0,14,11,hegemony-1,hegemony,1
strong_defence,0,14,12,hegemony-1,hegemony,1
strong_defence,0,14,13,hegemony-1,hegemony,1
strong_defence,0,14,14,hegemony-1,hegemony,1
strong_defence,0,14,15,hegemony-1,hegemony,1
strong_defence,0,15,0,retaliation-1,retaliation,1
strong_defence,0,15,1,retaliation-1,retaliation,1
strong_defence,0,15,2,retaliation-1,retaliation,1
strong_defence,0,15,3,retaliation-1,retaliation,1
strong_defence,0,15,4,retaliation-1,retaliation,1
strong_defence,0,15,5,retaliation-1,retaliation,1
strong_defence,0,15,6,retaliation-1,retaliation,1
strong_defence,0,15,7,retaliation-1,retaliation,1
strong_defence,0,15,8,retaliation-1,retaliation,1
strong_defence,0,15,9,retaliation-1,retaliation,1
strong_defence,0,15,10,retaliation-1,retaliation,1
strong_defence,0,15,11,retaliation-1,retaliation,1
strong_defence,0,15,12,hegemony-1,hegemony,1
strong_defence,0,15,13,hegemony-1,hegemony,1
strong_defence,0,15,14,hegemony-1,hegemony,1
strong_defence,0,15,15,hegemony-1,hegemony,1
weak_defence,0,0,0,retaliation-1,retaliation,1
weak_defence,0,0,1,retaliation-1,retaliation,1
weak_defence,0,0,2,retaliation-1,retaliation,1
weak_defence,0,0,3,retaliation-1,retaliation,1
weak_defence,0,0,4,retaliation-1,retaliation,1
weak_defence,0,0,5,retaliation-1,retaliation,1
weak_defence,0,0,6,retaliation-1,retaliation,1
weak_defence,0,0,7,retaliation-1,retaliation,1
weak_defence,0,0,8,retaliation-1,retaliation,1
weak_defence,0,0,9,retaliation-1,retaliation,1
weak_defence,0,0,10,retaliation-1,retaliation,1
weak_defence,0,0,11,retaliation-1,retaliation,1
weak_defence,0,0,12,retaliation-1,retaliation,1
weak_defence,0,0,13,retaliation-1,retaliation,1
weak_defence,0,0,14,retaliation-1,retaliation,1
weak_defence,0,0,15,retaliation-1,retaliation,1
weak_defence,0,1,0,retaliation-1,retaliation,1
weak_defence,0,1,1,retaliation-1,retaliation,1
weak_defence,0,1,2,retaliation-1,retaliation,1
weak_defence,0,1,3,retaliation-1,retaliation,1
weak_defence,0,1,4,retaliation-1,retaliation,1
weak_defence,0,1,5,retaliation-1,retaliation,1
weak_defence,0,1,6,retaliation-1,retaliation,1
weak_defence,0,1,7,retaliation-1,retaliation,1
weak_defence,0,1,8,retaliation-1,retaliation,1
weak_defence,0,1,9,retaliation-1,retaliation,1
weak_defence,0,1,10,retaliation-1,retaliation,1
weak_defence,0,1,11,retaliation-1,retaliation,1
weak_defence,0,1,12,retaliation-1,retaliation,1
weak_defence,0,1,13,retaliation-1,retaliation,1
weak_defence,0,1,14,retaliation-1,retaliation,1
weak_defence,0,1,15,retaliation-1,retaliation,1
weak_defence,0,2,0,retaliation-1,retaliation,1
weak_defence,0,2,1,retaliation-1,retaliation,1
weak_defence,0,2,2,retaliation-1,retaliation,1
weak_defence,0,2,3,retaliation-1,retaliation,1
weak_defence,0,2,4,retaliation-1,retaliation,1
weak_defence,0,2,5,retaliation-1,retaliation,1
weak_defence,0,2,6,retaliation-1,retaliation,1
weak_defence,0,2,7,retaliation-1,retaliation,1
weak_defence,0,2,8,retaliation-1,retaliation,1
weak_defence,0,2,9,retaliation-1,retaliation,1
weak_defence,0,2,10,hegemony-1,hegemony,1
weak_defence,0,2,11,hegemony-1,hegemony,1
weak_defence,0,2,12,retaliation-1,retaliation,1
weak_defence,0,2,13,retaliation-1,retaliation,1
weak_defence,0,2,14,retaliation-1,retaliation,1
weak_defence,0,2,15,retaliation-1,retaliation,1
weak_defence,0,3,0,retaliation-1,retaliation,1
weak_defence,0,3,1,retaliation-1,retaliation,1
weak_defence,0,3,2,hegemony-1,hegemony,1
weak_defence,0,3,3,hegemony-1,hegemony,1
weak_defence,0,3,4,hegemony-1,hegemony,1
weak_defence,0,3,5,hegemony-1,hegemony,1
weak_defence,0,3,6,hegemony-1,hegemony,1
weak_defence,0,3,7,hegemony-1,hegemony,1
weak_defence,0,3,8,hegemony-1,hegemony,1
weak_defence,0,3,9,hegemony-1,hegemony,1
weak_defence,0,3,10,hegemony-1,hegemony,1
weak_defence,0,3,11,hegemony-1,hegemony,1
weak_defence,0,3,12,retaliation-1,retaliation,1
weak_defence,0,3,13,retaliation-1,retaliation,1
weak_defence,0,3,14,retaliation-1,retaliation,1
weak_defence,0,3,15,retaliation-1,retaliation,1
weak_defence,0,4,0,retaliation-1,retaliation,1
weak_defence,0,4,1,retaliation-1,retaliation,1
weak_defence,0,4,2,retaliation-1,retaliation,1
weak_defence,0,4,3,hegemony-1,hegemony,1
weak_defence,0,4,4,hegemony-1,hegemony,1
weak_defence,0,4,5,retaliation-1,retaliation,1
weak_defence,0,4,6,hegemony-1,hegemony,1
weak_defence,0,4,7,hegemony-1,hegemony,1
weak_defence,0,4,8,hegemony-1,hegemony,1
weak_defence,0,4,9,hegemony-1,hegemony,1
weak_defence,0,4,10,hegemony-1,hegemony,1
weak_defence,0,4,11,hegemony-1,hegemony,1
weak_defence,0,4,12,retaliation-1,retaliation,1
weak_defence,0,4,13,retaliation-1,retaliation,1
weak_defence,0,4,14,retaliation-1,retaliation,1
weak_defence,0,4,15,retaliation-1,retaliation,1
weak_defence,0,5,0,retaliation-1,retaliation,1
weak_defence,0,5,1,retaliation-1,retaliation,1
weak_defence,0,5,2,retaliation-1,retaliation,1
weak_defence,0,5,3,hegemony-1,hegemony,1
weak_defence,0,5,4,hegemony-1,hegemony,1
weak_defence,0,5,5,retaliation-1,retaliation,1
weak_defence,0,5,6,hegemony-1,hegemony,1
weak_defence,0,5,7,hegemony-1,hegemony,1
weak_defence,0,5,8,hegemony-1,hegemony,1
weak_defence,0,5,9,hegemony-1,hegemony,1
weak_defence,0,5,10,hegemony-1,hegemony,1
weak_defence,0,5,11,retaliation-1,retaliation,1
weak_defence,0,5,12,retaliation-1,retaliation,1
weak_defence,0,5,13,retaliation-1,retaliation,1
weak_defence,0,5,14,retaliation-1,retaliation,1
weak_defence,0,5,15,retaliation-1,retaliation,1
weak_defence,0,6,0,retaliation-1,retaliation,1
weak_defence,0,6,1,retaliation-1,retaliation,1
weak_defence,0,6,2,retaliation-1,retaliation,1
weak_defence,0,6,3,retaliation-1,retaliation,1
weak_defence,0,6,4,retaliation-1,retaliation,1
weak_defence,0,6,5,retaliation-1,retaliation,1
weak_defence,0,6,6,retaliation-1,retaliation,1
weak_defence,0,6,7,hegemony-1,hegemony,1
weak_defence,0,6,8,hegemony-1,hegemony,1
weak_defence,0,6,9,hegemony-1,hegemony,1
weak_defence,0,6,10,hegemony-1,hegemony,1
weak_defence,0,6,11,retaliation-1,retaliation,1
weak_defence,0,6,12,retaliation-1,retaliation,1
weak_defence,0,6,13,retaliation-1,retaliation,1
weak_defence,0,6,14,retaliation-1,retaliation,1
weak_defence,0,6,15,retaliation-1,retaliation,1
weak_defence,0,7,0,retaliation-1,retaliation,1
weak_defence,0,7,1,retaliation-1,retaliation,1
weak_defence,0,7,2,retaliation-1,retaliation,1
weak_defence,0,7,3,retaliation-1,retaliation,1
weak_defence,0,7,4,retaliation-1,retaliation,1
weak_defence,0,7,5,retaliation-1,retaliation,1
weak_defence,0,7,6,retaliation-1,retaliation,1
weak_defence,0,7,7,retaliation-1,retaliation,1
weak_defence,0,7,8,retaliation-1,retaliation,1
weak_defence,0,7,9,hegemony-1,hegemony,1
weak_defence,0,7,10,hegemony-1,hegemony,1
weak_defence,0,7,11,retaliation-1,retaliation,1
weak_defence,0,7,12,retaliation-1,retaliation,1
weak_defence,0,7,13,retaliation-1,retaliation,1
weak_defence,0,7,14,retaliation-1,retaliation,1
weak_defence,0,7,15,retaliation-1,retaliation,1
weak_defence,0,8,0,retaliation-1,retaliation,1
weak_defence,0,8,1,retaliation-1,retaliation,1
weak_defence,0,8,2,retaliation-1,retaliation,1
weak_defence,0,8,3,retaliation-1,retaliation,1
weak_defence,0,8,4,retaliation-1,retaliation,1
weak_defence,0,8,5,retaliation-1,retaliation,1
weak_defence,0,8,6,retaliation-1,retaliation,1
weak_defence,0,8,7,hegemony-1,hegemony,1
weak_defence,0,8,8,retaliation-1,retaliation,1
weak_defence,0,8,9,hegemony-1,hegemony,1
weak_defence,0,8,10,hegemony-1,hegemony,1
weak_defence,0,8,11,retaliation-1,retaliation,1
weak_defence,0,8,12,retaliation-1,retaliation,1
weak_defence,0,8,13,retaliation-1,retaliation,1
weak_defence,0,8,14,retaliation-1,retaliation,1
weak_defence,0,8,15,retaliation-1,retaliation,1
weak_defence,0,9,0,retaliation-1,retaliation,1
weak_defence,0,9,1,retaliation-1,retaliation,1
weak_defence,0,9,2,retaliation-1,retaliation,1
weak_defence,0,9,3,retaliation-1,retaliation,1
weak_defence,0,9,4,retaliation-1,retaliation,1
weak_defence,0,9,5,hegemony-1,hegemony,1
weak_defence,0,9,6,retaliation-1,retaliation,1
weak_defence,0,9,7,hegemony-1,hegemony,1
weak_defence,0,9,8,hegemony-1,hegemony,1
weak_defence,0,9,9,hegemony-1,hegemony,1
weak_defence,0,9,10,hegemony-1,hegemony,1
weak_defence,0,9,11,hegemony-1,hegemony,1
weak_defence,0,9,12,hegemony-1,hegemony,1
weak_defence,0,9,13,hegemony-1,hegemony,1
weak_defence,0,9,14,retaliation-1,retaliation,1
weak_defence,0,9,15,retaliation-1,retaliation,1
weak_defence,0,10,0,retaliation-1,retaliation,1
weak_defence,0,10,1,retaliation-1,retaliation,1
weak_defence,0,10,2,retaliation-1,retaliation,1
weak_defence,0,10,3,hegemony-1,hegemony,1
weak_defence,0,10,4,hegemony-1,hegemony,1
weak_defence,0,10,5,hegemony-1,hegemony,1
weak_defence,0,10,6,hegemony-1,hegemony,1
weak_defence,0,10,7,hegemony-1,hegemony,1
weak_defence,0,10,8,hegemony-1,hegemony,1
weak_defence,0,10,9,hegemony-1,hegemony,1
weak_defence,0,10,10,hegemony-1,hegemony,1
weak_defence,0,10,11,hegemony-1,hegemony,1
weak_defence,0,10,12,hegemony-1,hegemony,1
weak_defence,0,10,13,retaliation-1,retaliation,1
weak_defence,0,10,14,retaliation-1,retaliation,1
weak_defence,0,10,15,hegemony-1,hegemony,1
weak_defence,0,11,0,retaliation-1,retaliation,1
weak_defence,0,11,1,retaliation-1,retaliation,1
weak_defence,0,11,2,retaliation-1,retaliation,1
weak_defence,0,11,3,retaliation-1,retaliation,1
weak_defence,0,11,4,hegemony-1,hegemony,1
weak_defence,0,11,5,hegemony-1,hegemony,1
weak_defence,0,11,6,hegemony-1,hegemony,1
weak_defence,0,11,7,hegemony-1,hegemony,1
weak_defence,0,11,8,hegemony-1,hegemony,1
weak_defence,0,11,9,hegemony-1,hegemony,1
weak_defence,0,11,10,hegemony-1,hegemony,1
weak_defence,0,11,11,retaliation-1,retaliation,1
weak_defence,0,11,12,retaliation-1,retaliation,1
weak_defence,0,11,13,retaliation-1,retaliation,1
weak_defence,0,11,14,hegemony-1,hegemony,1
weak_defence,0,11,15,hegemony-1,hegemony,1
weak_defence,0,12,0,retaliation-1,retaliation,1
weak_defence,0,12,1,retaliation-1,retaliation,1
weak_defence,0,12,2,retaliation-1,retaliation,1
weak_defence,0,12,3,retaliation-1,retaliation,1
weak_defence,0,12,4,retaliation-1,retaliation,1
weak_defence,0,12,5,retaliation-1,retaliation,1
weak_defence,0,12,6,retaliation-1,retaliation,1
weak_defence,0,12,7,retaliation-1,retaliation,1
weak_defence,0,12,8,retaliation-1,retaliation,1
weak_defence,0,12,9,retaliation-1,retaliation,1
weak_defence,0,12,10,retaliation-1,retaliation,1
weak_defence,0,12,11,retaliation-1,retaliation,1
weak_defence,0,12,12,hegemony-1,hegemony,1
weak_defence,0,12,13,retaliation-1,retaliation,1
weak_defence,0,12,14,hegemony-1,hegemony,1
weak_defence,0,12,15,hegemony-1,hegemony,1
weak_defence,0,13,0,retaliation-1,retaliation,1
weak_defence,0,13,1,retaliation-1,retaliation,1
weak_defence,0,13,2,retaliation-1,retaliation,1
weak_defence,0,13,3,retaliation-1,retaliation,1
weak_defence,0,13,4,retaliation-1,retaliation,1
weak_defence,0,13,5,retaliation-1,retaliation,1
weak_defence,0,13,6,retaliation-1,retaliation,1
weak_defence,0,13,7,retaliation-1,retaliation,1
weak_defence,0,13,8,retaliation-1,retaliation,1
weak_defence,0,13,9,hegemony-1,hegemony,1
weak_defence,0,13,10,hegemony-1,hegemony,1
weak_defence,0,13,11,retaliation-1,retaliation,1
weak_defence,0,13,12,retaliation-1,retaliation,1
weak_defence,0,13,13,retaliation-1,retaliation,1
weak_defence,0,13,14,hegemony-1,hegemony,1
weak_defence,0,13,15,hegemony-1,hegemony,1
weak_defence,0,14,0,retaliation-1,retaliation,1
weak_defence,0,14,1,retaliation-1,retaliation,1
weak_defence,0,14,2,retaliation-1,retaliation,1
weak_defence,0,14,3,retaliation-1,retaliation,1
weak_defence,0,14,4,retaliation-1,retaliation,1
weak_defence,0,14,5,retaliation-1,retaliation,1
weak_defence,0,14,6,retaliation-1,retaliation,1
weak_defence,0,14,7,retaliation-1,retaliation,1
weak_defence,0,14,8,retaliation-1,retaliation,1
weak_defence,0,14,9,retaliation-1,retaliation,1
weak_defence,0,14,10,hegemony-1,hegemony,1
weak_defence,0,14,11,hegemony-1,hegemony,1
weak_defence,0,14,12,hegemony-1,hegemony,1
weak_defence,0,14,13,retaliation-1,retaliation,1
weak_defence,0,14,14,hegemony-1,hegemony,1
weak_defence,0,14,15,hegemony-1,hegemony,1
weak_defence,0,15,0,retaliation-1,retaliation,1
weak_defence,0,15,1,retaliation-1,retaliation,1
weak_defence,0,15,2,retaliation-1,retaliation,1
weak_defence,0,15,3,retaliation-1,retaliation,1
weak_defence,0,15,4,retaliation-1,retaliation,1
weak_defence,0,15,5,retaliation-1,retaliation,1
weak_defence,0,15,6,retaliation-1,retaliation,1
weak_defence,0,15,7,retaliation-1,retaliation,1
weak_defence,0,15,8,retaliation-1,retaliation,1
weak_defence,0,15,9,retaliation-1,retaliation,1
weak_defence,0,15,10,retaliation-1,retaliation,1
weak_defence,0,15,11,retaliation-1,retaliation,1
weak_defence,0,15,12,hegemony-1,hegemony,1
weak_defence,0,15,13,retaliation-1,retaliation,1
weak_defence,0,15,14,retaliation-1,retaliation,1
weak_defence,0,15,15,hegemony-1,hegemony,1
slow_growth,0,0,0,hegemony-1,hegemony,1
slow_growth,0,0,1,hegemony-1,hegemony,1
slow_growth,0,0,2,hegemony-1,hegemony,1
slow_growth,0,0,3,hegemony-1,hegemony,1
slow_growth,0,0,4,hegemony-1,hegemony,1
slow_growth,0,0,5,hegemony-1,hegemony,1
slow_growth,0,0,6,hegemony-1,hegemony,1
slow_growth,0,0,7,retaliation-1,retaliation,1
slow_growth,0,0,8,retaliation-1,retaliation,1
slow_growth,0,0,9,retaliation-1,retaliation,1
slow_growth,0,0,10,retaliation-1,retaliation,1
slow_growth,0,0,11,retaliation-1,retaliation,1
slow_growth,0,0,12,retaliation-1,retaliation,1
slow_growth,0,0,13,retaliation-1,retaliation,1
slow_growth,0,0,14,retaliation-1,retaliation,1
slow_growth,0,0,15,retaliation-1,retaliation,1
slow_growth,0,1,0,hegemony-1,hegemony,1
slow_growth,0,1,1,hegemony-1,hegemony,1
slow_growth,0,1,2,hegemony-1,hegemony,1
slow_growth,0,1,3,hegemony-1,hegemony,1
slow_growth,0,1,4,hegemony-1,hegemony,1
slow_growth,0,1,5,hegemony-1,hegemony,1
slow_growth,0,1,6,hegemony-1,hegemony,1
slow_growth,0,1,7,hegemony-1,hegemony,1
slow_growth,0,1,8,retaliation-1,retaliation,1
slow_growth,0,1,9,retaliation-1,retaliation,1
slow_growth,0,1,10,retaliation-1,retaliation,1
slow_growth,0,1,11,retaliation-1,retaliation,1
slow_growth,0,1,12,retaliation-1,retaliation,1
slow_growth,0,1,13,retaliation-1,retaliation,1
slow_growth,0,1,14,retaliation-1,retaliation,1
slow_growth,0,1,15,retaliation-1,retaliation,1
slow_growth,0,2,0,retaliation-1,retaliation,1
slow_growth,0,2,1,hegemony-1,hegemony,1
slow_growth,0,2,2,hegemony-1,hegemony,1
slow_growth,0,2,3,hegemony-1,hegemony,1
slow_growth,0,2,4,hegemony-1,hegemony,1
slow_growth,0,2,5,hegemony-1,hegemony,1
slow_growth,0,2,6,hegemony-1,hegemony,1
slow_growth,0,2,7,hegemony-1,hegemony,1
slow_growth,0,2,8,retaliation-1,retaliation,1
slow_growth,0,2,9,retaliation-1,retaliation,1
slow_growth,0,2,10,retaliation-1,retaliation,1
slow_growth,0,2,11,retaliation-1,retaliation,1
slow_growth,0,2,12,retaliation-1,retaliation,1
slow_growth,0,2,13,retaliation-1,retaliation,1
slow_growth,0,2,14,retaliation-1,retaliation,1
slow_growth,0,2,15,retaliation-1,retaliation,1
slow_growth,0,3,0,retaliation-1,retaliation,1
slow_growth,0,3,1,hegemony-1,hegemony,1
slow_growth,0,3,2,retaliation-1,retaliation,1
slow_growth,0,3,3,hegemony-1,hegemony,1
slow_growth,0,3,4,hegemony-1,hegemony,1
slow_growth,0,3,5,hegemony-1,hegemony,1
slow_growth,0,3,6,hegemony-1,hegemony,1
slow_growth,0,3,7,hegemony-1,hegemony,1
slow_growth,0,3,8,retaliation-1,retaliation,1
slow_growth,0,3,9,retaliation-1,retaliation,1
slow_growth,0,3,10,retaliation-1,retaliation,1
slow_growth,0,3,11,retaliation-1,retaliation,1
slow_growth,0,3,12,retaliation-1,retaliation,1
slow_growth,0,3,13,retaliation-1,retaliation,1
slow_growth,0,3,14,retaliation-1,retaliation,1
slow_growth,0,3,15,retaliation-1,retaliation,1
slow_growth,0,4,0,retaliation-1,retaliation,1
slow_growth,0,4,1,retaliation-1,retaliation,1
slow_growth,0,4,2,retaliation-1,retaliation,1
slow_growth,0,4,3,hegemony-1,hegemony,1
slow_growth,0,4,4,hegemony-1,hegemony,1
slow_growth,0,4,5,hegemony-1,hegemony,1
slow_growth,0,4,6,hegemony-1,hegemony,1
slow_growth,0,4,7,hegemony-1,hegemony,1
slow_growth,0,4,8,hegemony-1,hegemony,1
slow_growth,0,4,9,retaliation-1,retaliation,1
slow_growth,0,4,10,retaliation-1,retaliation,1
slow_growth,0,4,11,retaliation-1,retaliation,1
slow_growth,0,4,12,retaliation-1,retaliation,1
slow_growth,0,4,13,retaliation-1,retaliation,1
slow_growth,0,4,14,retaliation-1,retaliation,1
slow_growth,0,4,15,retaliation-1,retaliation,1
slow_growth,0,5,0,retaliation-1,retaliation,1
slow_growth,0,5,1,retaliation-1,retaliation,1
slow_growth,0,5,2,retaliation-1,retaliation,1
slow_growth,0,5,3,hegemony-1,hegemony,1
slow_growth,0,5,4,hegemony-1,hegemony,1
slow_growth,0,5,5,hegemony-1,hegemony,1
slow_growth,0,5,6,hegemony-1,hegemony,1
slow_growth,0,5,7,hegemony-1,hegemony,1
slow_growth,0,5,8,hegemony-1,hegemony,1
slow_growth,0,5,9,hegemony-1,hegemony,1
slow_growth,0,5,10,retaliation-1,retaliation,1
slow_growth,0,5,11,retaliation-1,retaliation,1
slow_growth,0,5,12,retaliation-1,retaliation,1
slow_growth,0,5,13,retaliation-1,retaliation,1
slow_growth,0,5,14,retaliation-1,retaliation,1
slow_growth,0,5,15,retaliation-1,retaliation,1
slow_growth,0,6,0,retaliation-1,retaliation,1
slow_growth,0,6,1,retaliation-1,retaliation,1
slow_growth,0,6,2,retaliation-1,retaliation,1
slow_growth,0,6,3,retaliation-1,retaliation,1
slow_growth,0,6,4,hegemony-1,hegemony,1
slow_growth,0,6,5,retaliation-1,retaliation,1
slow_growth,0,6,6,retaliation-1,retaliation,1
slow_growth,0,6,7,hegemony-1,hegemony,1
slow_growth,0,6,8,hegemony-1,hegemony,1
slow_growth,0,6,9,hegemony-1,hegemony,1
slow_growth,0,6,10,hegemony-1,hegemony,1
slow_growth,0,6,11,retaliation-1,retaliation,1
slow_growth,0,6,12,retaliation-1,retaliation,1
slow_growth,0,6,13,retaliation-1,retaliation,1
slow_growth,0,6,14,retaliation-1,retaliation,1
slow_growth,0,6,15,retaliation-1,retaliation,1
slow_growth,0,7,0,retaliation-1,retaliation,1
slow_growth,0,7,1,retaliation-1,retaliation,1
slow_growth,0,7,2,retaliation-1,retaliation,1
slow_growth,0,7,3,retaliation-1,retaliation,1
slow_growth,0,7,4,retaliation-1,retaliation,1
slow_growth,0,7,5,retaliation-1,retaliation,1
slow_growth,0,7,6,retaliation-1,retaliation,1
slow_growth,0,7,7,hegemony-1,hegemony,1
slow_growth,0,7,8,hegemony-1,hegemony,1
slow_growth,0,7,9,hegemony-1,hegemony,1
slow_growth,0,7,10,retaliation-1,retaliation,1
slow_growth,0,7,11,hegemony-1,hegemony,1
slow_growth,0,7,12,hegemony-1,hegemony,1
slow_growth,0,7,13,hegemony-1,hegemony,1
slow_growth,0,7,14,retaliation-1,retaliation,1
slow_growth,0,7,15,retaliation-1,retaliation,1
slow_growth,0,8,0,retaliation-1,retaliation,1
slow_growth,0,8,1,retaliation-1,retaliation,1
slow_growth,0,8,2,retaliation-1,retaliation,1
slow_growth,0,8,3,retaliation-1,retaliation,1
slow_growth,0,8,4,retaliation-1,retaliation,1
slow_growth,0,8,5,retaliation-1,retaliation,1
slow_growth,0,8,6,retaliation-1,retaliation,1
slow_growth,0,8,7,retaliation-1,retaliation,1
slow_growth,0,8,8,retaliation-1,retaliation,1
slow_growth,0,8,9,retaliation-1,retaliation,1
slow_growth,0,8,10,retaliation-1,retaliation,1
slow_growth,0,8,11,hegemony-1,hegemony,1
slow_growth,0,8,12,hegemony-1,hegemony,1
slow_growth,0,8,13,hegemony-1,hegemony,1
slow_growth,0,8,14,retaliation-1,retaliation,1
slow_growth,0,8,15,retaliation-1,retaliation,1
slow_growth,0,9,0,retaliation-1,retaliation,1
slow_growth,0,9,1,retaliation-1,retaliation,1
slow_growth,0,9,2,retaliation-1,retaliation,1
slow_growth,0,9,3,retaliation-1,retaliation,1
slow_growth,0,9,4,retaliation-1,retaliation,1
slow_growth,0,9,5,hegemony-1,hegemony,1
slow_growth,0,9,6,hegemony-1,hegemony,1
slow_growth,0,9,7,hegemony-1,hegemony,1
slow_growth,0,9,8,hegemony-1,hegemony,1
slow_growth,0,9,9,hegemony-1,hegemony,1
slow_growth,0,9,10,hegemony-1,hegemony,1
slow_growth,0,9,11,hegemony-1,hegemony,1
slow_growth,0,9,12,hegemony-1,hegemony,1
slow_growth,0,9,13,hegemony-1,hegemony,1
slow_growth,0,9,14,retaliation-1,retaliation,1
slow_growth,0,9,15,hegemony-1,hegemony,1
slow_growth,0,10,0,retaliation-1,retaliation,1
slow_growth,0,10,1,retaliation-1,retaliation,1
slow_growth,0,10,2,retaliation-1,retaliation,1
slow_growth,0,10,3,retaliation-1,retaliation,1
slow_growth,0,10,4,retaliation-1,retaliation,1
slow_growth,0,10,5,hegemony-1,hegemony,1
slow_growth,0,10,6,hegemony-1,hegemony,1
slow_growth,0,10,7,hegemony-1,hegemony,1
slow_growth,0,10,8,retaliation-1,retaliation,1
slow_growth,0,10,9,hegemony-1,hegemony,1
slow_growth,0,10,10,retaliation-1,retaliation,1
slow_growth,0,10,11,hegemony-1,hegemony,1
slow_growth,0,10,12,retaliation-1,retaliation,1
slow_growth,0,10,13,hegemony-1,hegemony,1
slow_growth,0,10,14,hegemony-1,hegemony,1
slow_growth,0,10,15,hegemony-1,hegemony,1
slow_growth,0,11,0,retaliation-1,retaliation,1
slow_growth,0,11,1,retaliation-1,retaliation,1
slow_growth,0,11,2,retaliation-1,retaliation,1
slow_growth,0,11,3,retaliation-1,retaliation,1
slow_growth,0,11,4,retaliation-1,retaliation,1
slow_growth,0,11,5,retaliation-1,retaliation,1
slow_growth,0,11,6,retaliation-1,retaliation,1
slow_growth,0,11,7,retaliation-1,retaliation,1
slow_growth,0,11,8,retaliation-1,retaliation,1
slow_growth,0,11,9,retaliation-1,retaliation,1
slow_growth,0,11,10,retaliation-1,retaliation,1
slow_growth,0,11,11,retaliation-1,retaliation,1
slow_growth,0,11,12,retaliation-1,retaliation,1
slow_growth,0,11,13,hegemony-1,hegemony,1
slow_growth,0,11,14,hegemony-1,hegemony,1
slow_growth,0,11,15,hegemony-1,hegemony,1
slow_growth,0,12,0,retaliation-1,retaliation,1
slow_growth,0,12,1,retaliation-1,retaliation,1
slow_growth,0,12,2,retaliation-1,retaliation,1
slow_growth,0,12,3,retaliation-1,retaliation,1
slow_growth,0,12,4,retaliation-1,retaliation,1
slow_growth,0,12,5,retaliation-1,retaliation,1
slow_growth,0,12,6,retaliation-1,retaliation,1
slow_growth,0,12,7,retaliation-1,retaliation,1
slow_growth,0,12,8,retaliation-1,retaliation,1
slow_growth,0,12,9,retaliation-1,retaliation,1
slow_growth,0,12,10,retaliation-1,retaliation,1
slow_growth,0,12,11,retaliation-1,retaliation,1
slow_growth,0,12,12,hegemony-1,hegemony,1
slow_growth,0,12,13,hegemony-1,hegemony,1
slow_growth,0,12,14,hegemony-1,hegemony,1
slow_growth,0,12,15,hegemony-1,hegemony,1
slow_growth,0,13,0,retaliation-1,retaliation,1
slow_growth,0,13,1,retaliation-1,retaliation,1
slow_growth,0,13,2,retaliation-1,retaliation,1
slow_growth,0,13,3,retaliation-1,retaliation,1
slow_growth,0,13,4,retaliation-1,retaliation,1
slow_growth,0,13,5,retaliation-1,retaliation,1
slow_growth,0,13,6,retaliation-1,retaliation,1
slow_growth,0,13,7,retaliation-1,retaliation,1
slow_growth,0,13,8,retaliation-1,retaliation,1
slow_growth,0,13,9,hegemony-1,hegemony,1
slow_growth,0,13,10,hegemony-1,hegemony,1
slow_growth,0,13,11,retaliation-1,retaliation,1
slow_growth,0,13,12,retaliation-1,retaliation,1
slow_growth,0,13,13,hegemony-1,hegemony,1
slow_growth,0,13,14,hegemony-1,hegemony,1
slow_growth,0,13,15,hegemony-1,hegemony,1
slow_growth,0,14,0,retaliation-1,retaliation,1
slow_growth,0,14,1,retaliation-1,retaliation,1
slow_growth,0,14,2,retaliation-1,retaliation,1
slow_growth,0,14,3,retaliation-1,retaliation,1
slow_growth,0,14,4,retaliation-1,retaliation,1
slow_growth,0,14,5,retaliation-1,retaliation,1
slow_growth,0,14,6,retaliation-1,retaliation,1
slow_growth,0,14,7,retaliation-1,retaliation,1
slow_growth,0,14,8,retaliation-1,retaliation,1
slow_growth,0,14,9,retaliation-1,retaliation,1
slow_growth,0,14,10,hegemony-1,hegemony,1
slow_growth,0,14,11,hegemony-1,hegemony,1
slow_growth,0,14,12,hegemony-1,hegemony,1
slow_growth,0,14,13,hegemony-1,hegemony,1
slow_growth,0,14,14,hegemony-1,hegemony,1
slow_growth,0,14,15,hegemony-1,hegemony,1
slow_growth,0,15,0,retaliation-1,retaliation,1
slow_growth,0,15,1,retaliation-1,retaliation,1
slow_growth,0,15,2,retaliation-1,retaliation,1
slow_growth,0,15,3,retaliation-1,retaliation,1
slow_growth,0,15,4,retaliation-1,retaliation,1
slow_growth,0,15,5,retaliation-1,retaliation,1
slow_growth,0,15,6,retaliation-1,retaliation,1
slow_growth,0,15,7,retaliation-1,retaliation,1
slow_growth,0,15,8,retaliation-1,retaliation,1
slow_growth,0,15,9,retaliation-1,retaliation,1
slow_growth,0,15,10,retaliation-1,retaliation,1
slow_growth,0,15,11,retaliation-1,retaliation,1
slow_growth,0,15,12,hegemony-1,hegemony,1
slow_growth,0,15,13,hegemony-1,hegemony,1
slow_growth,0,15,14,hegemony-1,hegemony,1
slow_growth,0,15,15,hegemony-1,hegemony,1
one_aggressor,0,0,0,peace-4,peace,1
one_aggressor,0,0,1,peace-4,peace,1
one_aggressor,0,0,2,peace-4,peace,1
one_aggressor,0,0,3,peace-4,peace,1
one_aggressor,0,0,4,peace-4,peace,1
one_aggressor,0,0,5,peace-4,peace,1
one_aggressor,0,0,6,peace-4,peace,1
one_aggressor,0,0,7,peace-4,peace,1
one_aggressor,0,0,8,peace-4,peace,1
one_aggressor,0,0,9,peace-4,peace,1
one_aggressor,0,0,10,peace-4,peace,1
one_aggressor,0,0,11,peace-4,peace,1
one_aggressor,0,0,12,peace-4,peace,1
one_aggressor,0,0,13,peace-4,peace,1
one_aggressor,0,0,14,peace-4,peace,1
one_aggressor,0,0,15,peace-4,peace,1
one_aggressor,0,1,0,peace-4,peace,1
one_aggressor,0,1,1,peace-4,peace,1
one_aggressor,0,1,2,peace-4,peace,1
one_aggressor,0,1,3,peace-4,peace,1
one_aggressor,0,1,4,peace-4,peace,1
one_aggressor,0,1,5,peace-4,peace,1
one_aggressor,0,1,6,peace-4,peace,1
one_aggressor,0,1,7,peace-4,peace,1
one_aggressor,0,1,8,peace-4,peace,1
one_aggressor,0,1,9,peace-4,peace,1
one_aggressor,0,1,10,peace-4,peace,1
one_aggressor,0,1,11,peace-4,peace,1
one_aggressor,0,1,12,peace-4,peace,1
one_aggressor,0,1,13,peace-4,peace,1
one_aggressor,0,1,14,peace-4,peace,1
one_aggressor,0,1,15,peace-4,peace,1
one_aggressor,0,2,0,peace-4,peace,1
one_aggressor,0,2,1,peace-4,peace,1
one_aggressor,0,2,2,peace-4,peace,1
one_aggressor,0,2,3,peace-4,peace,1
one_aggressor,0,2,4,peace-4,peace,1
one_aggressor,0,2,5,peace-4,peace,1
one_aggressor,0,2,6,peace-4,peace,1
one_aggressor,0,2,7,peace-4,peace,1
one_aggressor,0,2,8,peace-4,peace,1
one_aggressor,0,2,9,peace-4,peace,1
one_aggressor,0,2,10,peace-4,peace,1
one_aggressor,0,2,11,peace-4,peace,1
one_aggressor,0,2,12,peace-4,peace,1
one_aggressor,0,2,13,peace-4,peace,1
one_aggressor,0,2,14,peace-4,peace,1
one_aggressor,0,2,15,peace-4,peace,1
one_aggressor,0,3,0,peace-4,peace,1
one_aggressor,0,3,1,peace-4,peace,1
one_aggressor,0,3,2,peace-4,peace,1
one_aggressor,0,3,3,peace-4,peace,1
one_aggressor,0,3,4,peace-4,peace,1
one_aggressor,0,3,5,peace-4,peace,1
one_aggressor,0,3,6,peace-4,peace,1
one_aggressor,0,3,7,peace-4,peace,1
one_aggressor,0,3,8,peace-4,peace,1
one_aggressor,0,3,9,peace-4,peace,1
one_aggressor,0,3,10,peace-4,peace,1
one_aggressor,0,3,11,peace-4,peace,1
one_aggressor,0,3,12,peace-4,peace,1
one_aggressor,0,3,13,peace-4,peace,1
one_aggressor,0,3,14,peace-4,peace,1
one_aggressor,0,3,15,peace-4,peace,1
one_aggressor,0,4,0,peace-4,peace,1
one_aggressor,0,4,1,peace-4,peace,1
one_aggressor,0,4,2,hegemony-1,hegemony,1
one_aggressor,0,4,3,hegemony-1,hegemony,1
one_aggressor,0,4,4,peace-4,peace,1
one_aggressor,0,4,5,peace-4,peace,1
one_aggressor,0,4,6,peace-4,peace,1
one_aggressor,0,4,7,peace-4,peace,1
one_aggressor,0,4,8,peace-4,peace,1
one_aggressor,0,4,9,peace-4,peace,1
one_aggressor,0,4,10,peace-4,peace,1
one_aggressor,0,4,11,peace-4,peace,1
one_aggressor,0,4,12,peace-4,peace,1
one_aggressor,0,4,13,peace-4,peace,1
one_aggressor,0,4,14,peace-4,peace,1
one_aggressor,0,4,15,peace-4,peace,1
one_aggressor,0,5,0,peace-4,peace,1
one_aggressor,0,5,1,peace-4,peace,1
one_aggressor,0,5,2,hegemony-1,hegemony,1
one_aggressor,0,5,3,hegemony-1,hegemony,1
one_aggressor,0,5,4,hegemony-1,hegemony,1
one_aggressor,0,5,5,peace-4,peace,1
one_aggressor,0,5,6,peace-4,peace,1
one_aggressor,0,5,7,peace-4,peace,1
one_aggressor,0,5,8,peace-4,peace,1
one_aggressor,0,5,9,peace-4,peace,1
one_aggressor,0,5,10,peace-4,peace,1
one_aggressor,0,5,11,peace-4,peace,1
one_aggressor,0,5,12,peace-4,peace,1
one_aggressor,0,5,13,peace-4,peace,1
one_aggressor,0,5,14,peace-4,peace,1
one_aggressor,0,5,15,peace-4,peace,1
one_aggressor,0,6,0,hegemony-1,hegemony,1
one_aggressor,0,6,1,hegemony-1,hegemony,1
one_aggressor,0,6,2,hegemony-1,hegemony,1
one_aggressor,0,6,3,hegemony-1,hegemony,1
one_aggressor,0,6,4,hegemony-1,hegemony,1
one_aggressor,0,6,5,peace-4,peace,1
one_aggressor,0,6,6,peace-4,peace,1
one_aggressor,0,6,7,peace-4,peace,1
one_aggressor,0,6,8,peace-4,peace,1
one_aggressor,0,6,9,peace-4,peace,1
one_aggressor,0,6,10,peace-4,peace,1
one_aggressor,0,6,11,peace-4,peace,1
one_aggressor,0,6,12,peace-4,peace,1
one_aggressor,0,6,13,peace-4,peace,1
one_aggressor,0,6,14,peace-4,peace,1
one_aggressor,0,6,15,peace-4,peace,1
one_aggressor,0,7,0,hegemony-1,hegemony,1
one_aggressor,0,7,1,hegemony-1,hegemony,1
one_aggressor,0,7,2,hegemony-1,hegemony,1
one_aggressor,0,7,3,hegemony-1,hegemony,1
one_aggressor,0,7,4,hegemony-1,hegemony,1
one_aggressor,0,7,5,hegemony-1,hegemony,1
one_aggressor,0,7,6,peace-4,peace,1
one_aggressor,0,7,7,peace-4,peace,1
one_aggressor,0,7,8,peace-4,peace,1
one_aggressor,0,7,9,peace-4,peace,1
one_aggressor,0,7,10,peace-4,peace,1
one_aggressor,0,7,11,peace-4,peace,1
one_aggressor,0,7,12,peace-4,peace,1
one_aggressor,0,7,13,peace-4,peace,1
one_aggressor,0,7,14,peace-4,peace,1
one_aggressor,0,7,15,peace-4,peace,1
one_aggressor,0,8,0,hegemony-1,hegemony,1
one_aggressor,0,8,1,hegemony-1,hegemony,1
one_aggressor,0,8,2,hegemony-1,hegemony,1
one_aggressor,0,8,3,hegemony-1,hegemony,1
one_aggressor,0,8,4,hegemony-1,hegemony,1
one_aggressor,0,8,5,peace-4,peace,1
one_aggressor,0,8,6,peace-4,peace,1
one_aggressor,0,8,7,peace-4,peace,1
one_aggressor,0,8,8,peace-4,peace,1
one_aggressor,0,8,9,peace-4,peace,1
one_aggressor,0,8,10,peace-4,peace,1
one_aggressor,0,8,11,peace-4,peace,1
one_aggressor,0,8,12,hegemony-1,hegemony,1
one_aggressor,0,8,13,peace-4,peace,1
one_aggressor,0,8,14,peace-4,peace,1
one_aggressor,0,8,15,peace-4,peace,1
one_aggressor,0,9,0,peace-4,peace,1
one_aggressor,0,9,1,peace-4,peace,1
one_aggressor,0,9,2,peace-4,peace,1
one_aggressor,0,9,3,hegemony-1,hegemony,1
one_aggressor,0,9,4,hegemony-1,hegemony,1
one_aggressor,0,9,5,peace-4,peace,1
one_aggressor,0,9,6,peace-4,peace,1
one_aggressor,0,9,7,hegemony-1,hegemony,1
one_aggressor,0,9,8,peace-4,peace,1
one_aggressor,0,9,9,peace-4,peace,1
one_aggressor,0,9,10,hegemony-1,hegemony,1
one_aggressor,0,9,11,hegemony-1,hegemony,1
one_aggressor,0,9,12,hegemony-1,hegemony,1
one_aggressor,0,9,13,peace-4,peace,1
one_aggressor,0,9,14,peace-4,peace,1
one_aggressor,0,9,15,peace-4,peace,1
one_aggressor,0,10,0,peace-4,peace,1
one_aggressor,0,10,1,peace-4,peace,1
one_aggressor,0,10,2,peace-4,peace,1
one_aggressor,0,10,3,peace-4,peace,1
one_aggressor,0,10,4,hegemony-1,hegemony,1
one_aggressor,0,10,5,hegemony-1,hegemony,1
one_aggressor,0,10,6,peace-4,peace,1
one_aggressor,0,10,7,hegemony-1,hegemony,1
one_aggressor,0,10,8,hegemony-1,hegemony,1
one_aggressor,0,10,9,hegemony-1,hegemony,1
one_aggressor,0,10,10,hegemony-1,hegemony,1
one_aggressor,0,10,11,hegemony-1,hegemony,1
one_aggressor,0,10,12,peace-4,peace,1
one_aggressor,0,10,13,peace-4,peace,1
one_aggressor,0,10,14,peace-4,peace,1
one_aggressor,0,10,15,peace-4,peace,1
one_aggressor,0,11,0,peace-4,peace,1
one_aggressor,0,11,1,peace-4,peace,1
one_aggressor,0,11,2,peace-4,peace,1
one_aggressor,0,11,3,peace-4,peace,1
one_aggressor,0,11,4,hegemony-1,hegemony,1
one_aggressor,0,11,5,hegemony-1,hegemony,1
one_aggressor,0,11,6,hegemony-1,hegemony,1
one_aggressor,0,11,7,hegemony-1,hegemony,1
one_aggressor,0,11,8,hegemony-1,hegemony,1
one_aggressor,0,11,9,hegemony-1,hegemony,1
one_aggressor,0,11,10,peace-4,peace,1
one_aggressor,0,11,11,peace-4,peace,1
one_aggressor,0,11,12,peace-4,peace,1
one_aggressor,0,11,13,peace-4,peace,1
one_aggressor,0,11,14,peace-4,peace,1
one_aggressor,0,11,15,peace-4,peace,1
one_aggressor,0,12,0,peace-4,peace,1
one_aggressor,0,12,1,peace-4,peace,1
one_aggressor,0,12,2,peace-4,peace,1
one_aggressor,0,12,3,peace-4,peace,1
one_aggressor,0,12,4,hegemony-1,hegemony,1
one_aggressor,0,12,5,hegemony-1,hegemony,1
one_aggressor,0,12,6,hegemony-1,hegemony,1
one_aggressor,0,12,7,hegemony-1,hegemony,1
one_aggressor,0,12,8,hegemony-1,hegemony,1
one_aggressor,0,12,9,peace-4,peace,1
one_aggressor,0,12,10,peace-4,peace,1
one_aggressor,0,12,11,peace-4,peace,1
one_aggressor,0,12,12,peace-4,peace,1
one_aggressor,0,12,13,peace-4,peace,1
one_aggressor,0,12,14,peace-4,peace,1
one_aggressor,0,12,15,peace-4,peace,1
one_aggressor,0,13,0,peace-4,peace,1
one_aggressor,0,13,1,peace-4,peace,1
one_aggressor,0,13,2,peace-4,peace,1
one_aggressor,0,13,3,peace-4,peace,1
one_aggressor,0,13,4,hegemony-1,hegemony,1
one_aggressor,0,13,5,hegemony-1,hegemony,1
one_aggressor,0,13,6,hegemony-1,hegemony,1
one_aggressor,0,13,7,hegemony-1,hegemony,1
one_aggressor,0,13,8,peace-4,peace,1
one_aggressor,0,13,9,peace-4,peace,1
one_aggressor,0,13,10,peace-4,peace,1
one_aggressor,0,13,11,peace-4,peace,1
one_aggressor,0,13,12,peace-4,peace,1
one_aggressor,0,13,13,peace-4,peace,1
one_aggressor,0,13,14,peace-4,peace,1
one_aggressor,0,13,15,peace-4,peace,1
one_aggressor,0,14,0,peace-4,peace,1
one_aggressor,0,14,1,peace-4,peace,1
one_aggressor,0,14,2,peace-4,peace,1
one_aggressor,0,14,3,hegemony-1,hegemony,1
one_aggressor,0,14,4,hegemony-1,hegemony,1
one_aggressor,0,14,5,hegemony-1,hegemony,1
one_aggressor,0,14,6,hegemony-1,hegemony,1
one_aggressor,0,14,7,peace-4,peace,1
one_aggressor,0,14,8,peace-4,peace,1
one_aggressor,0,14,9,peace-4,peace,1
one_aggressor,0,14,10,peace-4,peace,1
one_aggressor,0,14,11,peace-4,peace,1
one_aggressor,0,14,12,peace-4,peace,1
one_aggressor,0,14,13,peace-4,peace,1
one_aggressor,0,14,14,peace-4,peace,1
one_aggressor,0,14,15,peace-4,peace,1
one_aggressor,0,15,0,peace-4,peace,1
one_aggressor,0,15,1,peace-4,peace,1
one_aggressor,0,15,2,peace-4,peace,1
one_aggressor,0,15,3,peace-4,peace,1
one_aggressor,0,15,4,peace-4,peace,1
one_aggressor,0,15,5,peace-4,peace,1
one_aggressor,0,15,6,peace-4,peace,1
one_aggressor,0,15,7,peace-4,peace,1
one_aggressor,0,15,8,peace-4,peace,1
one_aggressor,0,15,9,peace-4,peace,1
one_aggressor,0,15,10,peace-4,peace,1
one_aggressor,0,15,11,peace-4,peace,1
one_aggressor,0,15,12,peace-4,peace,1
one_aggressor,0,15,13,peace-4,peace,1
one_aggressor,0,15,14,peace-4,peace,1
one_aggressor,0,15,15,peace-4,peace,1
many_aggressors,0,0,0,hegemony-3,hegemony,1
many_aggressors,0,0,1,hegemony-3,hegemony,1
many_aggressors,0,0,2,hegemony-3,hegemony,1
many_aggressors,0,0,3,hegemony-3,hegemony,1
many_aggressors,0,0,4,hegemony-3,hegemony,1
many_aggressors,0,0,5,hegemony-3,hegemony,1
many_aggressors,0,0,6,hegemony-3,hegemony,1
many_aggressors,0,0,7,hegemony-3,hegemony,1
many_aggressors,0,0,8,,,
many_aggressors,0,0,9,,,
many_aggressors,0,0,10,,,
many_aggressors,0,0,11,hegemony-3,hegemony,1
many_aggressors,0,0,12,hegemony-3,hegemony,1
many_aggressors,0,0,13,hegemony-3,hegemony,1
many_aggressors,0,0,14,hegemony-3,hegemony,1
many_aggressors,0,0,15,hegemony-3,hegemony,1
many_aggressors,0,1,0,,,
many_aggressors,0,1,1,,,
many_aggressors,0,1,2,,,
many_aggressors,0,1,3,hegemony-3,hegemony,1
many_aggressors,0,1,4,hegemony-3,hegemony,1
many_aggressors,0,1,5,hegemony-3,hegemony,1
many_aggressors,0,1,6,hegemony-3,hegemony,1
many_aggressors,0,1,7,hegemony-3,hegemony,1
many_aggressors,0,1,8,hegemony-3,hegemony,1
many_aggressors,0,1,9,,,
many_aggressors,0,1,10,,,
many_aggressors,0,1,11,,,
many_aggressors,0,1,12,hegemony-3,hegemony,1
many_aggressors,0,1,13,hegemony-3,hegemony,1
many_aggressors,0,1,14,hegemony-3,hegemony,1
many_aggressors,0,1,15,hegemony-3,hegemony,1
many_aggressors,0,2,0,,,
many_aggressors,0,2,1,,,
many_aggressors,0,2,2,hegemony-3,hegemony,1
many_aggressors,0,2,3,hegemony-3,hegemony,1
many_aggressors,0,2,4,hegemony-3,hegemony,1
many_aggressors,0,2,5,hegemony-3,hegemony,1
many_aggressors,0,2,6,hegemony-3,hegemony,1
many_aggressors,0,2,7,hegemony-3,hegemony,1
many_aggressors,0,2,8,hegemony-3,hegemony,1
many_aggressors,0,2,9,hegemony-3,hegemony,1
many_aggressors,0,2,10,hegemony-3,hegemony,1
many_aggressors,0,2,11,hegemony-3,hegemony,1
many_aggressors,0,2,12,hegemony-3,hegemony,1
many_aggressors,0,2,13,hegemony-3,hegemony,1
many_aggressors,0,2,14,hegemony-2,hegemony,1
many_aggressors,0,2,15,hegemony-3,hegemony,1
many_aggressors,0,3,0,,,
many_aggressors,0,3,1,,,
many_aggressors,0,3,2,,,
many_aggressors,0,3,3,,,
many_aggressors,0,3,4,hegemony-3,hegemony,1
many_aggressors,0,3,5,hegemony-3,hegemony,1
many_aggressors,0,3,6,,,
many_aggressors,0,3,7,hegemony-3,hegemony,1
many_aggressors,0,3,8,hegemony-3,hegemony,1
many_aggressors,0,3,9,hegemony-3,hegemony,1
many_aggressors,0,3,10,hegemony-3,hegemony,1
many_aggressors,0,3,11,hegemony-3,hegemony,1
many_aggressors,0,3,12,hegemony-3,hegemony,1
many_aggressors,0,3,13,hegemony-3,hegemony,1
many_aggressors,0,3,14,hegemony-2,hegemony,1
many_aggressors,0,3,15,hegemony-3,hegemony,1
many_aggressors,0,4,0,,,
many_aggressors,0,4,1,,,
many_aggressors,0,4,2,,,
many_aggressors,0,4,3,,,
many_aggressors,0,4,4,hegemony-2,hegemony,1
many_aggressors,0,4,5,hegemony-2,hegemony,1
many_aggressors,0,4,6,,,
many_aggressors,0,4,7,,,
many_aggressors,0,4,8,,,
many_aggressors,0,4,9,,,
many_aggressors,0,4,10,hegemony-2,hegemony,1
many_aggressors,0,4,11,hegemony-2,hegemony,1
many_aggressors,0,4,12,hegemony-3,hegemony,1
many_aggressors,0,4,13,hegemony-3,hegemony,1
many_aggressors,0,4,14,hegemony-3,hegemony,1
many_aggressors,0,4,15,hegemony-3,hegemony,1
many_aggressors,0,5,0,,,
many_aggressors,0,5,1,,,
many_aggressors,0,5,2,,,
many_aggressors,0,5,3,,,
many_aggressors,0,5,4,,,
many_aggressors,0,5,5,hegemony-2,hegemony,1
many_aggressors,0,5,6,,,
many_aggressors,0,5,7,hegemony-2,hegemony,1
many_aggressors,0,5,8,hegemony-3,hegemony,1
many_aggressors,0,5,9,hegemony-3,hegemony,1
many_aggressors,0,5,10,hegemony-3,hegemony,1
many_aggressors,0,5,11,hegemony-3,hegemony,1
many_aggressors,0,5,12,hegemony-3,hegemony,1
many_aggressors,0,5,13,hegemony-3,hegemony,1
many_aggressors,0,5,14,,,
many_aggressors,0,5,15,hegemony-3,hegemony,1
many_aggressors,0,6,0,,,
many_aggressors,0,6,1,hegemony-2,hegemony,1
many_aggressors,0,6,2,,,
many_aggressors,0,6,3,,,
many_aggressors,0,6,4,hegemony-2,hegemony,1
many_aggressors,0,6,5,hegemony-2,hegemony,1
many_aggressors,0,6,6,hegemony-2,hegemony,1
many_aggressors,0,6,7,hegemony-2,hegemony,1
many_aggressors,0,6,8,hegemony-2,hegemony,1
many_aggressors,0,6,9,hegemony-2,hegemony,1
many_aggressors,0,6,10,hegemony-3,hegemony,1
many_aggressors,0,6,11,hegemony-3,hegemony,1
many_aggressors,0,6,12,hegemony-3,hegemony,1
many_aggressors,0,6,13,hegemony-3,hegemony,1
many_aggressors,0,6,14,hegemony-3,hegemony,1
many_aggressors,0,6,15,,,
many_aggressors,0,7,0,,,
many_aggressors,0,7,1,hegemony-2,hegemony,1
many_aggressors,0,7,2,hegemony-2,hegemony,1
many_aggressors,0,7,3,,,
many_aggressors,0,7,4,,,
many_aggressors,0,7,5,hegemony-2,hegemony,1
many_aggressors,0,7,6,,,
many_aggressors,0,7,7,hegemony-2,hegemony,1
many_aggressors,0,7,8,hegemony-2,hegemony,1
many_aggressors,0,7,9,hegemony-2,hegemony,1
many_aggressors,0,7,10,hegemony-3,hegemony,1
many_aggressors,0,7,11,hegemony-3,hegemony,1
many_aggressors,0,7,12,hegemony-3,hegemony,1
many_aggressors,0,7,13,hegemony-3,hegemony,1
many_aggressors,0,7,14,,,
many_aggressors,0,7,15,hegemony-3,hegemony,1
many_aggressors,0,8,0,hegemony-2,hegemony,1
many_aggressors,0,8,1,,,
many_aggressors,0,8,2,hegemony-2,hegemony,1
many_aggressors,0,8,3,hegemony-2,hegemony,1
many_aggressors,0,8,4,,,
many_aggressors,0,8,5,hegemony-2,hegemony,1
many_aggressors,0,8,6,,,
many_aggressors,0,8,7,hegemony-2,hegemony,1
many_aggressors,0,8,8,hegemony-2,hegemony,1
many_aggressors,0,8,9,hegemony-2,hegemony,1
many_aggressors,0,8,10,hegemony-2,hegemony,1
many_aggressors,0,8,11,hegemony-2,hegemony,1
many_aggressors,0,8,12,hegemony-3,hegemony,1
many_aggressors,0,8,13,hegemony-3,hegemony,1
many_aggressors,0,8,14,hegemony-3,hegemony,1
many_aggressors,0,8,15,hegemony-3,hegemony,1
many_aggressors,0,9,0,hegemony-2,hegemony,1
many_aggressors,0,9,1,hegemony-2,hegemony,1
many_aggressors,0,9,2,hegemony-2,hegemony,1
many_aggressors,0,9,3,hegemony-2,hegemony,1
many_aggressors,0,9,4,,,
many_aggressors,0,9,5,hegemony-2,hegemony,1
many_aggressors,0,9,6,,,
many_aggressors,0,9,7,hegemony-2,hegemony,1
many_aggressors,0,9,8,hegemony-2,hegemony,1
many_aggressors,0,9,9,hegemony-3,hegemony,1
many_aggressors,0,9,10,hegemony-3,hegemony,1
many_aggressors,0,9,11,,,
many_aggressors,0,9,12,hegemony-3,hegemony,1
many_aggressors,0,9,13,hegemony-3,hegemony,1
many_aggressors,0,9,14,hegemony-3,hegemony,1
many_aggressors,0,9,15,hegemony-3,hegemony,1
many_aggressors,0,10,0,hegemony-2,hegemony,1
many_aggressors,0,10,1,hegemony-2,hegemony,1
many_aggressors,0,10,2,hegemony-2,hegemony,1
many_aggressors,0,10,3,hegemony-2,hegemony,1
many_aggressors,0,10,4,hegemony-2,hegemony,1
many_aggressors,0,10,5,hegemony-2,hegemony,1
many_aggressors,0,10,6,,,
many_aggressors,0,10,7,hegemony-2,hegemony,1
many_aggressors,0,10,8,hegemony-2,hegemony,1
many_aggressors,0,10,9,hegemony-3,hegemony,1
many_aggressors,0,10,10,hegemony-3,hegemony,1
many_aggressors,0,10,11,hegemony-3,hegemony,1
many_aggressors,0,10,12,hegemony-3,hegemony,1
many_aggressors,0,10,13,hegemony-3,hegemony,1
many_aggressors,0,10,14,hegemony-3,hegemony,1
many_aggressors,0,10,15,hegemony-3,hegemony,1
many_aggressors,0,11,0,,,
many_aggressors,0,11,1,hegemony-2,hegemony,1
many_aggressors,0,11,2,hegemony-2,hegemony,1
many_aggressors,0,11,3,hegemony-2,hegemony,1
many_aggressors,0,11,4,hegemony-2,hegemony,1
many_aggressors,0,11,5,hegemony-2,hegemony,1
many_aggressors,0,11,6,hegemony-2,hegemony,1
many_aggressors,0,11,7,hegemony-2,hegemony,1
many_aggressors,0,11,8,hegemony-2,hegemony,1
many_aggressors,0,11,9,,,
many_aggressors,0,11,10,hegemony-3,hegemony,1
many_aggressors,0,11,11,hegemony-3,hegemony,1
many_aggressors,0,11,12,hegemony-3,hegemony,1
many_aggressors,0,11,13,hegemony-3,hegemony,1
many_aggressors,0,11,14,hegemony-3,hegemony,1
many_aggressors,0,11,15,hegemony-3,hegemony,1
many_aggressors,0,12,0,hegemony-2,hegemony,1
many_aggressors,0,12,1,hegemony-2,hegemony,1
many_aggressors,0,12,2,,,
many_aggressors,0,12,3,,,
many_aggressors,0,12,4,hegemony-2,hegemony,1
many_aggressors,0,12,5,hegemony-2,hegemony,1
many_aggressors,0,12,6,hegemony-2,hegemony,1
many_aggressors,0,12,7,hegemony-3,hegemony,1
many_aggressors,0,12,8,hegemony-3,hegemony,1
many_aggressors,0,12,9,hegemony-3,hegemony,1
many_aggressors,0,12,10,hegemony-3,hegemony,1
many_aggressors,0,12,11,hegemony-3,hegemony,1
many_aggressors,0,12,12,hegemony-3,hegemony,1
many_aggressors,0,12,13,hegemony-3,hegemony,1
many_aggressors,0,12,14,hegemony-3,hegemony,1
many_aggressors,0,12,15,hegemony-3,hegemony,1
many_aggressors,0,13,0,hegemony-2,hegemony,1
many_aggressors,0,13,1,hegemony-2,hegemony,1
many_aggressors,0,13,2,hegemony-2,hegemony,1
many_aggressors,0,13,3,hegemony-3,hegemony,1
many_aggressors,0,13,4,hegemony-3,hegemony,1
many_aggressors,0,13,5,hegemony-3,hegemony,1
many_aggressors,0,13,6,hegemony-3,hegemony,1
many_aggressors,0,13,7,hegemony-3,hegemony,1
many_aggressors,0,13,8,,,
many_aggressors,0,13,9,,,
many_aggressors,0,13,10,hegemony-3,hegemony,1
many_aggressors,0,13,11,hegemony-3,hegemony,1
many_aggressors,0,13,12,hegemony-3,hegemony,1
many_aggressors,0,13,13,hegemony-3,hegemony,1
many_aggressors,0,13,14,hegemony-3,hegemony,1
many_aggressors,0,13,15,hegemony-3,hegemony,1
many_aggressors,0,14,0,hegemony-2,hegemony,1
many_aggressors,0,14,1,hegemony-2,hegemony,1
many_aggressors,0,14,2,hegemony-2,hegemony,1
many_aggressors,0,14,3,,,
many_aggressors,0,14,4,hegemony-3,hegemony,1
many_aggressors,0,14,5,hegemony-3,hegemony,1
many_aggressors,0,14,6,hegemony-3,hegemony,1
many_aggressors,0,14,7,hegemony-3,hegemony,1
many_aggressors,0,14,8,,,
many_aggressors,0,14,9,,,
many_aggressors,0,14,10,,,
many_aggressors,0,14,11,,,
many_aggressors,0,14,12,hegemony-3,hegemony,1
many_aggressors,0,14,13,hegemony-3,hegemony,1
many_aggressors,0,14,14,hegemony-3,hegemony,1
many_aggressors,0,14,15,hegemony-3,hegemony,1
many_aggressors,0,15,0,,,
many_aggressors,0,15,1,,,
many_aggressors,0,15,2,hegemony-2,hegemony,1
many_aggressors,0,15,3,,,
many_aggressors,0,15,4,,,
many_aggressors,0,15,5,,,
many_aggressors,0,15,6,,,
many_aggressors,0,15,7,,,
many_aggressors,0,15,8,,,
many_aggressors,0,15,9,,,
many_aggressors,0,15,10,,,
many_aggressors,0,15,11,,,
many_aggressors,0,15,12,hegemony-3,hegemony,1
many_aggressors,0,15,13,hegemony-3,hegemony,1
many_aggressors,0,15,14,hegemony-3,hegemony,1
many_aggressors,0,15,15,hegemony-3,hegemony,1
deterrence,0,0,0,retaliation-1,retaliation,1
deterrence,0,0,1,retaliation-1,retaliation,1
deterrence,0,0,2,retaliation-1,retaliation,1
deterrence,0,0,3,retaliation-1,retaliation,1
deterrence,0,0,4,retaliation-1,retaliation,1
deterrence,0,0,5,retaliation-1,retaliation,1
deterrence,0,0,6,retaliation-1,retaliation,1
deterrence,0,0,7,retaliation-1,retaliation,1
deterrence,0,0,8,retaliation-1,retaliation,1
deterrence,0,0,9,retaliation-1,retaliation,1
deterrence,0,0,10,retaliation-1,retaliation,1
deterrence,0,0,11,retaliation-1,retaliation,1
deterrence,0,0,12,retaliation-1,retaliation,1
deterrence,0,0,13,retaliation-1,retaliation,1
deterrence,0,0,14,retaliation-1,retaliation,1
deterrence,0,0,15,retaliation-1,retaliation,1
deterrence,0,1,0,retaliation-1,retaliation,1
deterrence,0,1,1,retaliation-1,retaliation,1
deterrence,0,1,2,retaliation-1,retaliation,1
deterrence,0,1,3,retaliation-1,retaliation,1
deterrence,0,1,4,retaliation-1,retaliation,1
deterrence,0,1,5,retaliation-1,retaliation,1
deterrence,0,1,6,retaliation-1,retaliation,1
deterrence,0,1,7,retaliation-1,retaliation,1
deterrence,0,1,8,retaliation-1,retaliation,1
deterrence,0,1,9,retaliation-1,retaliation,1
deterrence,0,1,10,retaliation-1,retaliation,1
deterrence,0,1,11,retaliation-1,retaliation,1
deterrence,0,1,12,retaliation-1,retaliation,1
deterrence,0,1,13,retaliation-1,retaliation,1
deterrence,0,1,14,retaliation-1,retaliation,1
deterrence,0,1,15,retaliation-1,retaliation,1
deterrence,0,2,0,retaliation-1,retaliation,1
deterrence,0,2,1,retaliation-1,retaliation,1
deterrence,0,2,2,retaliation-1,retaliation,1
deterrence,0,2,3,retaliation-1,retaliation,1
deterrence,0,2,4,retaliation-1,retaliation,1
deterrence,0,2,5,retaliation-1,retaliation,1
deterrence,0,2,6,retaliation-1,retaliation,1
deterrence,0,2,7,retaliation-1,retaliation,1
deterrence,0,2,8,retaliation-1,retaliation,1
deterrence,0,2,9,retaliation-1,retaliation,1
deterrence,0,2,10,retaliation-1,retaliation,1
deterrence,0,2,11,retaliation-1,retaliation,1
deterrence,0,2,12,retaliation-1,retaliation,1
deterrence,0,2,13,retaliation-1,retaliation,1
deterrence,0,2,14,retaliation-1,retaliation,1
deterrence,0,2,15,retaliation-1,retaliation,1
deterrence,0,3,0,retaliation-1,retaliation,1
deterrence,0,3,1,retaliation-1,retaliation,1
deterrence,0,3,2,retaliation-1,retaliation,1
deterrence,0,3,3,retaliation-1,retaliation,1
deterrence,0,3,4,retaliation-1,retaliation,1
deterrence,0,3,5,retaliation-1,retaliation,1
deterrence,0,3,6,retaliation-1,retaliation,1
deterrence,0,3,7,retaliation-1,retaliation,1
deterrence,0,3,8,retaliation-1,retaliation,1
deterrence,0,3,9,retaliation-1,retaliation,1
deterrence,0,3,10,retaliation-1,retaliation,1
deterrence,0,3,11,retaliation-1,retaliation,1
deterrence,0,3,12,retaliation-1,retaliation,1
deterrence,0,3,13,retaliation-1,retaliation,1
deterrence,0,3,14,retaliation-1,retaliation,1
deterrence,0,3,15,retaliation-1,retaliation,1
deterrence,0,4,0,retaliation-1,retaliation,1
deterrence,0,4,1,retaliation-1,retaliation,1
deterrence,0,4,2,retaliation-1,retaliation,1
deterrence,0,4,3,retaliation-1,retaliation,1
deterrence,0,4,4,retaliation-1,retaliation,1
deterrence,0,4,5,retaliation-1,retaliation,1
deterrence,0,4,6,retaliation-1,retaliation,1
deterrence,0,4,7,retaliation-1,retaliation,1
deterrence,0,4,8,retaliation-1,retaliation,1
deterrence,0,4,9,retaliation-1,retaliation,1
deterrence,0,4,10,retaliation-1,retaliation,1
deterrence,0,4,11,retaliation-1,retaliation,1
deterrence,0,4,12,retaliation-1,retaliation,1
deterrence,0,4,13,hegemony-2,hegemony,1
deterrence,0,4,14,hegemony-2,hegemony,1
deterrence,0,4,15,hegemony-2,hegemony,1
deterrence,0,5,0,retaliation-1,retaliation,1
deterrence,0,5,1,retaliation-1,retaliation,1
deterrence,0,5,2,retaliation-1,retaliation,1
deterrence,0,5,3,retaliation-1,retaliation,1
deterrence,0,5,4,retaliation-1,retaliation,1
deterrence,0,5,5,hegemony-2,hegemony,1
deterrence,0,5,6,hegemony-2,hegemony,1
deterrence,0,5,7,hegemony-2,hegemony,1
deterrence,0,5,8,hegemony-2,hegemony,1
deterrence,0,5,9,hegemony-2,hegemony,1
deterrence,0,5,10,hegemony-2,hegemony,1
deterrence,0,5,11,hegemony-2,hegemony,1
deterrence,0,5,12,retaliation-1,retaliation,1
deterrence,0,5,13,retaliation-1,retaliation,1
deterrence,0,5,14,retaliation-1,retaliation,1
deterrence,0,5,15,retaliation-1,retaliation,1
deterrence,0,6,0,retaliation-1,retaliation,1
deterrence,0,6,1,retaliation-1,retaliation,1
deterrence,0,6,2,retaliation-1,retaliation,1
deterrence,0,6,3,retaliation-1,retaliation,1
deterrence,0,6,4,hegemony-2,hegemony,1
deterrence,0,6,5,hegemony-2,hegemony,1
deterrence,0,6,6,retaliation-1,retaliation,1
deterrence,0,6,7,retaliation-1,retaliation,1
deterrence,0,6,8,retaliation-1,retaliation,1
deterrence,0,6,9,retaliation-1,retaliation,1
deterrence,0,6,10,retaliation-1,retaliation,1
deterrence,0,6,11,retaliation-1,retaliation,1
deterrence,0,6,12,retaliation-1,retaliation,1
deterrence,0,6,13,retaliation-1,retaliation,1
deterrence,0,6,14,retaliation-1,retaliation,1
deterrence,0,6,15,retaliation-1,retaliation,1
deterrence,0,7,0,retaliation-1,retaliation,1
deterrence,0,7,1,retaliation-1,retaliation,1
deterrence,0,7,2,retaliation-1,retaliation,1
deterrence,0,7,3,retaliation-1,retaliation,1
deterrence,0,7,4,retaliation-1,retaliation,1
deterrence,0,7,5,retaliation-1,retaliation,1
deterrence,0,7,6,retaliation-1,retaliation,1
deterrence,0,7,7,retaliation-1,retaliation,1
deterrence,0,7,8,retaliation-1,retaliation,1
deterrence,0,7,9,retaliation-1,retaliation,1
deterrence,0,7,10,retaliation-1,retaliation,1
deterrence,0,7,11,retaliation-1,retaliation,1
deterrence,0,7,12,retaliation-1,retaliation,1
deterrence,0,7,13,retaliation-1,retaliation,1
deterrence,0,7,14,retaliation-1,retaliation,1
deterrence,0,7,15,retaliation-1,retaliation,1
deterrence,0,8,0,retaliation-1,retaliation,1
deterrence,0,8,1,retaliation-1,retaliation,1
deterrence,0,8,2,retaliation-1,retaliation,1
deterrence,0,8,3,retaliation-1,retaliation,1
deterrence,0,8,4,retaliation-1,retaliation,1
deterrence,0,8,5,retaliation-1,retaliation,1
deterrence,0,8,6,retaliation-1,retaliation,1
deterrence,0,8,7,retaliation-1,retaliation,1
deterrence,0,8,8,retaliation-1,retaliation,1
deterrence,0,8,9,retaliation-1,retaliation,1
deterrence,0,8,10,retaliation-1,retaliation,1
deterrence,0,8,11,retaliation-1,retaliation,1
deterrence,0,8,12,retaliation-1,retaliation,1
deterrence,0,8,13,retaliation-1,retaliation,1
deterrence,0,8,14,retaliation-1,retaliation,1
deterrence,0,8,15,retaliation-1,retaliation,1
deterrence,0,9,0,retaliation-1,retaliation,1
deterrence,0,9,1,retaliation-1,retaliation,1
deterrence,0,9,2,retaliation-1,retaliation,1
deterrence,0,9,3,retaliation-1,retaliation,1
deterrence,0,9,4,retaliation-1,retaliation,1
deterrence,0,9,5,retaliation-1,retaliation,1
deterrence,0,9,6,retaliation-1,retaliation,1
deterrence,0,9,7,retaliation-1,retaliation,1
deterrence,0,9,8,retaliation-1,retaliation,1
deterrence,0,9,9,retaliation-1,retaliation,1
deterrence,0,9,10,retaliation-1,retaliation,1
deterrence,0,9,11,retaliation-1,retaliation,1
deterrence,0,9,12,retaliation-1,retaliation,1
deterrence,0,9,13,retaliation-1,retaliation,1
deterrence,0,9,14,retaliation-1,retaliation,1
deterrence,0,9,15,retaliation-1,retaliation,1
deterrence,0,10,0,retaliation-1,retaliation,1
deterrence,0,10,1,retaliation-1,retaliation,1
deterrence,0,10,2,retaliation-1,retaliation,1
deterrence,0,10,3,retaliation-1,retaliation,1
deterrence,0,10,4,retaliation-1,retaliation,1
deterrence,0,10,5,retaliation-1,retaliation,1
deterrence,0,10,6,retaliation-1,retaliation,1
deterrence,0,10,7,retaliation-1,retaliation,1
deterrence,0,10,8,retaliation-1,retaliation,1
deterrence,0,10,9,retaliation-1,retaliation,1
deterrence,0,10,10,retaliation-1,retaliation,1
deterrence,0,10,11,retaliation-1,retaliation,1
deterrence,0,10,12,retaliation-1,retaliation,1
deterrence,0,10,13,retaliation-1,retaliation,1
deterrence,0,10,14,retaliation-1,retaliation,1
deterrence,0,10,15,retaliation-1,retaliation,1
deterrence,0,11,0,retaliation-1,retaliation,1
deterrence,0,11,1,retaliation-1,retaliation,1
deterrence,0,11,2,retaliation-1,retaliation,1
deterrence,0,11,3,retaliation-1,retaliation,1
deterrence,0,11,4,retaliation-1,retaliation,1
deterrence,0,11,5,retaliation-1,retaliation,1
deterrence,0,11,6,retaliation-1,retaliation,1
deterrence,0,11,7,retaliation-1,retaliation,1
deterrence,0,11,8,retaliation-1,retaliation,1
deterrence,0,11,9,retaliation-1,retaliation,1
deterrence,0,11,10,retaliation-1,retaliation,1
deterrence,0,11,11,retaliation-1,retaliation,1
deterrence,0,11,12,retaliation-1,retaliation,1
deterrence,0,11,13,retaliation-1,retaliation,1
deterrence,0,11,14,retaliation-1,retaliation,1
deterrence,0,11,15,retaliation-1,retaliation,1
deterrence,0,12,0,retaliation-1,retaliation,1
deterrence,0,12,1,retaliation-1,retaliation,1
deterrence,0,12,2,retaliation-1,retaliation,1
deterrence,0,12,3,retaliation-1,retaliation,1
deterrence,0,12,4,retaliation-1,retaliation,1
deterrence,0,12,5,retaliation-1,retaliation,1
deterrence,0,12,6,retaliation-1,retaliation,1
deterrence,0,12,7,retaliation-1,retaliation,1
deterrence,0,12,8,retaliation-1,retaliation,1
deterrence,0,12,9,retaliation-1,retaliation,1
deterrence,0,12,10,retaliation-1,retaliation,1
deterrence,0,12,11,retaliation-1,retaliation,1
deterrence,0,12,12,retaliation-1,retaliation,1
deterrence,0,12,13,retaliation-1,retaliation,1
deterrence,0,12,14,retaliation-1,retaliation,1
deterrence,0,12,15,retaliation-1,retaliation,1
deterrence,0,13,0,retaliation-1,retaliation,1
deterrence,0,13,1,retaliation-1,retaliation,1
deterrence,0,13,2,retaliation-1,retaliation,1
deterrence,0,13,3,retaliation-1,retaliation,1
deterrence,0,13,4,retaliation-1,retaliation,1
deterrence,0,13,5,retaliation-1,retaliation,1
deterrence,0,13,6,retaliation-1,retaliation,1
deterrence,0,13,7,retaliation-1,retaliation,1
deterrence,0,13,8,retaliation-1,retaliation,1
deterrence,0,13,9,retaliation-1,retaliation,1
deterrence,0,13,10,retaliation-1,retaliation,1
deterrence,0,13,11,retaliation-1,retaliation,1
deterrence,0,13,12,retaliation-1,retaliation,1
deterrence,0,13,13,retaliation-1,retaliation,1
deterrence,0,13,14,retaliation-1,retaliation,1
deterrence,0,13,15,retaliation-1,retaliation,1
deterrence,0,14,0,retaliation-1,retaliation,1
deterrence,0,14,1,retaliation-1,retaliation,1
deterrence,0,14,2,retaliation-1,retaliation,1
deterrence,0,14,3,retaliation-1,retaliation,1
deterrence,0,14,4,retaliation-1,retaliation,1
deterrence,0,14,5,retaliation-1,retaliation,1
deterrence,0,14,6,retaliation-1,retaliation,1
deterrence,0,14,7,retaliation-1,retaliation,1
deterrence,0,14,8,retaliation-1,retaliation,1
deterrence,0,14,9,retaliation-1,retaliation,1
deterrence,0,14,10,retaliation-1,retaliation,1
deterrence,0,14,11,retaliation-1,retaliation,1
deterrence,0,14,12,retaliation-1,retaliation,1
deterrence,0,14,13,retaliation-1,retaliation,1
deterrence,0,14,14,retaliation-1,retaliation,1
deterrence,0,14,15,retaliation-1,retaliation,1
deterrence,0,15,0,retaliation-1,retaliation,1
deterrence,0,15,1,retaliation-1,retaliation,1
deterrence,0,15,2,retaliation-1,retaliation,1
deterrence,0,15,3,retaliation-1,retaliation,1
deterrence,0,15,4,retaliation-1,retaliation,1
deterrence,0,15,5,retaliation-1,retaliation,1
deterrence,0,15,6,retaliation-1,retaliation,1
deterrence,0,15,7,retaliation-1,retaliation,1
deterrence,0,15,8,retaliation-1,retaliation,1
deterrence,0,15,9,retaliation-1,retaliation,1
deterrence,0,15,10,retaliation-1,retaliation,1
deterrence,0,15,11,retaliation-1,retaliation,1
deterrence,0,15,12,retaliation-1,retaliation,1
deterrence,0,15,13,retaliation-1,retaliation,1
deterrence,0,15,14,retaliation-1,retaliation,1
deterrence,0,15,15,retaliation-1,retaliation,1
neutrals,0,0,0,switzerland-2,switzerland,1
neutrals,0,0,1,switzerland-2,switzerland,1
neutrals,0,0,2,switzerland-2,switzerland,1
neutrals,0,0,3,switzerland-2,switzerland,1
neutrals,0,0,4,switzerland-2,switzerland,1
neutrals,0,0,5,switzerland-2,switzerland,1
neutrals,0,0,6,peace-1,peace,1
neutrals,0,0,7,peace-1,peace,1
neutrals,0,0,8,hegemony-1,hegemony,1
neutrals,0,0,9,hegemony-1,hegemony,1
neutrals,0,0,10,hegemony-1,hegemony,1
neutrals,0,0,11,hegemony-1,hegemony,1
neutrals,0,0,12,hegemony-1,hegemony,1
neutrals,0,0,13,hegemony-1,hegemony,1
neutrals,0,0,14,hegemony-1,hegemony,1
neutrals,0,0,15,hegemony-1,hegemony,1
neutrals,0,0,16,hegemony-1,hegemony,1
neutrals,0,0,17,hegemony-1,hegemony,1
neutrals,0,1,0,switzerland-2,switzerland,1
neutrals,0,1,1,switzerland-2,switzerland,1
neutrals,0,1,2,switzerland-2,switzerland,1
neutrals,0,1,3,switzerland-2,switzerland,1
neutrals,0,1,4,switzerland-2,switzerland,1
neutrals,0,1,5,switzerland-2,switzerland,1
neutrals,0,1,6,peace-1,peace,1
neutrals,0,1,7,peace-1,peace,1
neutrals,0,1,8,peace-1,peace,1
neutrals,0,1,9,hegemony-1,hegemony,1
neutrals,0,1,10,hegemony-1,hegemony,1
neutrals,0,1,11,hegemony-1,hegemony,1
neutrals,0,1,12,hegemony-1,hegemony,1
neutrals,0,1,13,hegemony-1,hegemony,1
neutrals,0,1,14,hegemony-1,hegemony,1
neutrals,0,1,15,hegemony-1,hegemony,1
neutrals,0,1,16,hegemony-1,hegemony,1
neutrals,0,1,17,hegemony-1,hegemony,1
neutrals,0,2,0,switzerland-2,switzerland,1
neutrals,0,2,1,switzerland-2,switzerland,1
neutrals,0,2,2,switzerland-2,switzerland,1
neutrals,0,2,3,switzerland-2,switzerland,1
neutrals,0,2,4,switzerland-2,switzerland,1
neutrals,0,2,5,switzerland-2,switzerland,1
neutrals,0,2,6,peace-1,peace,1
neutrals,0,2,7,peace-1,peace,1
neutrals,0,2,8,peace-1,peace,1
neutrals,0,2,9,peace-1,peace,1
neutrals,0,2,10,hegemony-1,hegemony,1
neutrals,0,2,11,hegemony-1,hegemony,1
neutrals,0,2,12,hegemony-1,hegemony,1
neutrals,0,2,13,hegemony-1,hegemony,1
neutrals,0,2,14,hegemony-1,hegemony,1
neutrals,0,2,15,hegemony-1,hegemony,1
neutrals,0,2,16,hegemony-1,hegemony,1
neutrals,0,2,17,hegemony-1,hegemony,1
neutrals,0,3,0,switzerland-2,switzerland,1
neutrals,0,3,1,switzerland-2,switzerland,1
neutrals,0,3,2,switzerland-2,switzerland,1
neutrals,0,3,3,switzerland-2,switzerland,1
neutrals,0,3,4,switzerland-2,switzerland,1
neutrals,0,3,5,switzerland-2,switzerland,1
neutrals,0,3,6,peace-1,peace,1
neutrals,0,3,7,peace-1,peace,1
neutrals,0,3,8,peace-1,peace,1
neutrals,0,3,9,peace-1,peace,1
neutrals,0,3,10,hegemony-1,hegemony,1
neutrals,0,3,11,hegemony-1,hegemony,1
neutrals,0,3,12,hegemony-1,hegemony,1
neutrals,0,3,13,hegemony-1,hegemony,1
neutrals,0,3,14,hegemony-1,hegemony,1
neutrals,0,3,15,hegemony-1,hegemony,1
neutrals,0,3,16,hegemony-1,hegemony,1
neutrals,0,3,17,hegemony-1,hegemony,1
neutrals,0,4,0,switzerland-2,switzerland,1
neutrals,0,4,1,switzerland-2,switzerland,1
neutrals,0,4,2,switzerland-2,switzerland,1
neutrals,0,4,3,switzerland-2,switzerland,1
neutrals,0,4,4,peace-1,peace,1
neutrals,0,4,5,peace-1,peace,1
neutrals,0,4,6,peace-1,peace,1
neutrals,0,4,7,peace-1,peace,1
neutrals,0,4,8,peace-1,peace,1
neutrals,0,4,9,peace-1,peace,1
neutrals,0,4,10,peace-1,peace,1
neutrals,0,4,11,hegemony-1,hegemony,1
neutrals,0,4,12,hegemony-1,hegemony,1
neutrals,0,4,13,hegemony-1,hegemony,1
neutrals,0,4,14,hegemony-1,hegemony,1
neutrals,0,4,15,hegemony-1,hegemony,1
neutrals,0,4,16,hegemony-1,hegemony,1
neutrals,0,4,17,hegemony-1,hegemony,1
neutrals,0,5,0,switzerland-2,switzerland,1
neutrals,0,5,1,switzerland-2,switzerland,1
neutrals,0,5,2,switzerland-2,switzerland,1
neutrals,0,5,3,switzerland-2,switzerland,1
neutrals,0,5,4,peace-1,peace,1
neutrals,0,5,5,peace-1,peace,1
neutrals,0,5,6,peace-1,peace,1
neutrals,0,5,7,peace-1,peace,1
neutrals,0,5,8,peace-1,peace,1
neutrals,0,5,9,peace-1,peace,1
neutrals,0,5,10,peace-1,peace,1
neutrals,0,5,11,peace-1,peace,1
neutrals,0,5,12,hegemony-1,hegemony,1
neutrals,0,5,13,hegemony-1,hegemony,1
neutrals,0,5,14,hegemony-1,hegemony,1
neutrals,0,5,15,hegemony-1,hegemony,1
neutrals,0,5,16,hegemony-1,hegemony,1
neutrals,0,5,17,hegemony-1,hegemony,1
neutrals,0,6,0,switzerland-2,switzerland,1
neutrals,0,6,1,switzerland-2,switzerland,1
neutrals,0,6,2,switzerland-2,switzerland,1
neutrals,0,6,3,switzerland-2,switzerland,1
neutrals,0,6,4,switzerland-2,switzerland,1
neutrals,0,6,5,peace-1,peace,1
neutrals,0,6,6,peace-1,peace,1
neutrals,0,6,7,peace-1,peace,1
neutrals,0,6,8,peace-1,peace,1
neutrals,0,6,9,peace-1,peace,1
neutrals,0,6,10,peace-1,peace,1
neutrals,0,6,11,peace-1,peace,1
neutrals,0,6,12,peace-1,peace,1
neutrals,0,6,13,hegemony-1,hegemony,1
neutrals,0,6,14,hegemony-1,hegemony,1
neutrals,0,6,15,hegemony-1,hegemony,1
neutrals,0,6,16,hegemony-1,hegemony,1
neutrals,0,6,17,hegemony-1,hegemony,1
neutrals,0,7,0,switzerland-2,switzerland,1
neutrals,0,7,1,switzerland-2,switzerland,1
neutrals,0,7,2,switzerland-2,switzerland,1
neutrals,0,7,3,switzerland-2,switzerland,1
neutrals,0,7,4,peace-1,peace,1
neutrals,0,7,5,peace-1,peace,1
neutrals,0,7,6,peace-1,peace,1
neutrals,0,7,7,peace-1,peace,1
neutrals,0,7,8,peace-1,peace,1
neutrals,0,7,9,peace-1,peace,1
neutrals,0,7,10,peace-1,peace,1
neutrals,0,7,11,peace-1,peace,1
neutrals,0,7,12,peace-1,peace,1
neutrals,0,7,13,hegemony-1,hegemony,1
neutrals,0,7,14,hegemony-1,hegemony,1
neutrals,0,7,15,hegemony-1,hegemony,1
neutrals,0,7,16,hegemony-1,hegemony,1
neutrals,0,7,17,hegemony-1,hegemony,1
neutrals,0,8,0,switzerland-2,switzerland,1
neutrals,0,8,1,switzerland-2,switzerland,1
neutrals,0,8,2,switzerland-2,switzerland,1
neutrals,0,8,3,switzerland-2,switzerland,1
neutrals,0,8,4,switzerland-2,switzerland,1
neutrals,0,8,5,peace-1,peace,1
neutrals,0,8,6,peace-1,peace,1
neutrals,0,8,7,peace-1,peace,1
neutrals,0,8,8,peace-1,peace,1
neutrals,0,8,9,peace-1,peace,1
neutrals,0,8,10,hegemony-1,hegemony,1
neutrals,0,8,11,peace-1,peace,1
neutrals,0,8,12,peace-1,peace,1
neutrals,0,8,13,hegemony-1,hegemony,1
neutrals,0,8,14,hegemony-1,hegemony,1
neutrals,0,8,15,hegemony-1,hegemony,1
neutrals,0,8,16,hegemony-1,hegemony,1
neutrals,0,8,17,hegemony-1,hegemony,1
neutrals,0,9,0,switzerland-2,switzerland,1
neutrals,0,9,1,switzerland-2,switzerland,1
neutrals,0,9,2,switzerland-2,switzerland,1
neutrals,0,9,3,hegemony-1,hegemony,1
neutrals,0,9,4,peace-1,peace,1
neutrals,0,9,5,peace-1,peace,1
neutrals,0,9,6,peace-1,peace,1
neutrals,0,9,7,peace-1,peace,1
neutrals,0,9,8,peace-1,peace,1
neutrals,0,9,9,hegemony-1,hegemony,1
neutrals,0,9,10,hegemony-1,hegemony,1
neutrals,0,9,11,hegemony-1,hegemony,1
neutrals,0,9,12,hegemony-1,hegemony,1
neutrals,0,9,13,hegemony-1,hegemony,1
neutrals,0,9,14,hegemony-1,hegemony,1
neutrals,0,9,15,hegemony-1,hegemony,1
neutrals,0,9,16,hegemony-1,hegemony,1
neutrals,0,9,17,hegemony-1,hegemony,1
neutrals,0,10,0,switzerland-2,switzerland,1
neutrals,0,10,1,switzerland-2,switzerland,1
neutrals,0,10,2,switzerland-2,switzerland,1
neutrals,0,10,3,hegemony-1,hegemony,1
neutrals,0,10,4,peace-1,peace,1
neutrals,0,10,5,peace-1,peace,1
neutrals,0,10,6,peace-1,peace,1
neutrals,0,10,7,peace-1,peace,1
neutrals,0,10,8,peace-1,peace,1
neutrals,0,10,9,peace-1,peace,1
neutrals,0,10,10,hegemony-1,hegemony,1
neutrals,0,10,11,hegemony-1,hegemony,1
neutrals,0,10,12,hegemony-1,hegemony,1
neutrals,0,10,13,hegemony-1,hegemony,1
neutrals,0,10,14,hegemony-1,hegemony,1
neutrals,0,10,15,hegemony-1,hegemony,1
neutrals,0,10,16,hegemony-1,hegemony,1
neutrals,0,10,17,hegemony-1,hegemony,1
neutrals,0,11,0,switzerland-2,switzerland,1
neutrals,0,11,1,switzerland-2,switzerland,1
neutrals,0,11,2,hegemony-1,hegemony,1
neutrals,0,11,3,hegemony-1,hegemony,1
neutrals,0,11,4,hegemony-1,hegemony,1
neutrals,0,11,5,peace-1,peace,1
neutrals,0,11,6,hegemony-1,hegemony,1
neutrals,0,11,7,hegemony-1,hegemony,1
neutrals,0,11,8,hegemony-1,hegemony,1
neutrals,0,11,9,peace-1,peace,1
neutrals,0,11,10,hegemony-1,hegemony,1
neutrals,0,11,11,hegemony-1,hegemony,1
neutrals,0,11,12,hegemony-1,hegemony,1
neutrals,0,11,13,hegemony-1,hegemony,1
neutrals,0,11,14,hegemony-1,hegemony,1
neutrals,0,11,15,hegemony-1,hegemony,1
neutrals,0,11,16,hegemony-1,hegemony,1
neutrals,0,11,17,hegemony-1,hegemony,1
neutrals,0,12,0,switzerland-2,switzerland,1
neutrals,0,12,1,switzerland-2,switzerland,1
neutrals,0,12,2,hegemony-1,hegemony,1
neutrals,0,12,3,hegemony-1,hegemony,1
neutrals,0,12,4,hegemony-1,hegemony,1
neutrals,0,12,5,hegemony-1,hegemony,1
neutrals,0,12,6,hegemony-1,hegemony,1
neutrals,0,12,7,hegemony-1,hegemony,1
neutrals,0,12,8,hegemony-1,hegemony,1
neutrals,0,12,9,hegemony-1,hegemony,1
neutrals,0,12,10,hegemony-1,hegemony,1
neutrals,0,12,11,hegemony-1,hegemony,1
neutrals,0,12,12,hegemony-1,hegemony,1
neutrals,0,12,13,hegemony-1,hegemony,1
neutrals,0,12,14,hegemony-1,hegemony,1
neutrals,0,12,15,hegemony-1,hegemony,1
neutrals,0,12,16,hegemony-1,hegemony,1
neutrals,0,12,17,hegemony-1,hegemony,1
neutrals,0,13,0,hegemony-1,hegemony,1
neutrals,0,13,1,hegemony-1,hegemony,1
neutrals,0,13,2,hegemony-1,hegemony,1
neutrals,0,13,3,hegemony-1,hegemony,1
neutrals,0,13,4,hegemony-1,hegemony,1
neutrals,0,13,5,hegemony-1,hegemony,1
neutrals,0,13,6,hegemony-1,hegemony,1
neutrals,0,13,7,hegemony-1,hegemony,1
neutrals,0,13,8,hegemony-1,hegemony,1
neutrals,0,13,9,hegemony-1,hegemony,1
neutrals,0,13,10,hegemony-1,hegemony,1
neutrals,0,13,11,hegemony-1,hegemony,1
neutrals,0,13,12,hegemony-1,hegemony,1
neutrals,0,13,13,hegemony-1,hegemony,1
neutrals,0,13,14,hegemony-1,hegemony,1
neutrals,0,13,15,hegemony-1,hegemony,1
neutrals,0,13,16,hegemony-1,hegemony,1
neutrals,0,13,17,hegemony-1,hegemony,1
neutrals,0,14,0,hegemony-1,hegemony,1
neutrals,0,14,1,hegemony-1,hegemony,1
neutrals,0,14,2,hegemony-1,hegemony,1
neutrals,0,14,3,hegemony-1,hegemony,1
neutrals,0,14,4,hegemony-1,hegemony,1
neutrals,0,14,5,hegemony-1,hegemony,1
neutrals,0,14,6,hegemony-1,hegemony,1
neutrals,0,14,7,hegemony-1,hegemony,1
neutrals,0,14,8,hegemony-1,hegemony,1
neutrals,0,14,9,hegemony-1,hegemony,1
neutrals,0,14,10,hegemony-1,hegemony,1
neutrals,0,14,11,hegemony-1,hegemony,1
neutrals,0,14,12,hegemony-1,hegemony,1
neutrals,0,14,13,hegemony-1,hegemony,1
neutrals,0,14,14,hegemony-1,hegemony,1
neutrals,0,14,15,hegemony-1,hegemony,1
neutrals,0,14,16,hegemony-1,hegemony,1
neutrals,0,14,17,hegemony-1,hegemony,1
neutrals,0,15,0,hegemony-1,hegemony,1
neutrals,0,15,1,hegemony-1,hegemony,1
neutrals,0,15,2,hegemony-1,hegemony,1
neutrals,0,15,3,hegemony-1,hegemony,1
neutrals,0,15,4,hegemony-1,hegemony,1
neutrals,0,15,5,hegemony-1,hegemony,1
neutrals,0,15,6,hegemony-1,hegemony,1
neutrals,0,15,7,hegemony-1,hegemony,1
neutrals,0,15,8,hegemony-1,hegemony,1
neutrals,0,15,9,hegemony-1,hegemony,1
neutrals,0,15,10,hegemony-1,hegemony,1
neutrals,0,15,11,hegemony-1,hegemony,1
neutrals,0,15,12,hegemony-2,hegemony,1
neutrals,0,15,13,hegemony-2,hegemony,1
neutrals,0,15,14,hegemony-2,hegemony,1
neutrals,0,15,15,hegemony-2,hegemony,1
neutrals,0,15,16,hegemony-2,hegemony,1
neutrals,0,15,17,hegemony-2,hegemony,1
neutrals,0,16,0,hegemony-2,hegemony,1
neutrals,0,16,1,hegemony-2,hegemony,1
neutrals,0,16,2,hegemony-2,hegemony,1
neutrals,0,16,3,hegemony-2,hegemony,1
neutrals,0,16,4,hegemony-2,hegemony,1
neutrals,0,16,5,hegemony-2,hegemony,1
neutrals,0,16,6,hegemony-2,hegemony,1
neutrals,0,16,7,hegemony-2,hegemony,1
neutrals,0,16,8,hegemony-2,hegemony,1
neutrals,0,16,9,hegemony-2,hegemony,1
neutrals,0,16,10,hegemony-2,hegemony,1
neutrals,0,16,11,hegemony-2,hegemony,1
neutrals,0,16,12,hegemony-2,hegemony,1
neutrals,0,16,13,hegemony-2,hegemony,1
neutrals,0,16,14,hegemony-2,hegemony,1
neutrals,0,16,15,hegemony-2,hegemony,1
neutrals,0,16,16,hegemony-2,hegemony,1
neutrals,0,16,17,hegemony-2,hegemony,1
neutrals,0,17,0,hegemony-2,hegemony,1
neutrals,0,17,1,hegemony-2,hegemony,1
neutrals,0,17,2,hegemony-2,hegemony,1
neutrals,0,17,3,hegemony-2,hegemony,1
neutrals,0,17,4,hegemony-2,hegemony,1
neutrals,0,17,5,hegemony-2,hegemony,1
neutrals,0,17,6,hegemony-2,hegemony,1
neutrals,0,17,7,hegemony-2,hegemony,1
neutrals,0,17,8,hegemony-2,hegemony,1
neutrals,0,17,9,hegemony-2,hegemony,1
neutrals,0,17,10,hegemony-2,hegemony,1
neutrals,0,17,11,hegemony-2,hegemony,1
neutrals,0,17,12,hegemony-2,hegemony,1
neutrals,0,17,13,hegemony-2,hegemony,1
neutrals,0,17,14,hegemony-2,hegemony,1
neutrals,0,17,15,hegemony-2,hegemony,1
neutrals,0,17,16,hegemony-2,hegemony,1
neutrals,0,17,17,hegemony-2,hegemony,1
