scenario,seed,country,strategy,survived,survival_turns,death_cause,final_population,peak_population,final_territory,peak_territory,territory_share,dominant,attacks_made,attacks_suffered,battles_won,cells_conquered,cells_lost,cells_explored,casualties,contacts,pacts_formed,pacts_broken,pacts_lapsed,trade_turns,non_aggression_turns,alliance_turns,unions_absorbed
all_strategies,0,peace-1,peace,0,60,union,0,1178,0,46,0.0,0,0,24,0,0,10,55,136,2,3,0,0,39,10,4,0
all_strategies,0,switzerland-1,switzerland,0,146,conquered,0,5106,0,55,0.0,0,0,135,0,0,62,61,7707,3,3,0,1,107,63,0,0
all_strategies,0,hegemony-1,hegemony,1,300,,57669,79310,68,96,0.2656,0,267,163,106,106,72,33,85120,4,2,0,2,89,0,0,0
all_strategies,0,retaliation-1,retaliation,1,300,,172709,172709,188,188,0.7344,1,203,144,127,127,38,52,67541,4,8,0,3,233,73,4,1
all_strategies,0,random-1,random,0,194,collapsed,0,23168,0,65,0.0,0,142,146,45,45,96,51,40069,3,2,0,2,8,0,0,0
all_strategies,1,peace-1,peace,1,300,,102728,158458,105,135,0.4102,0,0,88,0,0,31,93,25713,3,6,0,2,366,139,4,1
all_strategies,1,switzerland-1,switzerland,0,215,conquered,0,24299,0,69,0.0,0,0,165,0,0,76,75,27750,3,4,0,2,174,130,0,0
all_strategies,1,hegemony-1,hegemony,1,300,,140069,140069,151,151,0.5898,1,269,8,120,120,1,31,49958,3,2,0,2,172,0,0,0
all_strategies,1,retaliation-1,retaliation,0,59,union,0,1368,0,42,0.0,0,28,8,16,16,2,27,137,3,4,0,0,41,9,4,0
all_strategies,1,random-1,random,0,50,collapsed,0,215,0,18,0.0,0,24,52,4,4,30,26,377,4,2,0,2,5,0,0,0
all_strategies,2,peace-1,peace,1,300,,37657,61456,35,73,0.1367,0,0,95,0,0,40,74,25073,3,4,0,1,275,242,0,0
all_strategies,2,switzerland-1,switzerland,1,300,,61668,85972,57,100,0.2227,0,0,127,0,0,50,106,31118,3,4,0,1,324,242,0,0
all_strategies,2,hegemony-1,hegemony,0,86,collapsed,0,245,0,24,0.0,0,64,41,16,16,22,22,749,4,2,0,0,39,0,0,0
all_strategies,2,retaliation-1,retaliation,0,30,collapsed,0,139,0,8,0.0,0,23,23,6,6,13,7,198,1,0,0,0,0,0,0,0
all_strategies,2,random-1,random,1,300,,151625,151625,164,164,0.6406,1,240,41,106,106,3,60,52607,3,2,0,2,18,0,0,0
all_strategies,3,peace-1,peace,0,63,union,0,361,0,29,0.0,0,0,49,0,0,29,52,206,2,3,0,0,42,13,6,0
all_strategies,3,switzerland-1,switzerland,1,300,,1093,32768,1,47,0.0039,0,0,106,0,0,52,52,21841,3,5,0,3,294,220,0,0
all_strategies,3,hegemony-1,hegemony,1,300,,119501,121529,134,134,0.5234,1,276,108,150,150,41,24,65309,4,5,0,5,77,0,0,0
all_strategies,3,retaliation-1,retaliation,1,300,,120788,138911,121,126,0.4727,0,141,81,81,81,33,48,48311,4,8,0,3,352,233,6,1
all_strategies,3,random-1,random,0,184,conquered,0,16122,0,67,0.0,0,108,181,34,34,110,75,32830,3,3,0,3,33,0,0,0
all_strategies,4,peace-1,peace,0,70,union,0,1609,0,49,0.0,0,0,26,0,0,12,60,157,4,5,0,1,110,15,10,0
all_strategies,4,switzerland-1,switzerland,0,200,conquered,0,21425,0,66,0.0,0,0,138,0,0,76,75,23674,4,4,0,2,260,0,0,0
all_strategies,4,hegemony-1,hegemony,1,300,,102682,116316,115,127,0.4492,0,271,101,129,129,44,29,77770,4,3,0,3,130,0,0,0
all_strategies,4,retaliation-1,retaliation,1,300,,127695,146681,141,142,0.5508,1,135,119,67,67,38,62,55843,4,7,0,3,315,15,10,1
all_strategies,4,random-1,random,0,53,collapsed,0,250,0,19,0.0,0,26,48,6,6,32,27,412,4,3,0,3,25,0,0,0
all_strategies,5,peace-1,peace,1,300,,99950,99950,91,91,0.3555,0,0,0,0,0,0,90,0,2,3,0,0,388,129,0,0
all_strategies,5,switzerland-1,switzerland,0,173,conquered,0,12224,0,52,0.0,0,0,119,0,0,62,61,14640,4,5,0,1,328,249,0,0
all_strategies,5,hegemony-1,hegemony,1,300,,143697,143697,147,147,0.5742,1,263,131,147,147,38,37,71500,4,2,0,1,369,0,0,0
all_strategies,5,retaliation-1,retaliation,1,300,,8943,52733,18,57,0.0703,0,153,131,54,54,67,30,74168,3,4,0,2,289,120,0,0
all_strategies,5,random-1,random,0,57,collapsed,0,284,0,22,0.0,0,21,56,2,2,36,36,458,3,2,0,2,22,0,0,0
all_strategies,6,peace-1,peace,1,300,,113221,160310,115,134,0.4492,0,0,46,0,0,19,75,14858,3,6,0,1,468,182,9,1
all_strategies,6,switzerland-1,switzerland,0,254,conquered,0,30985,0,61,0.0,0,0,191,0,0,75,74,36481,3,4,0,2,277,167,0,0
all_strategies,6,hegemony-1,hegemony,1,300,,130594,130594,141,141,0.5508,1,278,31,125,125,7,22,49885,4,3,0,2,323,0,0,0
all_strategies,6,retaliation-1,retaliation,0,66,union,0,2247,0,58,0.0,0,0,0,0,0,0,57,0,3,4,0,0,83,15,9,0
all_strategies,6,random-1,random,0,98,collapsed,0,689,0,28,0.0,0,69,79,19,19,43,28,1811,3,1,0,1,5,0,0,0
all_strategies,7,peace-1,peace,0,59,union,0,1596,0,53,0.0,0,0,2,0,0,0,52,9,3,5,0,1,52,11,2,0
all_strategies,7,switzerland-1,switzerland,0,103,conquered,0,819,0,36,0.0,0,0,92,0,0,55,54,1346,3,2,0,0,51,18,0,0
all_strategies,7,hegemony-1,hegemony,1,300,,71071,74798,83,89,0.3242,0,273,117,115,115,60,27,68614,3,1,0,1,69,0,0,0
all_strategies,7,retaliation-1,retaliation,1,300,,149798,149798,168,168,0.6562,1,237,319,140,140,85,59,88117,2,5,0,1,155,29,2,1
all_strategies,7,random-1,random,0,295,collapsed,0,52628,0,68,0.0,0,236,216,64,64,119,59,91561,3,1,0,1,3,0,0,0
all_strategies,8,peace-1,peace,0,85,union,0,1508,0,42,0.0,0,0,56,0,0,35,76,376,4,5,0,0,82,19,3,0
all_strategies,8,switzerland-1,switzerland,0,209,conquered,0,24701,0,67,0.0,0,0,142,0,0,71,70,26858,4,4,0,1,185,133,0,0
all_strategies,8,hegemony-1,hegemony,1,300,,128516,131873,141,145,0.5508,1,275,92,151,151,36,25,73232,4,2,0,2,88,0,0,0
all_strategies,8,retaliation-1,retaliation,1,300,,101876,136525,115,120,0.4492,0,148,109,71,71,41,42,55136,4,5,0,1,253,134,3,1
all_strategies,8,random-1,random,0,83,collapsed,0,345,0,23,0.0,0,44,68,6,6,45,39,897,4,0,0,0,0,0,0,0
all_strategies,9,peace-1,peace,0,264,conquered,0,51065,0,54,0.0,0,0,92,0,0,55,54,29627,3,4,0,2,284,92,0,0
all_strategies,9,switzerland-1,switzerland,0,137,conquered,0,2808,0,45,0.0,0,0,104,0,0,53,52,4228,4,5,0,1,235,163,0,0
all_strategies,9,hegemony-1,hegemony,1,300,,146004,146004,160,160,0.625,1,255,93,142,142,28,45,62861,4,1,0,1,149,0,0,0
all_strategies,9,retaliation-1,retaliation,1,300,,86256,99876,96,103,0.375,0,178,118,83,83,37,49,45872,3,3,0,1,105,71,0,0
all_strategies,9,random-1,random,0,129,collapsed,0,2812,0,42,0.0,0,75,101,16,16,68,53,6491,4,3,0,3,33,0,0,0
all_strategies,10,peace-1,peace,0,83,union,0,536,0,28,0.0,0,0,78,0,0,37,42,648,3,4,0,1,72,26,2,0
all_strategies,10,switzerland-1,switzerland,1,300,,28162,55162,26,82,0.1016,0,0,151,0,0,63,88,34066,3,4,0,2,348,234,0,0
all_strategies,10,hegemony-1,hegemony,1,300,,35548,36435,47,60,0.1836,0,284,165,102,102,72,16,79814,4,2,0,2,113,0,0,0
all_strategies,10,retaliation-1,retaliation,1,300,,48208,53927,56,68,0.2188,0,246,292,107,107,104,46,94344,4,6,0,1,368,260,2,1
all_strategies,10,random-1,random,1,300,,114637,114945,127,127,0.4961,1,240,84,103,103,36,59,54972,4,2,0,2,39,0,0,0
all_strategies,11,peace-1,peace,0,89,union,0,4839,0,50,0.0,0,0,30,0,0,9,52,357,4,6,0,0,92,28,0,0
all_strategies,11,switzerland-1,switzerland,1,300,,57190,57190,52,52,0.2031,0,0,0,0,0,0,51,0,2,4,0,0,334,276,0,0
all_strategies,11,hegemony-1,hegemony,1,300,,4700,52498,14,74,0.0547,0,221,168,65,65,93,41,92938,3,2,0,1,73,0,0,0
all_strategies,11,retaliation-1,retaliation,1,300,,192428,192428,190,190,0.7422,1,180,165,113,113,31,63,66431,4,7,0,2,404,274,0,1
all_strategies,11,random-1,random,0,111,collapsed,0,2124,0,44,0.0,0,66,104,16,16,61,45,3991,3,1,0,1,5,0,0,0
all_strategies,12,peace-1,peace,1,300,,92728,140881,95,146,0.3711,0,0,156,0,0,54,87,41306,3,6,0,1,250,55,0,1
all_strategies,12,switzerland-1,switzerland,0,96,conquered,0,421,0,26,0.0,0,0,83,0,0,46,45,723,4,4,0,0,123,65,0,0
all_strategies,12,hegemony-1,hegemony,1,300,,149642,149642,161,161,0.6289,1,261,68,137,137,16,39,43393,4,1,0,1,137,0,0,0
all_strategies,12,retaliation-1,retaliation,0,89,union,0,5509,0,61,0.0,0,37,15,19,19,8,49,794,4,5,0,0,114,56,0,0
all_strategies,12,random-1,random,0,166,collapsed,0,5518,0,41,0.0,0,127,103,31,31,63,38,15911,3,0,0,0,0,0,0,0
all_strategies,13,peace-1,peace,0,55,union,0,895,0,39,0.0,0,0,27,0,0,9,47,135,3,4,0,0,63,14,6,0
all_strategies,13,switzerland-1,switzerland,1,300,,3297,22886,3,58,0.0117,0,0,143,0,0,66,68,22275,3,2,0,0,266,225,0,0
all_strategies,13,hegemony-1,hegemony,1,300,,105258,108587,118,122,0.4609,0,270,102,126,126,39,30,78031,4,1,0,1,86,0,0,0
all_strategies,13,retaliation-1,retaliation,1,300,,134579,151664,135,136,0.5273,1,162,117,75,75,43,63,61101,3,5,0,1,375,239,6,1
all_strategies,13,random-1,random,0,94,collapsed,0,1160,0,37,0.0,0,50,93,14,14,58,44,2054,3,0,0,0,0,0,0,0
all_strategies,14,peace-1,peace,0,92,union,0,604,0,32,0.0,0,0,87,0,0,48,55,668,4,6,0,1,99,38,8,0
all_strategies,14,switzerland-1,switzerland,1,300,,14250,31511,13,60,0.0508,0,0,108,0,0,57,69,19204,3,5,0,1,319,250,0,0
all_strategies,14,hegemony-1,hegemony,0,286,collapsed,0,24539,0,59,0.0,0,265,168,87,87,103,20,73827,3,1,0,1,31,0,0,0
all_strategies,14,retaliation-1,retaliation,1,300,,89986,89986,98,98,0.3828,0,206,294,106,106,91,74,94566,3,6,0,1,335,246,8,1
all_strategies,14,random-1,random,1,300,,126129,126677,140,141,0.5469,1,266,80,136,136,30,33,64185,3,2,0,2,14,0,0,0
all_strategies,15,peace-1,peace,0,76,union,0,2906,0,50,0.0,0,0,14,0,0,7,54,138,4,7,0,1,130,37,1,0
all_strategies,15,switzerland-1,switzerland,0,117,conquered,0,985,0,39,0.0,0,0,109,0,0,69,68,1485,4,4,0,1,110,67,0,0
all_strategies,15,hegemony-1,hegemony,1,300,,105790,105790,120,120,0.4688,0,283,122,153,153,51,17,65770,3,1,0,1,68,0,0,0
all_strategies,15,retaliation-1,retaliation,1,300,,122384,124035,136,139,0.5312,1,238,291,126,126,95,56,92402,3,5,0,2,147,52,1,1
all_strategies,15,random-1,random,0,266,conquered,0,48511,0,67,0.0,0,209,194,63,63,120,56,77258,4,3,0,3,25,0,0,0
all_strategies,16,peace-1,peace,1,300,,68489,68860,62,63,0.2422,0,0,105,0,0,21,82,23438,3,4,0,1,554,251,0,0
all_strategies,16,switzerland-1,switzerland,1,300,,68382,68382,57,57,0.2227,0,0,3,0,0,0,56,471,3,3,0,0,544,251,0,0
all_strategies,16,hegemony-1,hegemony,1,300,,131810,131810,128,128,0.5,1,285,132,155,155,43,15,46164,4,2,0,0,525,0,0,0
all_strategies,16,retaliation-1,retaliation,0,39,collapsed,0,183,0,14,0.0,0,23,27,7,7,22,16,241,2,1,0,1,7,0,0,0
all_strategies,16,random-1,random,1,300,,558,29528,6,64,0.0234,0,218,259,57,57,133,81,91377,4,2,0,2,20,0,0,0
all_strategies,17,peace-1,peace,1,300,,23657,39988,22,57,0.0859,0,0,100,0,0,43,64,19658,3,4,0,2,266,231,0,0
all_strategies,17,switzerland-1,switzerland,1,300,,49211,76923,48,68,0.1875,0,0,92,0,0,26,73,27305,4,5,0,2,511,231,0,0
all_strategies,17,hegemony-1,hegemony,1,300,,40894,42609,53,53,0.207,0,260,127,76,76,64,40,59535,4,2,0,2,237,0,0,0
all_strategies,17,retaliation-1,retaliation,0,57,collapsed,0,177,0,14,0.0,0,41,43,11,11,24,16,400,2,1,0,0,13,0,0,0
all_strategies,17,random-1,random,1,300,,118979,118979,132,132,0.5156,1,239,178,117,117,47,61,70813,3,2,0,2,7,0,0,0
all_strategies,18,peace-1,peace,0,69,union,0,555,0,29,0.0,0,0,54,0,0,29,51,263,3,4,0,0,61,9,3,0
all_strategies,18,switzerland-1,switzerland,1,300,,75814,81290,69,72,0.2695,0,0,19,0,0,4,72,1005,4,6,0,2,504,223,0,0
all_strategies,18,hegemony-1,hegemony,0,249,collapsed,0,27739,0,55,0.0,0,229,163,78,78,96,20,65511,3,2,0,1,199,0,0,0
all_strategies,18,retaliation-1,retaliation,1,300,,203199,203199,187,187,0.7305,1,110,108,74,74,19,47,40704,3,10,0,2,377,245,7,2
all_strategies,18,random-1,random,0,137,union,0,20346,0,63,0.0,0,72,67,26,26,30,64,6804,3,4,0,1,47,13,4,0
all_strategies,19,peace-1,peace,0,82,union,0,4749,0,64,0.0,0,0,0,0,0,0,63,0,2,5,0,0,100,39,6,0
all_strategies,19,switzerland-1,switzerland,0,271,conquered,0,43682,0,65,0.0,0,0,183,0,0,66,65,43885,4,5,0,2,333,215,0,0
all_strategies,19,hegemony-1,hegemony,1,300,,122763,127031,134,134,0.5234,1,270,72,119,119,16,30,58301,3,2,0,2,279,0,0,0
all_strategies,19,retaliation-1,retaliation,1,300,,113694,149850,122,125,0.4766,0,29,27,8,8,11,60,17985,3,5,0,1,499,202,6,1
all_strategies,19,random-1,random,0,84,collapsed,0,407,0,24,0.0,0,46,63,9,9,43,38,977,2,1,0,1,17,0,0,0
all_strategies,20,peace-1,peace,0,285,conquered,0,63200,0,71,0.0,0,0,166,0,0,75,74,49384,3,4,0,2,357,207,0,0
all_strategies,20,switzerland-1,switzerland,0,265,conquered,0,9051,0,61,0.0,0,0,132,0,0,69,68,13591,4,6,0,2,325,230,0,0
all_strategies,20,hegemony-1,hegemony,1,300,,77699,80592,91,96,0.3555,0,274,174,137,137,73,26,80335,4,2,0,2,138,0,0,0
all_strategies,20,retaliation-1,retaliation,0,71,collapsed,0,266,0,19,0.0,0,48,50,14,14,35,23,647,2,2,0,0,54,23,0,0
all_strategies,20,random-1,random,1,300,,151757,151757,165,165,0.6445,1,237,37,115,115,14,63,51786,3,2,0,2,18,0,0,0
all_strategies,21,peace-1,peace,0,83,union,0,3126,0,53,0.0,0,0,35,0,0,15,67,278,3,5,0,2,65,16,11,0
all_strategies,21,switzerland-1,switzerland,0,205,conquered,0,24446,0,65,0.0,0,0,134,0,0,73,72,26144,2,3,0,1,203,132,0,0
all_strategies,21,hegemony-1,hegemony,1,300,,103458,115038,115,124,0.4492,0,284,109,137,137,39,16,77082,4,4,0,4,193,0,0,0
all_strategies,21,retaliation-1,retaliation,1,300,,127323,152351,141,141,0.5508,1,94,95,37,37,28,78,52942,3,7,0,2,343,148,11,1
all_strategies,21,random-1,random,0,46,collapsed,0,198,0,16,0.0,0,26,31,5,5,24,20,302,2,1,0,1,4,0,0,0
all_strategies,22,peace-1,peace,1,300,,70810,77612,65,86,0.2539,0,0,112,0,0,43,85,16446,4,8,0,2,378,134,5,1
all_strategies,22,switzerland-1,switzerland,0,166,conquered,0,8192,0,51,0.0,0,0,128,0,0,72,71,10301,3,3,0,1,159,124,0,0
all_strategies,22,hegemony-1,hegemony,1,300,,103824,104210,107,108,0.418,1,265,162,136,136,65,35,72316,4,2,0,1,184,0,0,0
all_strategies,22,retaliation-1,retaliation,0,55,union,0,544,0,28,0.0,0,25,24,10,10,17,28,326,2,3,0,0,40,10,5,0
all_strategies,22,random-1,random,1,300,,71072,78821,84,100,0.3281,0,268,132,111,111,60,32,86533,3,2,0,2,7,0,0,0
all_strategies,23,peace-1,peace,1,300,,98271,133019,100,111,0.3906,0,0,27,0,0,11,85,8793,3,7,0,2,399,203,4,1
all_strategies,23,switzerland-1,switzerland,0,273,conquered,0,44341,0,80,0.0,0,0,220,0,0,108,107,44194,2,3,0,1,251,194,0,0
all_strategies,23,hegemony-1,hegemony,1,300,,148617,148617,156,156,0.6094,1,276,12,139,139,8,24,45265,4,3,0,3,163,0,0,0
all_strategies,23,retaliation-1,retaliation,0,50,union,0,480,0,24,0.0,0,33,24,19,19,11,16,254,3,4,0,1,40,9,4,0
all_strategies,23,random-1,random,0,38,conquered,0,189,0,16,0.0,0,19,45,6,6,26,19,271,2,1,0,1,1,0,0,0
all_strategies,24,peace-1,peace,0,74,union,0,245,0,28,0.0,0,0,60,0,0,42,58,209,3,4,0,0,69,16,5,0
all_strategies,24,switzerland-1,switzerland,1,300,,28231,75329,27,71,0.1055,0,0,131,0,0,44,70,39139,4,6,1,2,431,222,0,0
all_strategies,24,hegemony-1,hegemony,1,300,,100047,100047,113,113,0.4414,0,283,109,137,137,42,17,60806,4,3,0,3,143,0,0,0
all_strategies,24,retaliation-1,retaliation,1,300,,127494,127494,116,116,0.4531,1,72,20,47,47,4,55,10569,4,7,0,2,317,238,5,1
all_strategies,24,random-1,random,0,174,collapsed,0,11457,0,62,0.0,0,120,155,36,36,88,53,25926,3,2,1,1,30,0,0,0
all_strategies,25,peace-1,peace,0,58,union,0,1426,0,52,0.0,0,0,9,0,0,2,53,54,3,5,0,1,67,9,4,0
all_strategies,25,switzerland-1,switzerland,0,105,conquered,0,780,0,34,0.0,0,0,93,0,0,58,57,1261,4,3,0,0,86,37,0,0
all_strategies,25,hegemony-1,hegemony,1,300,,52615,66686,64,88,0.25,0,266,167,120,120,91,34,84537,3,1,0,1,68,0,0,0
all_strategies,25,retaliation-1,retaliation,1,300,,169238,169238,185,185,0.7227,1,233,286,142,142,73,63,79455,3,6,0,1,168,46,4,1
all_strategies,25,random-1,random,0,187,collapsed,0,6732,0,46,0.0,0,148,92,29,29,67,39,22460,3,1,0,1,5,0,0,0
all_strategies,26,peace-1,peace,0,61,union,0,722,0,31,0.0,0,0,40,0,0,22,49,279,4,5,0,1,78,21,3,0
all_strategies,26,switzerland-1,switzerland,0,200,conquered,0,19958,0,63,0.0,0,0,133,0,0,70,69,21182,3,4,0,2,187,119,0,0
all_strategies,26,hegemony-1,hegemony,1,300,,127560,127844,141,142,0.5508,1,267,109,143,143,36,33,73079,4,3,0,3,92,0,0,0
all_strategies,26,retaliation-1,retaliation,1,300,,102867,132555,115,123,0.4492,0,191,146,84,84,48,50,63474,3,7,0,3,273,140,3,1
all_strategies,26,random-1,random,0,140,collapsed,0,5646,0,47,0.0,0,87,117,21,21,72,52,10552,4,3,0,3,24,0,0,0
all_strategies,27,peace-1,peace,0,109,conquered,0,1203,0,39,0.0,0,0,107,0,0,59,58,1843,4,4,0,1,132,39,0,0
all_strategies,27,switzerland-1,switzerland,0,195,conquered,0,18087,0,60,0.0,0,0,150,0,0,68,67,21102,4,5,0,1,284,161,0,0
all_strategies,27,hegemony-1,hegemony,1,300,,20675,57087,31,72,0.1211,0,277,233,119,119,112,23,100994,4,2,0,2,220,0,0,0
all_strategies,27,retaliation-1,retaliation,1,300,,43162,79637,56,72,0.2188,0,94,120,39,39,53,69,56933,4,4,0,1,359,122,0,0
all_strategies,27,random-1,random,1,300,,156205,156205,169,169,0.6602,1,266,27,143,143,9,34,46104,4,1,0,1,11,0,0,0
all_strategies,28,peace-1,peace,0,116,union,0,2477,0,41,0.0,0,0,105,0,0,51,60,2456,4,6,0,1,169,103,3,0
all_strategies,28,switzerland-1,switzerland,1,300,,21090,68276,20,57,0.0781,0,0,63,0,0,37,56,25577,4,7,0,3,546,314,0,0
all_strategies,28,hegemony-1,hegemony,1,300,,123485,123485,126,126,0.4922,1,259,145,137,137,52,40,57749,4,2,0,1,250,0,0,0
all_strategies,28,retaliation-1,retaliation,1,300,,130082,130082,109,109,0.4258,0,112,30,57,57,11,52,21590,3,6,0,0,442,275,3,1
all_strategies,28,random-1,random,0,238,collapsed,0,37428,0,80,0.0,0,194,222,74,74,117,44,73297,3,3,0,3,39,0,0,0
all_strategies,29,peace-1,peace,1,300,,53542,63233,45,60,0.1758,0,0,55,0,0,16,60,11631,3,4,0,1,526,229,0,0
all_strategies,29,switzerland-1,switzerland,1,300,,68772,74666,58,72,0.2266,0,0,55,0,0,14,71,16165,3,4,0,1,533,229,0,0
all_strategies,29,hegemony-1,hegemony,1,300,,26253,28136,33,46,0.1289,0,272,153,78,78,74,28,62959,4,2,0,0,505,0,0,0
all_strategies,29,retaliation-1,retaliation,0,56,collapsed,0,188,0,15,0.0,0,41,40,11,11,26,15,401,1,0,0,0,0,0,0,0
all_strategies,29,random-1,random,1,300,,104086,104086,120,120,0.4688,1,222,232,93,93,52,78,81147,3,2,0,2,38,0,0,0
all_strategies,30,peace-1,peace,0,87,union,0,5350,0,55,0.0,0,0,12,0,0,3,55,155,4,7,0,1,139,24,0,0
all_strategies,30,switzerland-1,switzerland,0,90,conquered,0,687,0,31,0.0,0,0,88,0,0,49,48,899,4,5,0,1,122,56,0,0
all_strategies,30,hegemony-1,hegemony,1,300,,47774,79157,57,98,0.2227,0,283,153,118,118,79,17,89095,4,2,0,1,206,0,0,0
all_strategies,30,retaliation-1,retaliation,1,300,,182869,182869,199,199,0.7773,1,202,177,121,121,41,65,71769,4,7,0,2,293,68,0,1
all_strategies,30,random-1,random,0,174,collapsed,0,14524,0,76,0.0,0,104,159,31,31,98,68,29816,4,3,0,3,24,0,0,0
all_strategies,31,peace-1,peace,1,300,,99716,127131,102,146,0.3984,0,0,157,0,0,55,120,42133,4,6,0,2,235,24,1,1
all_strategies,31,switzerland-1,switzerland,0,145,conquered,0,4677,0,44,0.0,0,0,113,0,0,63,62,6000,2,1,0,0,86,0,0,0
all_strategies,31,hegemony-1,hegemony,1,300,,142694,142694,154,154,0.6016,1,267,0,120,120,0,33,48632,3,1,0,1,88,0,0,0
all_strategies,31,retaliation-1,retaliation,0,68,union,0,1001,0,36,0.0,0,53,33,32,32,10,13,320,2,3,0,0,54,24,1,0
all_strategies,31,random-1,random,0,74,collapsed,0,185,0,15,0.0,0,38,55,10,10,34,36,479,3,1,0,1,7,0,0,0
all_strategies,32,peace-1,peace,1,300,,77452,109535,79,101,0.3086,0,0,107,0,0,35,79,23070,3,6,0,1,355,82,4,1
all_strategies,32,switzerland-1,switzerland,0,121,conquered,0,1761,0,38,0.0,0,0,95,0,0,60,59,2325,4,4,0,1,116,69,0,0
all_strategies,32,hegemony-1,hegemony,1,300,,162830,162830,174,174,0.6797,1,271,113,162,162,18,29,52074,3,1,0,1,214,0,0,0
all_strategies,32,retaliation-1,retaliation,0,64,union,0,1330,0,36,0.0,0,32,16,10,10,7,30,358,3,5,0,1,68,13,4,0
all_strategies,32,random-1,random,0,252,collapsed,0,30616,0,67,0.0,0,196,168,45,45,97,54,67098,3,2,0,2,13,0,0,0
all_strategies,33,peace-1,peace,0,74,union,0,3274,0,62,0.0,0,0,0,0,0,0,61,0,2,4,0,0,77,18,2,0
all_strategies,33,switzerland-1,switzerland,0,280,conquered,0,44880,0,64,0.0,0,0,179,0,0,66,65,45333,4,5,0,2,301,199,0,0
all_strategies,33,hegemony-1,hegemony,1,300,,100189,109302,108,113,0.4219,0,249,59,104,104,19,22,58096,3,2,0,2,277,0,0,0
all_strategies,33,retaliation-1,retaliation,1,300,,140297,171475,148,148,0.5781,1,20,20,10,10,5,80,11179,3,6,0,1,500,217,2,1
all_strategies,33,random-1,random,0,80,collapsed,0,287,0,22,0.0,0,52,63,11,11,35,28,852,2,1,0,1,1,0,0,0
all_strategies,34,peace-1,peace,1,300,,126804,167162,129,168,0.5039,1,0,106,0,0,39,108,32350,3,6,0,2,238,108,6,1
all_strategies,34,switzerland-1,switzerland,0,170,conquered,0,12050,0,40,0.0,0,0,91,0,0,42,41,14324,3,4,0,2,192,116,0,0
all_strategies,34,hegemony-1,hegemony,1,300,,115467,115467,127,127,0.4961,0,249,28,108,108,13,31,46757,4,3,0,3,130,0,0,0
all_strategies,34,retaliation-1,retaliation,0,93,union,0,5835,0,59,0.0,0,57,33,32,32,7,33,1048,4,5,0,0,131,70,6,0
all_strategies,34,random-1,random,0,67,collapsed,0,345,0,25,0.0,0,26,74,4,4,43,41,603,4,2,0,1,15,0,0,0
all_strategies,35,peace-1,peace,0,252,conquered,0,49147,0,79,0.0,0,0,228,0,0,83,56,44663,4,7,0,2,277,186,4,1
all_strategies,35,switzerland-1,switzerland,1,300,,12896,71069,14,77,0.0547,0,0,149,0,0,72,85,42999,3,4,0,2,415,172,0,0
all_strategies,35,hegemony-1,hegemony,1,300,,65406,65449,78,78,0.3047,0,204,71,82,82,36,31,51586,4,2,0,2,219,0,0,0
all_strategies,35,retaliation-1,retaliation,0,55,union,0,639,0,26,0.0,0,32,31,14,14,11,22,349,3,3,0,0,44,14,4,0
all_strategies,35,random-1,random,1,300,,150980,150980,164,164,0.6406,1,243,0,106,106,0,57,50900,4,2,0,2,17,0,0,0
all_strategies,36,peace-1,peace,0,204,union,0,29038,0,51,0.0,0,0,99,0,0,44,65,13890,4,7,0,1,357,149,3,0
all_strategies,36,switzerland-1,switzerland,1,300,,58999,73821,54,77,0.2109,0,0,79,0,0,27,80,17996,4,5,0,0,522,379,0,0
all_strategies,36,hegemony-1,hegemony,0,169,collapsed,0,3288,0,30,0.0,0,139,142,44,44,72,29,9559,4,2,0,0,220,0,0,0
all_strategies,36,retaliation-1,retaliation,1,300,,82468,83782,87,89,0.3398,0,237,211,106,106,74,32,56695,4,5,0,0,318,258,3,1
all_strategies,36,random-1,random,1,300,,101483,101483,115,115,0.4492,1,253,98,104,104,37,47,79800,4,1,0,1,13,0,0,0
all_strategies,37,peace-1,peace,0,159,conquered,0,8422,0,49,0.0,0,0,123,0,0,69,68,10006,2,2,0,0,130,101,0,0
all_strategies,37,switzerland-1,switzerland,1,300,,7130,75242,7,81,0.0273,0,0,151,0,0,78,84,51848,4,6,0,2,499,337,0,0
all_strategies,37,hegemony-1,hegemony,1,300,,183388,183388,181,181,0.707,1,262,0,143,143,0,37,48223,3,2,0,1,158,0,0,0
all_strategies,37,retaliation-1,retaliation,1,300,,81263,81263,68,68,0.2656,0,64,43,41,41,6,32,811,3,4,0,1,339,236,0,0
all_strategies,37,random-1,random,0,90,collapsed,0,527,0,27,0.0,0,55,64,10,10,41,35,1365,2,2,0,2,20,0,0,0
all_strategies,38,peace-1,peace,0,64,union,0,804,0,33,0.0,0,0,40,0,0,20,50,217,2,3,0,0,53,23,1,0
all_strategies,38,switzerland-1,switzerland,1,300,,2197,33688,2,50,0.0078,0,0,102,0,0,49,50,28336,3,4,0,2,330,243,0,0
all_strategies,38,hegemony-1,hegemony,1,300,,108780,117927,122,126,0.4766,0,271,109,129,129,37,29,76453,4,3,0,3,140,0,0,0
all_strategies,38,retaliation-1,retaliation,1,300,,132607,150820,132,136,0.5156,1,143,101,72,72,30,58,50667,4,7,0,2,414,266,1,1
all_strategies,38,random-1,random,0,131,collapsed,0,3873,0,56,0.0,0,65,127,10,10,75,65,7881,3,1,0,1,7,0,0,0
all_strategies,39,peace-1,peace,0,109,conquered,0,459,0,30,0.0,0,0,90,0,0,52,51,794,4,4,0,1,143,42,0,0
all_strategies,39,switzerland-1,switzerland,0,224,conquered,0,18304,0,70,0.0,0,0,164,0,0,76,75,22476,4,6,0,2,297,203,0,0
all_strategies,39,hegemony-1,hegemony,1,300,,20753,73791,30,88,0.1172,0,286,228,127,127,112,14,107686,4,2,0,2,191,0,0,0
all_strategies,39,retaliation-1,retaliation,1,300,,56458,69547,72,72,0.2812,0,87,98,43,43,30,58,46234,4,4,0,1,415,161,0,0
all_strategies,39,random-1,random,1,300,,142625,142625,154,154,0.6016,1,244,37,117,117,17,53,51494,4,2,0,2,10,0,0,0
all_strategies,40,peace-1,peace,0,78,union,0,1410,0,44,0.0,0,0,55,0,0,26,65,299,2,3,0,0,39,10,5,0
all_strategies,40,switzerland-1,switzerland,1,300,,1097,20985,1,63,0.0039,0,0,176,0,0,65,65,25105,3,4,0,2,305,258,0,0
all_strategies,40,hegemony-1,hegemony,1,300,,59689,59708,70,70,0.2734,0,281,126,109,109,59,19,62169,4,3,0,2,209,0,0,0
all_strategies,40,retaliation-1,retaliation,1,300,,186241,186241,170,170,0.6641,1,150,78,87,87,14,56,51674,4,8,0,2,529,268,5,1
all_strategies,40,random-1,random,1,300,,8664,65600,15,95,0.0586,0,252,248,94,94,126,46,114870,3,2,0,2,12,0,0,0
all_strategies,41,peace-1,peace,0,180,union,0,72873,0,64,0.0,0,0,0,0,0,0,63,0,3,6,0,0,329,128,5,0
all_strategies,41,switzerland-1,switzerland,0,181,conquered,0,10514,0,45,0.0,0,0,137,0,0,70,69,13721,4,6,0,0,387,300,0,0
all_strategies,41,hegemony-1,hegemony,1,300,,77846,95815,90,109,0.3516,0,274,132,125,125,62,26,84209,4,2,0,1,280,0,0,0
all_strategies,41,retaliation-1,retaliation,1,300,,152390,159363,166,166,0.6484,1,181,155,95,95,45,51,65685,4,7,0,2,358,152,5,1
all_strategies,41,random-1,random,0,94,collapsed,0,1006,0,36,0.0,0,49,80,10,10,53,43,1921,3,3,0,1,72,40,0,0
all_strategies,42,peace-1,peace,1,300,,147940,147940,126,132,0.4922,1,0,66,0,0,15,70,7069,4,8,0,2,407,263,8,1
all_strategies,42,switzerland-1,switzerland,1,300,,22804,73619,22,68,0.0859,0,0,117,0,0,46,67,39126,3,5,0,1,391,293,0,0
all_strategies,42,hegemony-1,hegemony,1,300,,101697,101697,108,108,0.4219,0,257,50,103,103,17,21,49568,4,4,0,3,120,0,0,0
all_strategies,42,retaliation-1,retaliation,0,93,union,0,7157,0,71,0.0,0,11,16,8,8,6,67,472,3,6,0,1,125,56,8,0
all_strategies,42,random-1,random,0,76,collapsed,0,298,0,23,0.0,0,42,61,9,9,36,34,738,2,1,0,1,5,0,0,0
all_strategies,43,peace-1,peace,1,300,,169148,169148,141,141,0.5508,1,0,5,0,0,0,68,180,4,8,0,2,589,261,1,1
all_strategies,43,switzerland-1,switzerland,1,300,,75883,75883,69,69,0.2695,0,0,0,0,0,0,68,0,2,4,0,0,347,289,0,0
all_strategies,43,hegemony-1,hegemony,1,300,,50582,50582,46,47,0.1797,0,80,41,39,39,15,21,1504,3,2,0,1,255,0,0,0
all_strategies,43,retaliation-1,retaliation,0,102,union,0,9667,0,73,0.0,0,28,32,17,17,8,62,1307,4,6,0,1,122,48,1,0
all_strategies,43,random-1,random,0,105,collapsed,0,764,0,31,0.0,0,58,88,17,17,50,47,2103,3,2,0,2,21,0,0,0
all_strategies,44,peace-1,peace,0,86,conquered,0,315,0,25,0.0,0,0,79,0,0,58,57,556,3,2,0,1,40,0,0,0
all_strategies,44,switzerland-1,switzerland,1,300,,43440,52778,40,57,0.1562,0,0,46,0,0,19,58,5887,4,5,0,2,555,236,0,0
all_strategies,44,hegemony-1,hegemony,1,300,,163400,163400,157,157,0.6133,1,280,184,178,178,42,20,69450,4,2,0,1,502,0,0,0
all_strategies,44,retaliation-1,retaliation,1,300,,67186,67186,56,56,0.2188,0,0,0,0,0,0,55,0,2,3,0,0,540,236,0,0
all_strategies,44,random-1,random,0,289,collapsed,0,34384,0,73,0.0,0,226,197,59,59,118,62,90609,3,2,0,2,35,0,0,0
all_strategies,45,peace-1,peace,1,300,,178089,178089,162,162,0.6328,1,0,0,0,0,0,81,0,3,6,0,0,398,245,3,1
all_strategies,45,switzerland-1,switzerland,1,300,,103399,103399,94,94,0.3672,0,0,0,0,0,0,93,0,3,5,0,0,507,387,0,0
all_strategies,45,hegemony-1,hegemony,0,145,collapsed,0,2073,0,30,0.0,0,130,109,47,47,59,15,6443,4,2,0,0,156,0,0,0
all_strategies,45,retaliation-1,retaliation,0,191,union,0,61565,0,80,0.0,0,124,109,68,68,29,40,4810,4,5,0,0,221,162,3,0
all_strategies,45,random-1,random,0,40,collapsed,0,167,0,16,0.0,0,12,48,2,2,29,28,238,2,0,0,0,0,0,0,0
all_strategies,46,peace-1,peace,0,64,union,0,849,0,33,0.0,0,0,40,0,0,19,51,212,4,5,0,1,68,14,7,0
all_strategies,46,switzerland-1,switzerland,0,182,conquered,0,14653,0,49,0.0,0,0,119,0,0,60,59,15927,3,4,0,2,177,97,0,0
all_strategies,46,hegemony-1,hegemony,1,300,,111612,112790,125,127,0.4883,1,271,126,146,146,51,29,76990,4,3,0,3,135,0,0,0
all_strategies,46,retaliation-1,retaliation,1,300,,111264,129406,124,127,0.4844,0,194,140,95,95,55,50,69877,3,7,0,3,277,111,7,1
all_strategies,46,random-1,random,0,137,collapsed,0,4568,0,52,0.0,0,76,116,17,17,73,61,9653,4,3,0,3,25,0,0,0
all_strategies,47,peace-1,peace,0,199,conquered,0,16390,0,47,0.0,0,0,135,0,0,75,74,18444,3,1,0,0,165,0,0,0
all_strategies,47,switzerland-1,switzerland,0,300,conquered,0,69969,0,56,0.0,0,0,104,0,0,57,56,38259,4,4,0,1,581,244,0,0
all_strategies,47,hegemony-1,hegemony,1,300,,187051,187051,183,183,0.7148,1,269,27,155,155,4,31,44330,4,2,0,1,354,0,0,0
all_strategies,47,retaliation-1,retaliation,1,300,,87566,87566,73,73,0.2852,0,69,19,37,37,7,42,857,3,4,0,1,501,244,0,0
all_strategies,47,random-1,random,0,116,collapsed,0,1286,0,36,0.0,0,62,115,19,19,68,54,3165,4,1,0,1,15,0,0,0
all_strategies,48,peace-1,peace,1,300,,76081,109644,71,111,0.2773,0,0,117,0,0,43,62,37618,3,6,0,1,491,294,3,1
all_strategies,48,switzerland-1,switzerland,1,300,,109158,109158,91,91,0.3555,0,0,0,0,0,0,90,0,3,4,0,0,559,261,0,0
all_strategies,48,hegemony-1,hegemony,1,300,,89415,89415,94,94,0.3672,1,259,110,101,101,33,25,52830,4,3,0,2,416,0,0,0
all_strategies,48,retaliation-1,retaliation,0,165,union,0,28708,0,57,0.0,0,122,114,50,50,39,39,13956,4,6,0,2,140,33,3,0
all_strategies,48,random-1,random,0,66,collapsed,0,385,0,27,0.0,0,29,69,8,8,44,37,676,2,1,0,1,4,0,0,0
all_strategies,49,peace-1,peace,1,300,,29528,67855,32,60,0.125,0,0,80,0,0,29,60,25103,4,5,0,2,472,216,0,0
all_strategies,49,switzerland-1,switzerland,0,275,conquered,0,35779,0,60,0.0,0,0,136,0,0,61,60,33795,4,6,0,2,311,236,0,0
all_strategies,49,hegemony-1,hegemony,1,300,,45347,49701,58,64,0.2266,0,262,168,95,95,76,38,69496,4,2,0,2,210,0,0,0
all_strategies,49,retaliation-1,retaliation,0,107,collapsed,0,833,0,29,0.0,0,78,102,24,24,50,28,2062,4,3,0,0,63,20,0,0
all_strategies,49,random-1,random,1,300,,153572,153572,165,165,0.6445,1,232,86,113,113,16,67,52472,4,2,0,2,20,0,0,0
all_strategies,50,peace-1,peace,1,300,,100796,131556,103,122,0.4023,0,0,61,0,0,19,56,16092,3,6,0,1,297,71,7,1
all_strategies,50,switzerland-1,switzerland,0,109,conquered,0,1167,0,35,0.0,0,0,91,0,0,55,54,1761,4,5,0,1,150,82,0,0
all_strategies,50,hegemony-1,hegemony,1,300,,140776,140776,152,152,0.5938,1,273,147,153,153,29,27,56272,4,1,0,1,168,0,0,0
all_strategies,50,retaliation-1,retaliation,0,99,union,0,8478,0,65,0.0,0,52,11,24,24,3,43,872,4,6,0,1,118,49,7,0
all_strategies,50,random-1,random,0,247,collapsed,0,20585,0,54,0.0,0,174,189,37,37,108,73,56278,3,2,0,2,19,0,0,0
all_strategies,51,peace-1,peace,0,73,union,0,386,0,26,0.0,0,0,65,0,0,31,38,374,4,6,0,1,98,33,8,0
all_strategies,51,switzerland-1,switzerland,1,300,,10304,46442,10,57,0.0391,0,0,147,0,0,60,69,35164,4,6,0,2,544,275,0,0
all_strategies,51,hegemony-1,hegemony,1,300,,138174,138174,139,139,0.543,1,288,95,150,150,24,12,50211,4,3,0,2,378,0,0,0
all_strategies,51,retaliation-1,retaliation,1,300,,128251,128251,107,107,0.418,0,22,4,13,13,1,86,5118,3,8,0,2,512,270,8,1
all_strategies,51,random-1,random,0,239,collapsed,0,29066,0,60,0.0,0,188,187,53,53,100,50,62804,3,3,0,3,22,0,0,0
all_strategies,52,peace-1,peace,1,300,,80737,104149,75,123,0.293,0,0,152,0,0,56,75,35648,3,6,0,1,318,255,2,1
all_strategies,52,switzerland-1,switzerland,1,300,,42192,58445,39,69,0.1523,0,0,84,0,0,32,70,18711,2,3,0,1,278,236,0,0
all_strategies,52,hegemony-1,hegemony,0,58,conquered,0,205,0,15,0.0,0,44,43,12,12,26,13,436,1,0,0,0,0,0,0,0
all_strategies,52,retaliation-1,retaliation,0,109,union,0,3622,0,55,0.0,0,69,50,33,33,15,36,1425,3,4,0,1,57,19,2,0
all_strategies,52,random-1,random,1,300,,130122,130122,142,142,0.5547,1,242,26,91,91,7,57,54798,3,3,0,3,27,0,0,0
all_strategies,53,peace-1,peace,1,300,,83573,87725,70,74,0.2734,0,0,18,0,0,4,73,5681,4,5,0,1,572,239,0,0
all_strategies,53,switzerland-1,switzerland,1,300,,24916,55090,23,74,0.0898,0,0,148,0,0,53,75,36362,3,4,0,2,484,239,0,0
all_strategies,53,hegemony-1,hegemony,1,300,,96018,96837,97,98,0.3789,1,278,109,119,119,45,22,53206,4,2,0,1,459,0,0,0
all_strategies,53,retaliation-1,retaliation,0,56,collapsed,0,204,0,16,0.0,0,38,38,7,7,23,18,398,3,1,0,0,21,0,0,0
all_strategies,53,random-1,random,1,300,,52446,56143,66,77,0.2578,0,233,236,92,92,93,66,95518,4,2,0,2,40,0,0,0
all_strategies,54,peace-1,peace,1,300,,125366,125366,114,117,0.4453,0,0,50,0,0,12,80,4421,4,6,0,1,359,9,4,1
all_strategies,54,switzerland-1,switzerland,0,95,conquered,0,401,0,29,0.0,0,0,88,0,0,58,57,698,3,2,0,1,69,0,0,0
all_strategies,54,hegemony-1,hegemony,1,300,,124885,124885,132,132,0.5156,1,287,172,162,162,44,13,66816,3,1,0,0,254,0,0,0
all_strategies,54,retaliation-1,retaliation,0,59,union,0,1508,0,45,0.0,0,21,6,10,10,1,35,167,2,4,0,1,39,9,4,0
all_strategies,54,random-1,random,1,300,,3417,32146,10,66,0.0391,0,234,226,61,61,118,66,90912,4,3,0,3,11,0,0,0
all_strategies,55,peace-1,peace,0,188,conquered,0,17610,0,60,0.0,0,0,133,0,0,66,65,20103,2,3,0,1,176,128,0,0
all_strategies,55,switzerland-1,switzerland,0,294,conquered,0,77677,0,65,0.0,0,0,106,0,0,65,64,43280,3,5,0,1,590,366,0,0
all_strategies,55,hegemony-1,hegemony,1,300,,171040,175904,172,174,0.6719,1,289,20,164,164,4,11,50314,4,3,0,3,431,0,0,0
all_strategies,55,retaliation-1,retaliation,1,300,,82533,99558,84,84,0.3281,0,5,7,3,3,2,82,3335,3,4,0,2,516,238,0,0
all_strategies,55,random-1,random,0,52,collapsed,0,146,0,17,0.0,0,16,44,1,1,31,36,281,2,1,0,1,3,0,0,0
all_strategies,56,peace-1,peace,0,54,union,0,1075,0,33,0.0,0,0,6,0,0,4,36,42,3,5,0,1,53,14,5,0
all_strategies,56,switzerland-1,switzerland,1,300,,24105,67161,23,95,0.0898,0,0,205,0,0,73,95,51502,2,3,0,1,309,232,0,0
all_strategies,56,hegemony-1,hegemony,1,300,,122077,122077,124,124,0.4844,1,273,31,105,105,9,27,53745,4,3,0,1,292,0,0,0
all_strategies,56,retaliation-1,retaliation,1,300,,130771,130771,109,109,0.4258,0,33,13,26,26,3,52,465,3,6,0,0,579,246,5,1
all_strategies,56,random-1,random,0,94,collapsed,0,902,0,36,0.0,0,50,101,16,16,58,44,1797,2,1,0,1,7,0,0,0
all_strategies,57,peace-1,peace,1,300,,103152,111941,88,113,0.3438,0,0,117,0,0,35,63,25458,4,8,0,2,451,222,18,1
all_strategies,57,switzerland-1,switzerland,1,300,,31396,51220,27,66,0.1055,0,0,133,0,0,46,72,29021,4,6,0,1,569,271,0,0
all_strategies,57,hegemony-1,hegemony,1,300,,10051,10051,9,30,0.0352,0,96,87,29,29,54,33,3196,3,3,0,1,390,0,0,0
all_strategies,57,retaliation-1,retaliation,0,126,union,0,9494,0,58,0.0,0,87,96,54,54,29,33,2156,3,5,0,0,162,101,18,0
all_strategies,57,random-1,random,1,300,,120307,120307,132,132,0.5156,1,250,0,81,81,0,50,60799,2,2,0,2,18,0,0,0
all_strategies,58,peace-1,peace,1,300,,151140,151140,126,126,0.4922,1,0,7,0,0,1,82,72,2,6,0,0,445,259,4,1
all_strategies,58,switzerland-1,switzerland,1,300,,34422,72066,33,86,0.1289,0,0,195,0,0,57,89,44888,2,2,0,0,279,250,0,0
all_strategies,58,hegemony-1,hegemony,1,300,,92834,92834,97,97,0.3789,0,253,31,90,90,11,17,50727,3,2,0,1,142,0,0,0
all_strategies,58,retaliation-1,retaliation,0,63,union,0,1574,0,44,0.0,0,18,16,8,8,4,39,256,3,4,0,1,52,9,4,0
all_strategies,58,random-1,random,0,47,collapsed,0,157,0,13,0.0,0,18,40,6,6,31,29,244,2,0,0,0,0,0,0,0
all_strategies,59,peace-1,peace,0,61,union,0,1648,0,54,0.0,0,0,10,0,0,1,54,51,3,5,0,1,64,12,2,0
all_strategies,59,switzerland-1,switzerland,0,221,conquered,0,24637,0,60,0.0,0,0,141,0,0,60,59,28944,3,4,0,2,258,180,0,0
all_strategies,59,hegemony-1,hegemony,1,300,,88840,106289,100,115,0.3906,0,272,98,117,117,46,28,76288,4,3,0,2,232,0,0,0
all_strategies,59,retaliation-1,retaliation,1,300,,141479,168615,156,156,0.6094,1,100,85,58,58,29,72,44349,4,7,0,2,453,192,2,1
all_strategies,59,random-1,random,0,83,collapsed,0,606,0,28,0.0,0,43,81,5,5,44,40,1218,4,3,0,3,43,0,0,0
all_strategies,60,peace-1,peace,0,86,union,0,2957,0,52,0.0,0,0,49,0,0,19,64,467,4,6,0,1,110,17,7,0
all_strategies,60,switzerland-1,switzerland,0,139,conquered,0,3503,0,47,0.0,0,0,112,0,0,68,67,4749,3,3,0,0,138,88,0,0
all_strategies,60,hegemony-1,hegemony,1,300,,83477,98784,96,120,0.375,0,273,135,134,134,65,26,84573,4,3,0,2,156,0,0,0
all_strategies,60,retaliation-1,retaliation,1,300,,146665,147841,160,163,0.625,1,226,213,111,111,58,60,81465,4,7,0,2,285,105,7,1
all_strategies,60,random-1,random,0,168,conquered,0,14526,0,54,0.0,0,134,124,38,38,73,34,24329,3,3,0,3,17,0,0,0
all_strategies,61,peace-1,peace,0,169,conquered,0,11356,0,55,0.0,0,0,133,0,0,76,75,13265,2,2,0,0,142,113,0,0
all_strategies,61,switzerland-1,switzerland,1,300,,83983,83983,70,70,0.2734,0,0,21,0,0,4,73,244,4,6,0,1,626,313,0,0
all_strategies,61,hegemony-1,hegemony,1,300,,137260,137260,139,139,0.543,1,264,130,140,140,37,35,78809,3,2,0,1,326,0,0,0
all_strategies,61,retaliation-1,retaliation,1,300,,39387,69198,47,75,0.1836,0,202,160,84,84,70,32,84004,3,4,0,2,310,200,0,0
all_strategies,61,random-1,random,0,96,collapsed,0,566,0,28,0.0,0,50,72,10,10,47,45,1406,2,2,0,2,8,0,0,0
all_strategies,62,peace-1,peace,0,52,union,0,1011,0,40,0.0,0,0,6,0,0,2,41,30,4,6,0,1,70,12,1,0
all_strategies,62,switzerland-1,switzerland,0,265,conquered,0,47457,0,84,0.0,0,0,177,0,0,84,83,46280,3,3,0,0,248,201,0,0
all_strategies,62,hegemony-1,hegemony,1,300,,138600,146852,149,150,0.582,1,257,47,123,123,18,43,59500,4,2,0,1,240,0,0,0
all_strategies,62,retaliation-1,retaliation,1,300,,97037,129434,107,109,0.418,0,67,47,42,42,19,43,22114,4,7,0,2,510,213,1,1
all_strategies,62,random-1,random,0,72,collapsed,0,531,0,33,0.0,0,30,77,8,8,50,42,888,3,2,0,2,10,0,0,0
all_strategies,63,peace-1,peace,0,68,union,0,2374,0,48,0.0,0,0,5,0,0,1,47,47,3,6,0,1,96,27,2,0
all_strategies,63,switzerland-1,switzerland,0,101,conquered,0,698,0,31,0.0,0,0,93,0,0,59,58,1124,4,5,0,1,135,72,0,0
all_strategies,63,hegemony-1,hegemony,1,300,,74264,79068,87,98,0.3398,0,264,177,125,125,75,36,86276,3,1,0,1,102,0,0,0
all_strategies,63,retaliation-1,retaliation,1,300,,155904,156792,169,171,0.6602,1,226,189,117,117,60,64,82555,3,6,0,1,227,65,2,1
all_strategies,63,random-1,random,0,147,collapsed,0,7964,0,61,0.0,0,100,126,34,34,81,47,15227,3,2,0,2,14,0,0,0
all_strategies,64,peace-1,peace,0,102,union,0,9839,0,73,0.0,0,0,33,0,0,5,77,606,4,7,0,2,142,43,1,0
all_strategies,64,switzerland-1,switzerland,0,186,conquered,0,20464,0,41,0.0,0,0,105,0,0,43,42,20256,4,5,0,1,238,160,0,0
all_strategies,64,hegemony-1,hegemony,1,300,,73580,87161,85,97,0.332,0,262,110,108,108,52,28,79898,4,3,0,3,99,0,0,0
all_strategies,64,retaliation-1,retaliation,1,300,,156712,171894,171,171,0.668,1,143,110,73,73,41,65,58143,4,8,0,3,280,141,1,1
all_strategies,64,random-1,random,0,76,collapsed,0,494,0,30,0.0,0,34,81,6,6,46,41,936,4,3,0,3,41,0,0,0
all_strategies,65,peace-1,peace,0,202,conquered,0,19530,0,50,0.0,0,0,165,0,0,78,77,22159,3,2,0,0,191,162,0,0
all_strategies,65,switzerland-1,switzerland,0,278,conquered,0,59408,0,47,0.0,0,0,79,0,0,47,46,30887,4,6,0,2,623,389,0,0
all_strategies,65,hegemony-1,hegemony,1,300,,158625,163107,167,167,0.6523,1,286,27,158,158,6,14,50974,4,2,0,2,410,0,0,0
all_strategies,65,retaliation-1,retaliation,1,300,,82239,113864,89,95,0.3477,0,22,22,6,6,12,94,15302,2,3,0,1,498,227,0,0
all_strategies,65,random-1,random,0,42,collapsed,0,154,0,13,0.0,0,18,33,0,0,21,24,231,3,1,0,1,8,0,0,0
all_strategies,66,peace-1,peace,1,300,,110046,122921,101,125,0.3945,0,0,132,0,0,39,81,24051,3,6,0,1,286,226,4,1
all_strategies,66,switzerland-1,switzerland,1,300,,31049,55396,29,72,0.1133,0,0,132,0,0,50,78,28293,4,6,0,1,391,298,0,0
all_strategies,66,hegemony-1,hegemony,0,78,collapsed,0,298,0,21,0.0,0,54,55,15,15,37,24,803,2,1,0,0,29,0,0,0
all_strategies,66,retaliation-1,retaliation,0,126,union,0,15172,0,58,0.0,0,55,54,37,37,15,35,600,3,5,0,0,150,90,4,0
all_strategies,66,random-1,random,1,300,,113488,113488,126,126,0.4922,1,264,0,89,89,0,36,55672,2,2,0,2,6,0,0,0
all_strategies,67,peace-1,peace,1,300,,19179,68138,19,83,0.0742,0,0,222,0,0,88,80,48415,2,5,0,3,324,250,3,1
all_strategies,67,switzerland-1,switzerland,1,300,,3288,40276,3,60,0.0117,0,0,132,0,0,65,67,31412,3,4,0,2,299,243,0,0
all_strategies,67,hegemony-1,hegemony,1,300,,61900,63252,74,76,0.2891,0,236,97,83,83,51,41,68809,3,3,0,3,53,0,0,0
all_strategies,67,retaliation-1,retaliation,0,62,union,0,854,0,27,0.0,0,35,32,12,12,10,23,436,4,6,0,0,100,15,3,0
all_strategies,67,random-1,random,1,300,,146685,146685,160,160,0.625,1,258,46,130,130,11,40,53747,4,4,0,4,62,0,0,0
all_strategies,68,peace-1,peace,1,300,,174731,174731,148,148,0.5781,1,0,1,0,0,0,90,4,4,8,0,1,551,224,1,1
all_strategies,68,switzerland-1,switzerland,1,300,,108219,108219,91,91,0.3555,0,0,0,0,0,0,90,0,4,6,0,0,694,354,0,0
all_strategies,68,hegemony-1,hegemony,1,300,,20133,20133,17,34,0.0664,0,188,159,70,70,72,18,25716,4,4,0,2,528,0,0,0
all_strategies,68,retaliation-1,retaliation,0,207,union,0,37806,0,57,0.0,0,177,166,88,88,56,24,21556,4,7,0,2,231,160,1,0
all_strategies,68,random-1,random,0,42,collapsed,0,157,0,14,0.0,0,9,48,2,2,32,33,210,4,3,0,1,32,0,0,0
all_strategies,69,peace-1,peace,0,126,union,0,22168,0,43,0.0,0,0,15,0,0,3,43,460,4,6,0,1,211,14,2,0
all_strategies,69,switzerland-1,switzerland,0,118,conquered,0,1214,0,37,0.0,0,0,100,0,0,59,58,1859,3,3,0,0,157,35,0,0
all_strategies,69,hegemony-1,hegemony,1,300,,82238,92046,94,112,0.3672,0,280,149,129,129,56,20,84199,4,2,0,1,173,0,0,0
all_strategies,69,retaliation-1,retaliation,1,300,,148331,148331,162,162,0.6328,1,232,196,114,114,50,56,79886,4,6,0,1,217,49,2,1
all_strategies,69,random-1,random,0,158,collapsed,0,9569,0,58,0.0,0,82,134,14,14,89,76,18095,3,1,0,1,12,0,0,0
all_strategies,70,peace-1,peace,0,288,conquered,0,61930,0,67,0.0,0,0,169,0,0,78,77,44672,3,4,0,2,306,144,0,0
all_strategies,70,switzerland-1,switzerland,0,210,conquered,0,23742,0,48,0.0,0,0,106,0,0,54,53,24046,4,6,0,2,407,192,0,0
all_strategies,70,hegemony-1,hegemony,1,300,,86336,87181,101,103,0.3945,0,227,182,120,120,65,45,71455,4,3,0,3,255,0,0,0
all_strategies,70,retaliation-1,retaliation,0,96,collapsed,0,409,0,21,0.0,0,74,72,21,21,40,22,1270,2,2,0,0,77,48,0,0
all_strategies,70,random-1,random,1,300,,143489,145406,155,156,0.6055,1,240,12,102,102,6,58,50406,3,3,0,3,51,0,0,0
all_strategies,71,peace-1,peace,0,70,union,0,1733,0,46,0.0,0,0,20,0,0,13,58,161,3,5,0,1,87,20,15,0
all_strategies,71,switzerland-1,switzerland,0,119,conquered,0,2409,0,45,0.0,0,0,106,0,0,57,56,3355,4,4,0,1,98,39,0,0
all_strategies,71,hegemony-1,hegemony,1,300,,80597,86602,93,103,0.3633,0,265,155,125,125,68,35,84724,3,1,0,1,82,0,0,0
all_strategies,71,retaliation-1,retaliation,1,300,,130069,130069,144,144,0.5625,1,225,285,116,116,79,60,96473,3,6,0,1,192,59,15,1
all_strategies,71,random-1,random,0,222,collapsed,0,10213,0,56,0.0,0,179,103,44,44,68,43,35806,3,2,0,2,21,0,0,0
all_strategies,72,peace-1,peace,1,300,,98630,119146,91,135,0.3555,0,0,148,0,0,54,80,35608,3,6,0,1,331,247,8,1
all_strategies,72,switzerland-1,switzerland,1,300,,10535,32635,10,55,0.0391,0,0,87,0,0,51,60,20941,3,5,0,1,345,278,0,0
all_strategies,72,hegemony-1,hegemony,0,83,collapsed,0,364,0,21,0.0,0,60,58,10,10,30,23,943,1,0,0,0,0,0,0,0
all_strategies,72,retaliation-1,retaliation,0,122,union,0,11190,0,63,0.0,0,83,67,41,41,12,34,1957,4,5,0,0,117,59,8,0
all_strategies,72,random-1,random,1,300,,142626,142626,155,155,0.6055,1,242,25,107,107,11,58,54161,3,2,0,2,35,0,0,0
all_strategies,73,peace-1,peace,0,56,union,0,625,0,29,0.0,0,0,31,0,0,18,46,173,3,4,0,0,64,15,6,0
all_strategies,73,switzerland-1,switzerland,0,243,conquered,0,35406,0,67,0.0,0,0,164,0,0,75,74,37261,3,4,0,2,251,189,0,0
all_strategies,73,hegemony-1,hegemony,1,300,,135521,137330,148,150,0.5781,1,273,60,139,139,19,27,62486,4,2,0,2,166,0,0,0
all_strategies,73,retaliation-1,retaliation,1,300,,96830,141919,108,120,0.4219,0,118,78,64,64,30,44,37049,4,7,0,3,401,204,6,1
all_strategies,73,random-1,random,0,99,collapsed,0,741,0,32,0.0,0,30,88,6,6,67,69,1590,4,3,0,3,24,0,0,0
all_strategies,74,peace-1,peace,1,300,,85458,108697,79,122,0.3086,0,0,143,0,0,51,79,34549,3,6,0,1,308,239,2,1
all_strategies,74,switzerland-1,switzerland,1,300,,16291,38622,15,61,0.0586,0,0,96,0,0,49,63,23520,3,5,0,1,331,264,0,0
all_strategies,74,hegemony-1,hegemony,0,61,collapsed,0,204,0,16,0.0,0,45,46,14,14,28,16,476,1,0,0,0,0,0,0,0
all_strategies,74,retaliation-1,retaliation,0,101,union,0,4612,0,50,0.0,0,46,45,28,28,14,35,389,3,5,0,0,118,59,2,0
all_strategies,74,random-1,random,1,300,,149467,149467,162,162,0.6328,1,239,0,100,100,0,61,54135,2,2,0,2,19,0,0,0
all_strategies,75,peace-1,peace,1,300,,90624,99856,77,98,0.3008,0,0,132,0,0,35,83,25298,4,8,0,2,435,265,4,1
all_strategies,75,switzerland-1,switzerland,1,300,,2183,17528,2,34,0.0078,0,0,67,0,0,33,34,15522,2,3,0,1,271,239,0,0
all_strategies,75,hegemony-1,hegemony,1,300,,73706,73836,79,79,0.3086,0,265,97,85,85,41,34,56529,3,2,0,1,104,0,0,0
all_strategies,75,retaliation-1,retaliation,0,80,union,0,1236,0,29,0.0,0,51,51,18,18,19,28,845,2,3,0,0,55,26,4,0
all_strategies,75,random-1,random,1,300,,83866,83866,98,99,0.3828,1,226,195,88,88,63,72,92651,3,2,0,2,11,0,0,0
all_strategies,76,peace-1,peace,1,300,,86900,91059,79,79,0.3086,0,0,0,0,0,0,78,0,2,3,0,0,395,136,0,0
all_strategies,76,switzerland-1,switzerland,0,207,conquered,0,17815,0,50,0.0,0,0,164,0,0,82,81,20638,4,5,0,1,339,275,0,0
all_strategies,76,hegemony-1,hegemony,1,300,,145358,145358,148,148,0.5781,1,278,115,154,154,29,22,63662,4,2,0,1,302,0,0,0
all_strategies,76,retaliation-1,retaliation,1,300,,19421,63135,29,57,0.1133,0,188,152,68,68,71,31,62325,3,4,0,2,245,139,0,0
all_strategies,76,random-1,random,0,130,conquered,0,3153,0,37,0.0,0,89,124,29,29,69,39,6102,3,2,0,2,11,0,0,0
all_strategies,77,peace-1,peace,0,66,union,0,1021,0,35,0.0,0,0,40,0,0,20,51,271,4,5,0,1,80,28,4,0
all_strategies,77,switzerland-1,switzerland,0,250,conquered,0,41512,0,81,0.0,0,0,194,0,0,105,104,39519,3,4,0,2,233,164,0,0
all_strategies,77,hegemony-1,hegemony,1,300,,159138,159138,173,173,0.6758,1,277,56,164,164,15,23,55518,4,3,0,3,179,0,0,0
all_strategies,77,retaliation-1,retaliation,1,300,,73989,118359,83,100,0.3242,0,109,68,50,50,36,36,35200,3,6,0,2,397,192,4,1
all_strategies,77,random-1,random,0,111,collapsed,0,1712,0,40,0.0,0,71,99,23,23,61,40,3377,4,2,0,2,7,0,0,0
all_strategies,78,peace-1,peace,0,58,union,0,999,0,43,0.0,0,0,32,0,0,10,52,144,3,4,0,0,68,11,6,0
all_strategies,78,switzerland-1,switzerland,0,264,conquered,0,22493,0,55,0.0,0,0,120,0,0,68,67,23214,3,4,0,1,263,201,0,0
all_strategies,78,hegemony-1,hegemony,0,174,collapsed,0,8109,0,38,0.0,0,149,83,34,34,54,25,19180,2,0,0,0,0,0,0,0
all_strategies,78,retaliation-1,retaliation,1,300,,127049,138843,137,141,0.5352,1,232,243,106,106,72,59,78863,4,6,0,1,282,212,6,1
all_strategies,78,random-1,random,1,300,,104991,105615,119,120,0.4648,0,246,149,116,116,52,54,83309,2,2,0,2,25,0,0,0
all_strategies,79,peace-1,peace,0,73,union,0,1807,0,48,0.0,0,0,21,0,0,15,62,279,4,6,0,1,104,12,5,0
all_strategies,79,switzerland-1,switzerland,0,136,conquered,0,2600,0,40,0.0,0,0,108,0,0,62,61,3929,3,3,0,0,123,65,0,0
all_strategies,79,hegemony-1,hegemony,1,300,,77844,79515,91,93,0.3555,0,266,133,122,122,66,34,78672,4,1,0,1,98,0,0,0
all_strategies,79,retaliation-1,retaliation,1,300,,126095,126852,141,143,0.5508,1,244,357,138,138,94,48,98747,4,6,0,2,203,77,5,1
all_strategies,79,random-1,random,0,265,collapsed,0,10547,0,49,0.0,0,224,115,52,52,75,41,47673,3,2,0,2,4,0,0,0
all_strategies,80,peace-1,peace,0,149,conquered,0,5569,0,47,0.0,0,0,103,0,0,64,63,7308,3,3,0,1,133,102,0,0
all_strategies,80,switzerland-1,switzerland,1,300,,85180,85180,71,71,0.2773,0,0,4,0,0,1,71,23,4,6,0,1,638,338,0,0
all_strategies,80,hegemony-1,hegemony,1,300,,117289,117289,121,121,0.4727,1,273,150,151,151,58,27,87076,4,2,0,1,317,0,0,0
all_strategies,80,retaliation-1,retaliation,1,300,,58576,69284,64,79,0.25,0,171,155,75,75,72,60,87667,3,3,0,1,346,236,0,0
all_strategies,80,random-1,random,0,50,collapsed,0,271,0,21,0.0,0,18,50,7,7,38,32,367,4,2,0,2,6,0,0,0
all_strategies,81,peace-1,peace,0,123,union,0,18246,0,63,0.0,0,0,45,0,0,15,73,1355,4,7,0,2,191,99,9,0
all_strategies,81,switzerland-1,switzerland,0,236,conquered,0,34966,0,55,0.0,0,0,134,0,0,59,58,33362,3,4,0,2,257,194,0,0
all_strategies,81,hegemony-1,hegemony,1,300,,119589,119589,133,133,0.5195,1,265,69,118,118,21,35,65880,4,3,0,3,265,0,0,0
all_strategies,81,retaliation-1,retaliation,1,300,,111982,159447,123,134,0.4805,0,104,73,44,44,31,50,40709,3,5,0,2,377,131,9,1
all_strategies,81,random-1,random,0,85,collapsed,0,615,0,33,0.0,0,47,95,13,13,49,38,1337,4,3,0,3,14,0,0,0
all_strategies,82,peace-1,peace,1,300,,79671,105949,74,122,0.2891,0,0,139,0,0,57,104,37100,4,6,0,1,301,239,6,1
all_strategies,82,switzerland-1,switzerland,1,300,,25943,42526,24,58,0.0938,0,0,81,0,0,40,63,18626,4,6,0,1,355,231,0,0
all_strategies,82,hegemony-1,hegemony,0,78,collapsed,0,276,0,19,0.0,0,59,52,12,12,29,19,715,4,1,0,0,56,0,0,0
all_strategies,82,retaliation-1,retaliation,0,115,union,0,1131,0,30,0.0,0,92,82,28,28,25,22,2316,4,5,0,0,75,16,6,0
all_strategies,82,random-1,random,1,300,,145906,145906,158,158,0.6172,1,252,49,115,115,4,46,52835,4,2,0,2,13,0,0,0
all_strategies,83,peace-1,peace,1,300,,44964,52189,42,77,0.1641,0,0,154,0,0,67,85,28481,3,6,0,0,132,63,8,1
all_strategies,83,switzerland-1,switzerland,1,300,,65776,77224,61,80,0.2383,0,0,87,0,0,39,99,19456,3,4,0,1,225,49,0,0
all_strategies,83,hegemony-1,hegemony,0,210,collapsed,0,5012,0,37,0.0,0,169,77,39,39,36,27,20817,3,2,0,0,150,0,0,0
all_strategies,83,retaliation-1,retaliation,0,90,union,0,1256,0,29,0.0,0,60,70,21,21,26,27,1148,3,4,0,1,59,14,8,0
all_strategies,83,random-1,random,1,300,,140458,140458,153,153,0.5977,1,255,96,121,121,13,44,57846,4,2,0,2,24,0,0,0
all_strategies,84,peace-1,peace,1,300,,90511,132968,92,111,0.3594,0,0,34,0,0,19,59,12538,3,7,0,2,506,241,1,1
all_strategies,84,switzerland-1,switzerland,0,266,conquered,0,47703,0,74,0.0,0,0,144,0,0,74,73,44705,3,5,0,1,312,251,0,0
all_strategies,84,hegemony-1,hegemony,1,300,,154817,154817,164,164,0.6406,1,262,64,135,135,10,38,49605,4,4,0,4,234,0,0,0
all_strategies,84,retaliation-1,retaliation,0,118,union,0,10481,0,57,0.0,0,67,38,20,20,13,43,2989,4,7,0,2,145,56,1,0
all_strategies,84,random-1,random,0,83,collapsed,0,406,0,30,0.0,0,39,88,7,7,46,44,966,2,1,0,1,7,0,0,0
all_strategies,85,peace-1,peace,0,82,union,0,1626,0,41,0.0,0,0,58,0,0,30,69,414,4,6,0,1,82,18,5,0
all_strategies,85,switzerland-1,switzerland,1,300,,12051,61534,12,60,0.0469,0,0,132,0,0,48,59,42253,3,5,0,1,408,230,0,0
all_strategies,85,hegemony-1,hegemony,1,300,,110101,110101,117,117,0.457,0,271,93,118,118,31,29,63273,4,3,0,2,154,0,0,0
all_strategies,85,retaliation-1,retaliation,1,300,,147692,147692,127,127,0.4961,1,121,70,61,61,26,51,16422,4,8,0,2,344,242,5,1
all_strategies,85,random-1,random,0,123,conquered,0,3095,0,43,0.0,0,79,118,21,21,65,43,6019,3,2,0,2,10,0,0,0
all_strategies,86,peace-1,peace,0,77,union,0,527,0,29,0.0,0,0,67,0,0,44,57,445,4,5,0,1,69,15,8,0
all_strategies,86,switzerland-1,switzerland,1,300,,12767,30216,12,57,0.0469,0,0,104,0,0,57,68,21061,3,4,0,1,296,236,0,0
all_strategies,86,hegemony-1,hegemony,0,259,collapsed,0,17119,0,51,0.0,0,226,147,78,78,89,17,49158,3,0,0,0,0,0,0,0
all_strategies,86,retaliation-1,retaliation,1,300,,103756,103756,108,108,0.4219,0,216,275,107,107,83,69,85306,3,5,0,0,311,251,8,1
all_strategies,86,random-1,random,1,300,,118806,120745,132,135,0.5156,1,257,106,129,129,41,43,72285,3,2,0,2,12,0,0,0
all_strategies,87,peace-1,peace,0,82,union,0,4319,0,63,0.0,0,0,13,0,0,4,65,202,3,6,0,1,103,30,1,0
all_strategies,87,switzerland-1,switzerland,1,300,,83579,83579,76,76,0.2969,0,0,0,0,0,0,75,0,2,4,0,0,328,269,0,0
all_strategies,87,hegemony-1,hegemony,1,300,,63780,63780,58,58,0.2266,0,64,30,39,39,3,21,548,3,3,0,2,243,0,0,0
all_strategies,87,retaliation-1,retaliation,1,300,,146365,146365,122,122,0.4766,1,0,0,0,0,0,59,0,4,8,0,1,565,265,1,1
all_strategies,87,random-1,random,0,65,collapsed,0,246,0,21,0.0,0,30,51,3,3,35,34,487,2,1,0,0,13,0,0,0
all_strategies,88,peace-1,peace,1,300,,103969,120710,96,127,0.375,0,0,144,0,0,49,74,27716,4,7,0,1,329,232,2,1
all_strategies,88,switzerland-1,switzerland,1,300,,31476,45744,29,64,0.1133,0,0,111,0,0,36,64,24203,3,5,0,1,351,283,0,0
all_strategies,88,hegemony-1,hegemony,0,83,collapsed,0,426,0,23,0.0,0,59,54,13,13,36,24,1019,2,1,0,0,32,0,0,0
all_strategies,88,retaliation-1,retaliation,0,122,union,0,14931,0,70,0.0,0,54,59,36,36,13,46,748,4,6,0,1,158,87,2,0
all_strategies,88,random-1,random,1,300,,118732,118732,131,131,0.5117,1,255,0,85,85,0,45,57947,3,3,0,3,28,0,0,0
all_strategies,89,peace-1,peace,0,89,union,0,1844,0,45,0.0,0,0,66,0,0,40,84,547,3,4,0,0,67,10,5,0
all_strategies,89,switzerland-1,switzerland,1,300,,92372,92372,77,77,0.3008,0,0,7,0,0,3,79,82,4,5,0,1,552,260,0,0
all_strategies,89,hegemony-1,hegemony,1,300,,76258,78063,82,85,0.3203,0,274,202,135,135,80,26,88117,2,1,0,0,229,0,0,0
all_strategies,89,retaliation-1,retaliation,1,300,,89969,91932,95,104,0.3711,1,270,244,125,125,100,24,91444,3,5,0,0,329,270,5,1
all_strategies,89,random-1,random,0,88,collapsed,0,411,0,25,0.0,0,43,68,8,8,45,45,1081,2,1,0,1,5,0,0,0
all_strategies,90,peace-1,peace,0,291,conquered,0,57735,0,86,0.0,0,0,220,0,0,100,71,55051,4,8,0,3,358,254,1,1
all_strategies,90,switzerland-1,switzerland,1,300,,7000,23496,7,29,0.0273,0,0,53,0,0,22,28,14256,4,5,0,1,321,257,0,0
all_strategies,90,hegemony-1,hegemony,1,300,,87373,87903,101,102,0.3945,0,179,114,74,74,43,69,59930,4,2,0,2,42,0,0,0
all_strategies,90,retaliation-1,retaliation,0,63,union,0,788,0,29,0.0,0,37,41,16,16,13,24,458,3,5,0,0,88,27,1,0
all_strategies,90,random-1,random,1,300,,136188,136188,148,148,0.5781,1,241,29,95,95,7,59,56368,3,2,0,2,7,0,0,0
all_strategies,91,peace-1,peace,1,300,,142716,142716,124,138,0.4844,1,0,94,0,0,19,73,12557,4,8,0,1,390,244,6,1
all_strategies,91,switzerland-1,switzerland,1,300,,21038,69573,21,65,0.082,0,0,115,0,0,44,64,37841,3,5,0,1,340,263,0,0
all_strategies,91,hegemony-1,hegemony,1,300,,103750,103750,111,111,0.4336,0,281,52,99,99,8,19,57161,4,4,0,3,69,0,0,0
all_strategies,91,retaliation-1,retaliation,0,103,union,0,9644,0,68,0.0,0,36,25,14,14,7,61,1330,4,7,0,2,115,43,6,0
all_strategies,91,random-1,random,0,61,collapsed,0,232,0,22,0.0,0,25,56,1,1,36,36,453,3,2,0,1,48,0,0,0
all_strategies,92,peace-1,peace,0,101,conquered,0,400,0,26,0.0,0,0,65,0,0,44,43,637,2,1,0,1,16,0,0,0
all_strategies,92,switzerland-1,switzerland,0,294,conquered,0,63691,0,58,0.0,0,0,115,0,0,58,57,40367,3,4,0,2,422,254,0,0
all_strategies,92,hegemony-1,hegemony,1,300,,135821,135830,149,149,0.582,1,278,116,158,158,32,22,60714,4,2,0,2,182,0,0,0
all_strategies,92,retaliation-1,retaliation,1,300,,103658,117507,107,108,0.418,0,101,53,38,38,14,82,19435,3,4,0,2,345,254,0,0
all_strategies,92,random-1,random,0,156,collapsed,0,5708,0,55,0.0,0,105,135,21,21,69,51,14022,4,3,0,3,35,0,0,0
all_strategies,93,peace-1,peace,1,300,,76726,103013,78,94,0.3047,0,0,32,0,0,16,93,11190,2,3,0,1,341,109,0,0
all_strategies,93,switzerland-1,switzerland,0,172,conquered,0,13159,0,58,0.0,0,0,120,0,0,68,67,15811,4,5,0,1,290,227,0,0
all_strategies,93,hegemony-1,hegemony,1,300,,167664,167664,178,178,0.6953,1,275,98,169,169,17,25,59025,4,3,0,3,346,0,0,0
all_strategies,93,retaliation-1,retaliation,0,265,collapsed,0,48681,0,45,0.0,0,105,92,26,26,58,34,55484,3,3,0,1,285,118,0,0
all_strategies,93,random-1,random,0,50,collapsed,0,198,0,17,0.0,0,10,48,1,1,37,40,259,3,0,0,0,0,0,0,0
all_strategies,94,peace-1,peace,0,95,union,0,1376,0,35,0.0,0,0,77,0,0,39,57,668,4,7,0,2,141,51,3,0
all_strategies,94,switzerland-1,switzerland,1,300,,49493,49493,45,45,0.1758,0,0,0,0,0,0,44,0,2,4,0,0,359,300,0,0
all_strategies,94,hegemony-1,hegemony,1,300,,69943,76062,82,97,0.3203,0,275,156,129,129,73,25,83452,2,1,0,1,20,0,0,0
all_strategies,94,retaliation-1,retaliation,1,300,,119041,119041,123,123,0.4805,1,253,199,129,129,68,42,77748,3,5,0,0,327,268,3,1
all_strategies,94,random-1,random,0,152,collapsed,0,6490,0,56,0.0,0,71,167,22,22,100,79,12484,3,3,0,3,53,1,0,0
all_strategies,95,peace-1,peace,1,300,,90397,148645,92,125,0.3594,0,0,71,0,0,33,70,23923,2,6,0,1,382,163,3,1
all_strategies,95,switzerland-1,switzerland,0,228,conquered,0,26217,0,64,0.0,0,0,181,0,0,81,80,28841,4,5,0,2,230,148,0,0
all_strategies,95,hegemony-1,hegemony,1,300,,152193,152193,164,164,0.6406,1,279,6,144,144,2,21,45827,3,2,0,2,190,0,0,0
all_strategies,95,retaliation-1,retaliation,0,70,union,0,2703,0,54,0.0,0,0,0,0,0,0,53,0,3,4,0,0,62,15,3,0
all_strategies,95,random-1,random,0,65,collapsed,0,178,0,18,0.0,0,32,53,8,8,36,33,455,2,1,0,1,2,0,0,0
all_strategies,96,peace-1,peace,1,300,,89556,112480,83,123,0.3242,0,0,113,0,0,41,75,28420,3,6,0,0,300,230,2,1
all_strategies,96,switzerland-1,switzerland,1,300,,10543,35352,10,65,0.0391,0,0,124,0,0,63,72,27716,3,4,0,1,272,217,0,0
all_strategies,96,hegemony-1,hegemony,0,45,conquered,0,196,0,15,0.0,0,31,31,8,8,22,13,303,3,1,0,0,9,0,0,0
all_strategies,96,retaliation-1,retaliation,0,71,union,0,1392,0,49,0.0,0,38,34,25,25,10,32,313,4,4,0,0,56,13,2,0
all_strategies,96,random-1,random,1,300,,151029,151029,163,163,0.6367,1,240,7,106,106,3,59,53784,3,1,0,1,9,0,0,0
all_strategies,97,peace-1,peace,0,61,union,0,1772,0,51,0.0,0,0,0,0,0,0,50,0,3,5,0,0,68,11,2,0
all_strategies,97,switzerland-1,switzerland,0,182,conquered,0,14264,0,58,0.0,0,0,134,0,0,70,69,16314,4,5,0,2,210,125,0,0
all_strategies,97,hegemony-1,hegemony,1,300,,103722,106451,117,126,0.457,0,270,125,140,140,54,30,79897,3,2,0,2,162,0,0,0
all_strategies,97,retaliation-1,retaliation,1,300,,126558,135174,139,142,0.543,1,115,112,53,53,39,73,62851,2,5,0,1,319,136,2,1
all_strategies,97,random-1,random,0,78,collapsed,0,302,0,22,0.0,0,45,59,11,11,41,33,795,2,1,0,1,9,0,0,0
all_strategies,98,peace-1,peace,1,300,,64196,129877,66,122,0.2578,0,0,124,0,0,56,71,40175,4,7,0,2,268,135,4,1
all_strategies,98,switzerland-1,switzerland,0,178,conquered,0,6858,0,53,0.0,0,0,153,0,0,106,105,9211,3,3,0,0,163,122,0,0
all_strategies,98,hegemony-1,hegemony,1,300,,178232,178232,190,190,0.7422,1,273,0,162,162,0,27,41202,2,1,0,1,70,0,0,0
all_strategies,98,retaliation-1,retaliation,0,64,union,0,1825,0,50,0.0,0,31,18,26,26,3,26,159,3,5,0,1,58,13,4,0
all_strategies,98,random-1,random,0,46,collapsed,0,200,0,16,0.0,0,22,31,3,3,26,24,297,2,2,0,2,9,0,0,0
all_strategies,99,peace-1,peace,0,80,union,0,4185,0,66,0.0,0,0,3,0,0,2,67,67,3,5,0,1,85,10,2,0
all_strategies,99,switzerland-1,switzerland,0,208,conquered,0,24190,0,62,0.0,0,0,141,0,0,69,68,26895,3,4,0,2,205,109,0,0
all_strategies,99,hegemony-1,hegemony,1,300,,111695,119880,124,130,0.4844,0,274,107,130,130,33,26,74260,4,4,0,4,188,0,0,0
all_strategies,99,retaliation-1,retaliation,1,300,,119373,151755,132,134,0.5156,1,103,94,40,40,29,54,52446,3,7,0,3,289,119,2,1
all_strategies,99,random-1,random,0,74,collapsed,0,354,0,26,0.0,0,30,62,5,5,42,44,691,3,2,0,2,13,0,0,0
crowded,0,peace-1,peace,0,43,union,0,737,0,13,0.0,0,0,0,0,0,0,12,0,3,6,0,0,83,15,4,0
crowded,0,switzerland-1,switzerland,0,51,conquered,0,202,0,14,0.0,0,0,39,0,0,17,16,278,4,4,0,1,86,14,0,0
crowded,0,hegemony-1,hegemony,0,169,collapsed,0,14615,0,30,0.0,0,95,53,32,32,37,6,21250,4,3,0,2,122,0,0,0
crowded,0,retaliation-1,retaliation,1,169,,41018,41018,62,62,0.9688,1,50,50,37,37,9,20,13893,4,5,0,1,195,17,4,1
crowded,0,random-1,random,0,24,collapsed,0,104,0,7,0.0,0,15,18,2,2,8,8,154,3,0,0,0,0,0,0,0
crowded,1,peace-1,peace,0,69,conquered,0,176,0,13,0.0,0,0,38,0,0,17,16,252,4,5,0,2,87,29,0,0
crowded,1,switzerland-1,switzerland,0,156,conquered,0,6955,0,17,0.0,0,0,72,0,0,17,16,8505,3,3,0,1,151,29,0,0
crowded,1,hegemony-1,hegemony,1,156,,28555,28555,64,64,1.0,1,123,48,57,57,7,13,10782,4,2,0,2,104,0,0,0
crowded,1,retaliation-1,retaliation,0,23,collapsed,0,160,0,11,0.0,0,13,13,0,0,10,10,148,2,1,0,0,17,0,0,0
crowded,1,random-1,random,0,83,collapsed,0,515,0,22,0.0,0,75,40,20,20,26,7,1287,3,1,0,1,1,0,0,0
crowded,2,peace-1,peace,0,34,conquered,0,131,0,10,0.0,0,0,28,0,0,13,12,159,2,1,0,0,26,0,0,0
crowded,2,switzerland-1,switzerland,0,216,conquered,0,15343,0,14,0.0,0,0,33,0,0,15,14,8223,4,4,0,1,387,150,0,0
crowded,2,hegemony-1,hegemony,1,216,,34452,34452,64,64,1.0,1,208,151,109,109,53,7,17455,4,2,0,2,190,0,0,0
crowded,2,retaliation-1,retaliation,0,189,collapsed,0,4764,0,28,0.0,0,171,153,66,66,78,12,13293,3,4,0,2,191,150,0,0
crowded,2,random-1,random,0,47,conquered,0,214,0,14,0.0,0,29,43,6,6,22,15,385,3,1,0,1,4,0,0,0
crowded,3,peace-1,peace,0,168,conquered,0,11632,0,20,0.0,0,0,64,0,0,23,22,10303,3,1,0,1,113,0,0,0
crowded,3,switzerland-1,switzerland,0,86,conquered,0,611,0,16,0.0,0,0,51,0,0,20,19,845,3,0,0,0,0,0,0,0
crowded,3,hegemony-1,hegemony,1,168,,35187,35187,64,64,1.0,1,121,18,58,58,4,9,10231,4,1,0,1,113,0,0,0
crowded,3,retaliation-1,retaliation,0,15,conquered,0,122,0,6,0.0,0,9,11,2,2,8,5,121,1,0,0,0,0,0,0,0
crowded,3,random-1,random,0,69,collapsed,0,238,0,17,0.0,0,58,44,15,15,20,11,841,3,0,0,0,0,0,0,0
crowded,4,peace-1,peace,0,32,conquered,0,120,0,10,0.0,0,0,27,0,0,18,17,116,4,3,0,0,55,0,0,0
crowded,4,switzerland-1,switzerland,0,159,conquered,0,13282,0,22,0.0,0,0,46,0,0,22,21,11202,4,5,0,2,187,37,0,0
crowded,4,hegemony-1,hegemony,1,159,,36014,36014,64,64,1.0,1,115,43,71,71,14,6,10043,4,2,0,2,105,0,0,0
crowded,4,retaliation-1,retaliation,0,76,collapsed,0,432,0,18,0.0,0,60,51,24,24,31,8,1025,4,5,0,2,97,37,0,0
crowded,4,random-1,random,0,25,collapsed,0,132,0,8,0.0,0,10,18,1,1,11,14,142,4,3,0,2,18,0,0,0
crowded,5,peace-1,peace,0,205,conquered,0,27652,0,35,0.0,0,0,85,0,0,35,17,22062,4,5,0,1,180,10,5,1
crowded,5,switzerland-1,switzerland,0,31,conquered,0,132,0,10,0.0,0,0,25,0,0,15,14,127,4,3,0,1,49,0,0,0
crowded,5,hegemony-1,hegemony,1,205,,47652,47652,64,64,1.0,1,120,19,61,61,7,9,20329,4,2,0,1,155,0,0,0
crowded,5,retaliation-1,retaliation,0,48,union,0,587,0,17,0.0,0,23,6,8,8,2,10,220,4,6,0,1,106,10,5,0
crowded,5,random-1,random,0,51,collapsed,0,354,0,17,0.0,0,35,43,10,10,20,11,581,4,2,0,2,8,0,0,0
crowded,6,peace-1,peace,0,86,conquered,0,947,0,23,0.0,0,0,44,0,0,28,27,1160,3,2,0,0,59,0,0,0
crowded,6,switzerland-1,switzerland,0,58,conquered,0,120,0,10,0.0,0,0,28,0,0,20,19,160,3,1,0,0,41,0,0,0
crowded,6,hegemony-1,hegemony,0,37,collapsed,0,104,0,13,0.0,0,31,16,10,10,10,5,243,4,1,0,0,18,0,0,0
crowded,6,retaliation-1,retaliation,0,9,conquered,0,104,0,3,0.0,0,6,7,1,1,4,2,107,1,0,0,0,0,0,0,0
crowded,6,random-1,random,1,86,,6352,6352,64,64,1.0,1,74,16,52,52,1,12,986,3,0,0,0,0,0,0,0
crowded,7,peace-1,peace,0,54,union,0,264,0,11,0.0,0,0,20,0,0,11,14,186,4,6,0,2,64,10,4,0
crowded,7,switzerland-1,switzerland,0,24,conquered,0,121,0,8,0.0,0,0,21,0,0,12,11,114,4,3,0,1,30,0,0,0
crowded,7,hegemony-1,hegemony,0,212,collapsed,0,18026,0,23,0.0,0,108,76,39,39,42,5,26310,4,2,0,2,76,0,0,0
crowded,7,retaliation-1,retaliation,1,212,,43331,43331,61,61,0.9531,1,75,66,47,47,13,22,20296,4,6,0,2,134,10,4,1
crowded,7,random-1,random,0,59,collapsed,0,426,0,21,0.0,0,51,51,20,20,28,8,799,4,3,0,3,14,0,0,0
crowded,8,peace-1,peace,0,273,conquered,0,21055,0,18,0.0,0,0,81,0,0,30,29,12403,3,5,0,3,346,214,0,0
crowded,8,switzerland-1,switzerland,0,247,conquered,0,16533,0,16,0.0,0,0,54,0,0,18,17,12485,3,4,0,2,351,214,0,0
crowded,8,hegemony-1,hegemony,1,273,,46335,46335,64,64,1.0,1,161,39,57,57,15,21,24327,4,3,0,3,202,0,0,0
crowded,8,retaliation-1,retaliation,0,21,collapsed,0,120,0,5,0.0,0,16,18,4,4,7,5,151,2,0,0,0,0,0,0,0
crowded,8,random-1,random,0,94,collapsed,0,621,0,25,0.0,0,81,66,27,27,18,12,2032,4,2,0,2,9,0,0,0
crowded,9,peace-1,peace,1,300,,40691,40691,37,37,0.5781,1,0,27,0,0,0,36,650,3,4,0,1,300,260,0,0
crowded,9,switzerland-1,switzerland,1,300,,29689,29689,27,27,0.4219,0,0,22,0,0,8,34,437,2,3,0,1,290,260,0,0
crowded,9,hegemony-1,hegemony,0,61,collapsed,0,141,0,13,0.0,0,56,31,10,10,11,5,430,3,1,0,0,0,0,0,0
crowded,9,retaliation-1,retaliation,0,19,conquered,0,129,0,7,0.0,0,13,15,1,1,8,6,141,2,0,0,0,0,0,0,0
crowded,9,random-1,random,0,89,collapsed,0,792,0,37,0.0,0,69,43,19,19,3,20,2130,4,2,0,2,12,0,0,0
crowded,10,peace-1,peace,0,21,conquered,0,116,0,8,0.0,0,0,21,0,0,13,12,99,3,2,0,1,13,0,0,0
crowded,10,switzerland-1,switzerland,0,41,conquered,0,197,0,12,0.0,0,0,31,0,0,14,13,213,4,4,0,2,53,0,0,0
crowded,10,hegemony-1,hegemony,0,276,collapsed,0,18302,0,36,0.0,0,215,191,79,79,83,6,57845,4,3,0,3,118,0,0,0
crowded,10,retaliation-1,retaliation,1,276,,40568,40568,61,61,0.9531,1,179,163,84,84,46,22,49759,3,3,0,2,139,0,0,0
crowded,10,random-1,random,0,61,collapsed,0,395,0,19,0.0,0,53,41,16,16,23,7,690,4,4,0,4,21,0,0,0
crowded,11,peace-1,peace,0,178,conquered,0,15619,0,24,0.0,0,0,60,0,0,24,23,14281,2,3,0,1,116,37,0,0
crowded,11,switzerland-1,switzerland,0,76,conquered,0,615,0,21,0.0,0,0,57,0,0,22,21,812,4,5,0,2,82,37,0,0
crowded,11,hegemony-1,hegemony,1,178,,42375,42375,64,64,1.0,1,129,12,57,57,1,7,14957,4,2,0,2,59,0,0,0
crowded,11,retaliation-1,retaliation,0,21,conquered,0,119,0,5,0.0,0,16,15,4,4,8,3,162,3,2,0,1,6,0,0,0
crowded,11,random-1,random,0,11,conquered,0,115,0,4,0.0,0,6,7,0,0,6,5,102,3,2,0,2,5,0,0,0
crowded,12,peace-1,peace,0,33,conquered,0,115,0,6,0.0,0,0,14,0,0,10,9,93,4,2,0,1,31,0,0,0
crowded,12,switzerland-1,switzerland,1,300,,12100,12784,11,11,0.1719,0,0,0,0,0,0,10,0,3,4,0,0,473,267,0,0
crowded,12,hegemony-1,hegemony,0,167,collapsed,0,3083,0,32,0.0,0,160,143,64,64,68,7,10474,4,2,0,1,171,0,0,0
crowded,12,retaliation-1,retaliation,1,300,,58128,58128,53,53,0.8281,1,127,124,67,67,36,21,8011,4,4,0,2,321,267,0,0
crowded,12,random-1,random,0,42,collapsed,0,213,0,16,0.0,0,24,30,6,6,23,18,296,3,2,0,2,14,0,0,0
crowded,13,peace-1,peace,1,300,,46194,46194,42,42,0.6562,1,0,24,0,0,6,30,345,3,6,0,1,347,285,8,1
crowded,13,switzerland-1,switzerland,1,300,,24191,24191,22,22,0.3438,0,0,38,0,0,5,26,487,4,6,0,1,364,293,0,0
crowded,13,hegemony-1,hegemony,0,16,conquered,0,120,0,5,0.0,0,11,12,4,4,9,4,129,2,1,0,0,11,0,0,0
crowded,13,retaliation-1,retaliation,0,64,union,0,989,0,17,0.0,0,12,11,9,9,4,11,100,3,5,0,0,100,42,8,0
crowded,13,random-1,random,0,76,collapsed,0,352,0,25,0.0,0,62,0,11,11,0,13,1252,2,2,0,2,6,0,0,0
crowded,14,peace-1,peace,0,254,conquered,0,21531,0,20,0.0,0,0,36,0,0,20,19,10691,3,4,0,2,446,194,0,0
crowded,14,switzerland-1,switzerland,0,226,conquered,0,19754,0,19,0.0,0,0,75,0,0,29,28,13893,3,4,0,2,330,194,0,0
crowded,14,hegemony-1,hegemony,1,254,,48147,48147,64,64,1.0,1,143,34,61,61,15,17,21128,4,2,0,2,324,0,0,0
crowded,14,retaliation-1,retaliation,0,14,conquered,0,126,0,6,0.0,0,9,10,2,2,8,5,114,2,0,0,0,0,0,0,0
crowded,14,random-1,random,0,78,collapsed,0,405,0,24,0.0,0,68,65,28,28,19,10,1260,4,2,0,2,6,0,0,0
crowded,15,peace-1,peace,0,212,conquered,0,11368,0,17,0.0,0,0,60,0,0,22,21,7489,4,5,0,2,370,153,0,0
crowded,15,switzerland-1,switzerland,0,190,conquered,0,7906,0,11,0.0,0,0,38,0,0,12,11,6202,4,5,0,2,362,153,0,0
crowded,15,hegemony-1,hegemony,1,212,,34297,34297,64,64,1.0,1,134,44,47,47,18,34,13065,4,2,0,2,331,0,0,0
crowded,15,retaliation-1,retaliation,0,23,collapsed,0,126,0,7,0.0,0,16,16,1,1,8,7,153,3,2,0,0,28,0,0,0
crowded,15,random-1,random,0,102,collapsed,0,833,0,34,0.0,0,85,77,34,34,22,16,3089,3,2,0,2,9,0,0,0
crowded,16,peace-1,peace,0,109,union,0,7170,0,11,0.0,0,0,8,0,0,1,11,39,4,7,0,1,187,88,4,0
crowded,16,switzerland-1,switzerland,1,300,,14299,14299,13,13,0.2031,0,0,1,0,0,0,12,5,4,6,0,1,448,339,0,0
crowded,16,hegemony-1,hegemony,0,67,collapsed,0,340,0,18,0.0,0,59,44,20,20,27,8,741,4,3,0,1,96,0,0,0
crowded,16,retaliation-1,retaliation,1,300,,56092,56092,51,51,0.7969,1,42,41,27,27,9,21,485,4,7,0,1,370,273,4,1
crowded,16,random-1,random,0,24,collapsed,0,132,0,9,0.0,0,11,18,1,1,11,13,159,4,3,0,2,35,0,0,0
crowded,17,peace-1,peace,0,187,conquered,0,16066,0,14,0.0,0,0,23,0,0,14,13,8104,3,3,0,1,293,128,0,0
crowded,17,switzerland-1,switzerland,0,166,conquered,0,9833,0,18,0.0,0,0,65,0,0,18,17,12273,3,6,0,2,359,260,0,0
crowded,17,hegemony-1,hegemony,1,216,,43269,43269,64,64,1.0,1,131,37,61,61,5,7,30316,4,4,0,4,353,0,0,0
crowded,17,retaliation-1,retaliation,0,216,conquered,0,17184,0,16,0.0,0,28,29,3,3,18,14,14261,2,3,0,1,339,132,0,0
crowded,17,random-1,random,0,21,collapsed,0,115,0,6,0.0,0,11,16,2,2,11,10,131,2,0,0,0,0,0,0,0
crowded,18,peace-1,peace,0,58,conquered,0,234,0,19,0.0,0,0,46,0,0,27,26,338,3,2,0,0,35,4,0,0
crowded,18,switzerland-1,switzerland,0,17,conquered,0,115,0,6,0.0,0,0,13,0,0,9,8,91,2,1,0,0,9,0,0,0
crowded,18,hegemony-1,hegemony,1,154,,22025,22025,61,61,0.9531,1,149,99,86,86,31,5,7620,4,0,0,0,0,0,0,0
crowded,18,retaliation-1,retaliation,0,154,collapsed,0,3546,0,28,0.0,0,118,113,48,48,56,10,9688,4,4,0,1,55,4,0,0
crowded,18,random-1,random,0,40,collapsed,0,201,0,15,0.0,0,29,25,8,8,19,11,319,3,1,0,1,11,0,0,0
crowded,19,peace-1,peace,0,154,conquered,0,5173,0,23,0.0,0,0,78,0,0,24,23,7495,3,4,0,1,145,101,0,0
crowded,19,switzerland-1,switzerland,0,139,conquered,0,1999,0,19,0.0,0,0,51,0,0,19,18,3201,3,3,0,1,146,101,0,0
crowded,19,hegemony-1,hegemony,0,17,collapsed,0,115,0,5,0.0,0,13,21,5,5,9,4,147,3,0,0,0,0,0,0,0
crowded,19,retaliation-1,retaliation,0,24,collapsed,0,115,0,6,0.0,0,18,15,5,5,8,6,145,3,2,0,1,16,0,0,0
crowded,19,random-1,random,1,154,,19818,19818,64,64,1.0,1,139,5,50,50,0,13,11653,4,3,0,3,27,0,0,0
crowded,20,peace-1,peace,0,48,conquered,0,126,0,9,0.0,0,0,34,0,0,13,12,145,4,3,0,1,80,0,0,0
crowded,20,switzerland-1,switzerland,0,169,conquered,0,7926,0,13,0.0,0,0,46,0,0,18,17,6236,4,6,0,3,282,118,0,0
crowded,20,hegemony-1,hegemony,0,256,collapsed,0,22086,0,27,0.0,0,139,69,41,41,47,7,34529,4,3,0,3,272,0,0,0
crowded,20,retaliation-1,retaliation,1,256,,43910,43910,62,62,0.9688,1,91,65,56,56,17,22,20381,4,5,0,2,373,118,0,0
crowded,20,random-1,random,0,64,collapsed,0,407,0,23,0.0,0,56,72,28,28,30,8,934,4,3,0,3,15,0,0,0
crowded,21,peace-1,peace,1,300,,25281,25281,23,23,0.3594,0,0,30,0,0,11,33,359,4,3,0,0,309,262,0,0
crowded,21,switzerland-1,switzerland,1,300,,45084,45084,41,41,0.6406,1,0,26,0,0,3,43,1019,2,3,0,1,295,262,0,0
crowded,21,hegemony-1,hegemony,0,85,collapsed,0,254,0,16,0.0,0,74,50,20,20,24,11,689,3,0,0,0,0,0,0,0
crowded,21,retaliation-1,retaliation,0,38,collapsed,0,126,0,8,0.0,0,32,25,9,9,14,6,257,3,1,0,0,18,0,0,0
crowded,21,random-1,random,0,99,collapsed,0,787,0,41,0.0,0,81,56,31,31,8,17,2489,4,1,0,1,4,0,0,0
crowded,22,peace-1,peace,0,44,conquered,0,131,0,12,0.0,0,0,40,0,0,15,14,202,3,3,0,1,47,6,0,0
crowded,22,switzerland-1,switzerland,1,300,,23098,23098,21,21,0.3281,0,0,9,0,0,1,21,33,3,4,0,1,359,242,0,0
crowded,22,hegemony-1,hegemony,0,117,collapsed,0,619,0,21,0.0,0,112,71,39,39,40,5,2226,4,2,0,1,92,0,0,0
crowded,22,retaliation-1,retaliation,1,300,,47245,47245,43,43,0.6719,1,96,84,57,57,28,13,1765,4,6,0,2,322,248,0,0
crowded,22,random-1,random,0,35,collapsed,0,175,0,14,0.0,0,23,27,6,6,18,12,244,4,3,0,3,24,0,0,0
crowded,23,peace-1,peace,0,44,union,0,639,0,11,0.0,0,0,10,0,0,0,10,56,4,6,0,1,95,11,2,0
crowded,23,switzerland-1,switzerland,0,30,conquered,0,148,0,11,0.0,0,0,28,0,0,20,19,129,3,1,0,0,19,0,0,0
crowded,23,hegemony-1,hegemony,0,294,collapsed,0,17543,0,39,0.0,0,226,210,89,89,99,10,71160,4,2,0,1,126,0,0,0
crowded,23,retaliation-1,retaliation,1,294,,40536,40536,63,63,0.9844,1,189,189,97,97,60,14,61595,2,4,0,1,134,11,2,1
crowded,23,random-1,random,0,46,collapsed,0,202,0,10,0.0,0,38,16,4,4,11,7,376,3,1,0,1,4,0,0,0
crowded,24,peace-1,peace,0,27,conquered,0,115,0,8,0.0,0,0,26,0,0,15,14,102,3,2,0,1,17,0,0,0
crowded,24,switzerland-1,switzerland,0,60,conquered,0,193,0,13,0.0,0,0,33,0,0,17,16,231,3,3,0,1,42,5,0,0
crowded,24,hegemony-1,hegemony,0,143,collapsed,0,5191,0,28,0.0,0,103,68,39,39,40,3,10029,4,2,0,2,72,0,0,0
crowded,24,retaliation-1,retaliation,1,143,,28219,28219,61,61,0.9531,1,68,53,46,46,5,19,6297,4,5,0,2,117,5,0,0
crowded,24,random-1,random,0,60,conquered,0,422,0,20,0.0,0,52,43,20,20,28,7,716,4,2,0,2,2,0,0,0
crowded,25,peace-1,peace,0,182,conquered,0,14629,0,34,0.0,0,0,99,0,0,37,14,14927,4,6,0,2,129,12,3,1
crowded,25,switzerland-1,switzerland,0,36,conquered,0,115,0,12,0.0,0,0,33,0,0,20,19,118,3,2,0,0,50,0,0,0
crowded,25,hegemony-1,hegemony,1,182,,38438,38438,64,64,1.0,1,157,34,70,70,10,3,14618,4,1,0,1,56,0,0,0
crowded,25,retaliation-1,retaliation,0,68,union,0,795,0,28,0.0,0,53,42,26,26,16,11,690,4,4,0,0,66,12,3,0
crowded,25,random-1,random,0,35,collapsed,0,176,0,12,0.0,0,21,23,3,3,16,13,247,3,1,0,1,7,0,0,0
crowded,26,peace-1,peace,0,75,conquered,0,190,0,18,0.0,0,0,53,0,0,25,24,328,3,2,0,0,61,32,0,0
crowded,26,switzerland-1,switzerland,0,127,conquered,0,3622,0,19,0.0,0,0,65,0,0,19,18,5178,4,4,0,1,119,32,0,0
crowded,26,hegemony-1,hegemony,0,61,collapsed,0,156,0,15,0.0,0,55,38,20,20,20,6,497,4,1,0,0,45,0,0,0
crowded,26,retaliation-1,retaliation,0,15,conquered,0,120,0,5,0.0,0,10,10,1,1,6,4,119,2,0,0,0,0,0,0,0
crowded,26,random-1,random,1,127,,13726,13726,64,64,1.0,1,113,12,50,50,1,14,5918,3,1,0,1,13,0,0,0
crowded,27,peace-1,peace,0,143,conquered,0,4951,0,28,0.0,0,0,88,0,0,29,13,7405,3,5,0,1,94,17,5,1
crowded,27,switzerland-1,switzerland,0,22,conquered,0,115,0,4,0.0,0,0,19,0,0,16,15,77,3,1,0,0,15,0,0,0
crowded,27,hegemony-1,hegemony,1,143,,19119,19119,64,64,1.0,1,133,25,57,57,4,10,8318,4,2,0,2,53,0,0,0
crowded,27,retaliation-1,retaliation,0,50,union,0,376,0,19,0.0,0,35,28,14,14,9,9,345,3,4,0,1,66,17,5,0
crowded,27,random-1,random,0,33,collapsed,0,197,0,14,0.0,0,19,27,3,3,16,14,246,3,0,0,0,0,0,0,0
crowded,28,peace-1,peace,0,25,conquered,0,109,0,6,0.0,0,0,24,0,0,16,15,78,3,1,0,0,11,0,0,0
crowded,28,switzerland-1,switzerland,1,300,,23097,23097,21,21,0.3281,0,0,27,0,0,6,26,424,3,4,0,1,329,255,0,0
crowded,28,hegemony-1,hegemony,0,60,collapsed,0,153,0,13,0.0,0,57,34,22,22,20,3,405,4,2,0,0,69,0,0,0
crowded,28,retaliation-1,retaliation,1,300,,47293,47293,43,43,0.6719,1,16,5,15,15,0,27,140,4,5,0,1,329,255,0,0
crowded,28,random-1,random,0,77,collapsed,0,441,0,26,0.0,0,68,51,26,26,21,9,1199,4,2,0,2,10,0,0,0
crowded,29,peace-1,peace,0,21,conquered,0,123,0,7,0.0,0,0,17,0,0,12,11,99,3,2,0,0,20,0,0,0
crowded,29,switzerland-1,switzerland,1,300,,5495,5495,5,16,0.0781,0,0,44,0,0,21,25,210,4,5,0,2,313,266,0,0
crowded,29,hegemony-1,hegemony,0,128,collapsed,0,1860,0,29,0.0,0,122,87,51,51,54,5,5262,4,3,0,3,19,0,0,0
crowded,29,retaliation-1,retaliation,1,300,,64855,64855,59,59,0.9219,1,105,92,69,69,26,15,3906,4,4,0,1,317,266,0,0
crowded,29,random-1,random,0,52,collapsed,0,262,0,15,0.0,0,40,27,13,13,20,10,483,3,2,0,2,5,0,0,0
crowded,30,peace-1,peace,0,104,conquered,0,666,0,17,0.0,0,0,33,0,0,22,21,842,2,3,0,1,98,67,0,0
crowded,30,switzerland-1,switzerland,0,106,conquered,0,1674,0,18,0.0,0,0,50,0,0,21,20,2293,3,3,0,0,112,67,0,0
crowded,30,hegemony-1,hegemony,0,33,collapsed,0,109,0,13,0.0,0,19,18,5,5,8,11,175,3,1,0,0,16,0,0,0
crowded,30,retaliation-1,retaliation,0,15,collapsed,0,117,0,4,0.0,0,13,13,4,4,6,2,132,2,0,0,0,0,0,0,0
crowded,30,random-1,random,1,106,,11539,11539,64,64,1.0,1,90,8,48,48,0,15,2569,4,1,0,1,2,0,0,0
crowded,31,peace-1,peace,0,38,conquered,0,154,0,12,0.0,0,0,31,0,0,14,13,196,3,3,0,0,57,4,0,0
crowded,31,switzerland-1,switzerland,0,46,conquered,0,174,0,14,0.0,0,0,28,0,0,17,16,224,4,4,0,1,59,4,0,0
crowded,31,hegemony-1,hegemony,1,185,,29676,29676,63,63,0.9844,1,178,135,92,92,37,7,14433,4,1,0,1,43,0,0,0
crowded,31,retaliation-1,retaliation,0,185,collapsed,0,6981,0,31,0.0,0,149,137,55,55,65,10,18565,4,6,0,2,130,8,0,0
crowded,31,random-1,random,0,61,conquered,0,463,0,24,0.0,0,47,43,17,17,31,13,800,3,2,0,2,23,0,0,0
crowded,32,peace-1,peace,0,80,conquered,0,767,0,13,0.0,0,0,41,0,0,18,17,950,3,3,0,2,73,0,0,0
crowded,32,switzerland-1,switzerland,0,23,conquered,0,120,0,6,0.0,0,0,19,0,0,17,16,83,4,3,0,0,44,0,0,0
crowded,32,hegemony-1,hegemony,1,125,,19313,19313,64,64,1.0,1,97,43,64,64,6,5,5016,4,2,0,2,146,0,0,0
crowded,32,retaliation-1,retaliation,0,125,conquered,0,7380,0,12,0.0,0,20,21,2,2,14,11,6238,2,2,0,1,108,0,0,0
crowded,32,random-1,random,0,60,collapsed,0,291,0,18,0.0,0,44,37,10,10,21,15,713,3,2,0,1,21,0,0,0
crowded,33,peace-1,peace,0,39,conquered,0,138,0,10,0.0,0,0,34,0,0,16,15,161,4,4,0,1,49,1,0,0
crowded,33,switzerland-1,switzerland,0,164,conquered,0,13120,0,13,0.0,0,0,26,0,0,13,12,7283,4,5,0,1,287,89,0,0
crowded,33,hegemony-1,hegemony,1,164,,30291,30291,64,64,1.0,1,137,86,76,76,22,9,7670,4,2,0,2,145,0,0,0
crowded,33,retaliation-1,retaliation,0,127,collapsed,0,1618,0,26,0.0,0,102,94,31,31,44,13,4112,4,5,0,2,141,88,0,0
crowded,33,random-1,random,0,36,conquered,0,177,0,11,0.0,0,24,23,2,2,14,11,274,4,2,0,2,8,0,0,0
crowded,34,peace-1,peace,0,22,conquered,0,109,0,5,0.0,0,0,20,0,0,16,15,77,2,1,0,1,6,0,0,0
crowded,34,switzerland-1,switzerland,1,300,,2200,2200,2,13,0.0312,0,0,31,0,0,13,14,450,3,4,0,2,303,266,0,0
crowded,34,hegemony-1,hegemony,0,132,collapsed,0,2157,0,32,0.0,0,129,104,50,50,47,3,6036,4,2,0,2,38,0,0,0
crowded,34,retaliation-1,retaliation,1,300,,68151,68151,62,62,0.9688,1,99,77,53,53,17,25,3898,3,4,0,2,335,266,0,0
crowded,34,random-1,random,0,46,conquered,0,332,0,16,0.0,0,33,29,10,10,20,9,457,4,3,0,3,16,0,0,0
crowded,35,peace-1,peace,0,105,conquered,0,799,0,14,0.0,0,0,32,0,0,17,16,1086,4,4,0,0,142,68,0,0
crowded,35,switzerland-1,switzerland,0,109,conquered,0,2190,0,20,0.0,0,0,51,0,0,23,22,2585,3,4,0,1,120,68,0,0
crowded,35,hegemony-1,hegemony,0,45,collapsed,0,134,0,9,0.0,0,34,30,10,10,13,8,255,4,2,0,0,42,0,0,0
crowded,35,retaliation-1,retaliation,0,37,collapsed,0,141,0,10,0.0,0,30,34,9,9,14,7,240,3,2,0,1,18,0,0,0
crowded,35,random-1,random,1,109,,11090,11090,64,64,1.0,1,93,10,48,48,0,15,2969,4,2,0,2,14,0,0,0
crowded,36,peace-1,peace,0,50,conquered,0,210,0,13,0.0,0,0,28,0,0,17,16,261,3,3,0,2,30,0,0,0
crowded,36,switzerland-1,switzerland,1,300,,12100,12100,11,11,0.1719,0,0,0,0,0,0,10,0,3,4,0,0,422,262,0,0
crowded,36,hegemony-1,hegemony,0,130,collapsed,0,1831,0,32,0.0,0,125,81,49,49,51,5,5363,4,3,0,2,145,0,0,0
crowded,36,retaliation-1,retaliation,1,300,,58255,58255,53,53,0.8281,1,87,83,57,57,24,19,3806,4,5,0,2,349,262,0,0
crowded,36,random-1,random,0,23,collapsed,0,109,0,9,0.0,0,8,28,4,4,18,15,144,4,3,0,2,28,0,0,0
crowded,37,peace-1,peace,0,35,conquered,0,158,0,13,0.0,0,0,30,0,0,17,16,157,3,2,0,1,12,0,0,0
crowded,37,switzerland-1,switzerland,0,133,conquered,0,6913,0,13,0.0,0,0,41,0,0,13,12,6086,3,3,0,2,104,0,0,0
crowded,37,hegemony-1,hegemony,1,133,,22565,22565,64,64,1.0,1,95,38,56,56,7,14,6438,4,1,0,1,91,0,0,0
crowded,37,retaliation-1,retaliation,0,13,conquered,0,132,0,6,0.0,0,5,8,0,0,7,6,98,4,2,0,0,10,0,0,0
crowded,37,random-1,random,0,73,collapsed,0,451,0,21,0.0,0,57,40,12,12,24,15,1044,4,2,0,2,15,0,0,0
crowded,38,peace-1,peace,0,69,conquered,0,274,0,19,0.0,0,0,31,0,0,22,21,338,3,5,0,1,118,57,0,0
crowded,38,switzerland-1,switzerland,0,115,conquered,0,2074,0,15,0.0,0,0,54,0,0,23,22,2613,4,5,0,0,133,64,0,0
crowded,38,hegemony-1,hegemony,0,22,collapsed,0,120,0,5,0.0,0,18,15,4,4,8,4,152,2,1,0,0,6,0,0,0
crowded,38,retaliation-1,retaliation,0,86,collapsed,0,320,0,17,0.0,0,57,38,14,14,18,11,866,4,4,0,0,124,61,0,0
crowded,38,random-1,random,1,115,,9646,9646,64,64,1.0,1,105,42,59,59,6,10,2938,3,1,0,1,1,0,0,0
crowded,39,peace-1,peace,0,33,conquered,0,124,0,7,0.0,0,0,29,0,0,15,14,121,4,3,0,1,41,0,0,0
crowded,39,switzerland-1,switzerland,0,161,conquered,0,13310,0,17,0.0,0,0,37,0,0,17,16,9867,3,4,0,1,189,38,0,0
crowded,39,hegemony-1,hegemony,1,161,,35394,35394,64,64,1.0,1,106,48,62,62,11,12,9699,4,1,0,1,98,0,0,0
crowded,39,retaliation-1,retaliation,0,77,collapsed,0,316,0,18,0.0,0,67,49,25,25,31,8,821,4,4,0,1,91,38,0,0
crowded,39,random-1,random,0,39,conquered,0,139,0,12,0.0,0,26,36,7,7,20,12,272,3,2,0,2,7,0,0,0
crowded,40,peace-1,peace,0,225,conquered,0,20287,0,21,0.0,0,0,60,0,0,22,21,12615,3,2,0,1,194,0,0,0
crowded,40,switzerland-1,switzerland,0,179,conquered,0,6846,0,14,0.0,0,0,44,0,0,16,15,5350,3,3,0,2,158,0,0,0
crowded,40,hegemony-1,hegemony,1,225,,42601,42601,64,64,1.0,1,139,42,55,55,15,23,17055,4,2,0,2,304,0,0,0
crowded,40,retaliation-1,retaliation,0,26,collapsed,0,139,0,8,0.0,0,18,21,7,7,14,7,180,4,3,0,1,47,0,0,0
crowded,40,random-1,random,0,87,collapsed,0,567,0,26,0.0,0,74,64,23,23,18,12,1732,4,2,0,2,11,0,0,0
crowded,41,peace-1,peace,0,284,conquered,0,37660,0,41,0.0,0,0,133,0,0,46,16,33067,4,7,0,3,196,18,1,1
crowded,41,switzerland-1,switzerland,0,35,conquered,0,152,0,13,0.0,0,0,35,0,0,16,15,179,4,4,0,1,65,1,0,0
crowded,41,hegemony-1,hegemony,1,284,,48357,48357,64,64,1.0,1,194,33,74,74,16,5,37596,4,3,0,3,150,0,0,0
crowded,41,retaliation-1,retaliation,0,79,union,0,1499,0,31,0.0,0,55,48,32,32,16,12,915,4,7,0,2,118,19,1,0
crowded,41,random-1,random,0,50,collapsed,0,316,0,22,0.0,0,35,35,10,10,22,15,505,4,3,0,3,23,0,0,0
crowded,42,peace-1,peace,1,300,,16493,16493,15,15,0.2344,0,0,28,0,0,6,20,800,3,4,0,1,323,267,0,0
crowded,42,switzerland-1,switzerland,1,300,,53881,53881,49,49,0.7656,1,0,36,0,0,5,53,836,4,4,0,1,330,267,0,0
crowded,42,hegemony-1,hegemony,0,31,collapsed,0,123,0,8,0.0,0,28,14,9,9,7,3,198,4,2,0,0,36,0,0,0
crowded,42,retaliation-1,retaliation,0,14,conquered,0,109,0,4,0.0,0,10,12,3,3,7,3,126,2,0,0,0,0,0,0,0
crowded,42,random-1,random,0,95,collapsed,0,854,0,39,0.0,0,68,16,15,15,2,25,2672,3,2,0,2,25,0,0,0
crowded,43,peace-1,peace,0,34,conquered,0,137,0,15,0.0,0,0,37,0,0,17,16,164,4,3,0,1,37,0,0,0
crowded,43,switzerland-1,switzerland,0,167,conquered,0,12506,0,22,0.0,0,0,53,0,0,23,22,11103,4,5,0,2,217,33,0,0
crowded,43,hegemony-1,hegemony,1,167,,36617,36617,64,64,1.0,1,116,28,62,62,6,7,10879,4,1,0,1,119,0,0,0
crowded,43,retaliation-1,retaliation,0,74,collapsed,0,247,0,17,0.0,0,64,53,21,21,27,8,684,4,4,0,1,76,33,0,0
crowded,43,random-1,random,0,49,conquered,0,188,0,15,0.0,0,39,48,14,14,24,9,409,4,3,0,3,21,0,0,0
crowded,44,peace-1,peace,0,49,conquered,0,213,0,18,0.0,0,0,34,0,0,21,20,255,3,2,0,0,80,0,0,0
crowded,44,switzerland-1,switzerland,1,300,,17599,17599,16,16,0.25,0,0,0,0,0,0,15,0,3,4,0,0,436,260,0,0
crowded,44,hegemony-1,hegemony,0,136,collapsed,0,2583,0,32,0.0,0,108,67,33,33,36,7,8243,4,2,0,1,159,0,0,0
crowded,44,retaliation-1,retaliation,1,300,,52764,52764,48,48,0.75,1,73,71,41,41,8,14,5488,4,5,0,2,385,260,0,0
crowded,44,random-1,random,0,17,conquered,0,126,0,7,0.0,0,8,17,1,1,10,8,124,2,1,0,1,4,0,0,0
crowded,45,peace-1,peace,0,190,conquered,0,18577,0,20,0.0,0,0,54,0,0,20,19,13313,4,5,0,2,289,107,0,0
crowded,45,switzerland-1,switzerland,0,142,conquered,0,8132,0,15,0.0,0,0,39,0,0,19,18,5553,4,5,0,2,212,107,0,0
crowded,45,hegemony-1,hegemony,1,190,,42319,42319,64,64,1.0,1,113,30,62,62,10,11,17503,4,2,0,2,199,0,0,0
crowded,45,retaliation-1,retaliation,0,22,conquered,0,132,0,8,0.0,0,16,22,5,5,12,6,166,4,2,0,0,25,0,0,0
crowded,45,random-1,random,0,55,collapsed,0,200,0,15,0.0,0,47,31,13,13,19,7,447,4,2,0,2,5,0,0,0
crowded,46,peace-1,peace,0,50,union,0,123,0,14,0.0,0,0,44,0,0,21,23,170,3,4,0,1,41,11,6,0
crowded,46,switzerland-1,switzerland,0,152,conquered,0,10593,0,18,0.0,0,0,48,0,0,19,18,8853,3,4,0,2,141,52,0,0
crowded,46,hegemony-1,hegemony,1,152,,31937,31937,64,64,1.0,1,120,37,64,64,7,6,8901,4,3,0,3,57,0,0,0
crowded,46,retaliation-1,retaliation,0,87,collapsed,0,680,0,18,0.0,0,60,44,18,18,25,5,1370,4,6,0,1,127,63,6,1
crowded,46,random-1,random,0,32,collapsed,0,146,0,10,0.0,0,21,28,4,4,14,11,219,4,1,0,1,10,0,0,0
crowded,47,peace-1,peace,0,55,union,0,1283,0,14,0.0,0,0,0,0,0,0,13,0,3,5,0,0,93,16,6,0
crowded,47,switzerland-1,switzerland,0,105,conquered,0,3371,0,12,0.0,0,0,26,0,0,13,12,2916,3,5,0,3,118,64,0,0
crowded,47,hegemony-1,hegemony,0,194,collapsed,0,19375,0,31,0.0,0,97,63,35,35,42,7,28390,4,4,0,3,190,0,0,0
crowded,47,retaliation-1,retaliation,1,194,,42734,42734,63,63,0.9844,1,54,54,40,40,10,18,17348,4,7,0,1,263,80,6,1
crowded,47,random-1,random,0,23,collapsed,0,115,0,7,0.0,0,11,19,3,3,13,11,141,4,3,0,1,8,0,0,0
crowded,48,peace-1,peace,0,42,conquered,0,198,0,13,0.0,0,0,30,0,0,13,12,243,4,5,0,2,68,2,0,0
crowded,48,switzerland-1,switzerland,0,109,conquered,0,2074,0,26,0.0,0,0,67,0,0,26,25,2851,3,4,0,1,158,76,0,0
crowded,48,hegemony-1,hegemony,1,164,,31716,31716,63,63,0.9844,1,146,44,66,66,8,4,13581,4,3,0,3,90,0,0,0
crowded,48,retaliation-1,retaliation,0,164,collapsed,0,11038,0,14,0.0,0,41,41,8,8,20,12,12801,3,5,0,1,199,78,0,0
crowded,48,random-1,random,0,15,collapsed,0,115,0,6,0.0,0,7,12,0,0,7,8,111,2,1,0,1,3,0,0,0
crowded,49,peace-1,peace,0,134,conquered,0,3702,0,17,0.0,0,0,60,0,0,24,23,4956,4,4,0,0,198,88,0,0
crowded,49,switzerland-1,switzerland,0,126,conquered,0,823,0,15,0.0,0,0,46,0,0,18,17,1170,4,4,0,1,144,88,0,0
crowded,49,hegemony-1,hegemony,0,83,collapsed,0,235,0,14,0.0,0,60,31,18,18,19,7,783,4,3,0,2,90,0,0,0
crowded,49,retaliation-1,retaliation,0,15,conquered,0,115,0,5,0.0,0,11,12,3,3,8,4,127,3,2,0,0,19,0,0,0
crowded,49,random-1,random,1,134,,13261,13261,64,64,1.0,1,117,39,58,58,10,15,6136,3,1,0,1,1,0,0,0
crowded,50,peace-1,peace,0,39,conquered,0,120,0,13,0.0,0,0,36,0,0,19,18,158,2,1,0,0,28,0,0,0
crowded,50,switzerland-1,switzerland,1,300,,18699,18699,17,17,0.2656,0,0,5,0,0,0,16,17,4,5,0,1,413,256,0,0
crowded,50,hegemony-1,hegemony,0,111,collapsed,0,882,0,24,0.0,0,107,69,34,34,35,4,2618,3,2,0,1,96,0,0,0
crowded,50,retaliation-1,retaliation,1,300,,51669,51669,47,47,0.7344,1,83,79,47,47,17,16,1929,3,4,0,2,298,256,0,0
crowded,50,random-1,random,0,22,conquered,0,146,0,9,0.0,0,13,14,2,2,12,9,153,2,2,0,2,13,0,0,0
crowded,51,peace-1,peace,0,120,conquered,0,2326,0,20,0.0,0,0,50,0,0,20,19,3142,2,3,0,1,128,85,0,0
crowded,51,switzerland-1,switzerland,0,121,conquered,0,2053,0,19,0.0,0,0,51,0,0,24,23,2452,4,4,0,0,193,85,0,0
crowded,51,hegemony-1,hegemony,0,72,collapsed,0,109,0,5,0.0,0,21,23,5,5,9,5,183,3,2,0,1,85,0,0,0
crowded,51,retaliation-1,retaliation,0,23,collapsed,0,109,0,4,0.0,0,21,21,6,6,7,2,150,3,1,0,0,18,0,0,0
crowded,51,random-1,random,1,121,,12879,12879,64,64,1.0,1,106,3,49,49,0,14,4500,4,2,0,2,38,0,0,0
crowded,52,peace-1,peace,0,106,conquered,0,784,0,21,0.0,0,0,41,0,0,22,21,1229,2,2,0,0,94,65,0,0
crowded,52,switzerland-1,switzerland,0,108,conquered,0,1593,0,19,0.0,0,0,45,0,0,21,20,2049,3,3,0,0,121,65,0,0
crowded,52,hegemony-1,hegemony,0,14,conquered,0,115,0,5,0.0,0,10,13,3,3,7,3,129,2,0,0,0,0,0,0,0
crowded,52,retaliation-1,retaliation,0,36,collapsed,0,115,0,12,0.0,0,24,16,6,6,9,8,217,3,2,0,1,35,0,0,0
crowded,52,random-1,random,1,108,,10926,10926,64,64,1.0,1,94,13,50,50,0,13,2655,4,1,0,1,8,0,0,0
crowded,53,peace-1,peace,0,48,conquered,0,163,0,13,0.0,0,0,32,0,0,20,19,221,4,5,0,1,83,22,0,0
crowded,53,switzerland-1,switzerland,0,67,conquered,0,689,0,13,0.0,0,0,32,0,0,15,14,650,4,5,0,1,81,17,0,0
crowded,53,hegemony-1,hegemony,1,156,,28065,28065,62,62,0.9688,1,130,73,67,67,15,9,11174,4,1,0,1,53,0,0,0
crowded,53,retaliation-1,retaliation,0,156,collapsed,0,5858,0,22,0.0,0,88,75,27,27,35,9,13081,4,5,0,1,133,21,0,0
crowded,53,random-1,random,0,27,collapsed,0,139,0,8,0.0,0,18,24,8,8,17,9,196,4,2,0,2,8,0,0,0
crowded,54,peace-1,peace,0,207,conquered,0,27167,0,31,0.0,0,0,66,0,0,32,31,19288,3,4,0,2,244,76,0,0
crowded,54,switzerland-1,switzerland,0,115,conquered,0,2931,0,8,0.0,0,0,34,0,0,9,8,2759,3,3,0,1,171,76,0,0
crowded,54,hegemony-1,hegemony,1,207,,46317,46317,64,64,1.0,1,106,12,52,52,3,14,19283,4,2,0,2,195,0,0,0
crowded,54,retaliation-1,retaliation,0,11,collapsed,0,109,0,4,0.0,0,8,9,1,1,4,3,113,2,0,0,0,0,0,0,0
crowded,54,random-1,random,0,32,collapsed,0,151,0,11,0.0,0,21,14,4,4,9,10,281,4,1,0,1,10,0,0,0
crowded,55,peace-1,peace,1,300,,20856,20856,19,19,0.2969,0,0,30,0,0,11,29,915,2,3,0,1,296,262,0,0
crowded,55,switzerland-1,switzerland,1,300,,49455,49455,45,45,0.7031,1,0,57,0,0,7,51,2830,4,5,0,1,359,294,0,0
crowded,55,hegemony-1,hegemony,0,49,collapsed,0,157,0,10,0.0,0,40,41,13,13,21,9,280,3,0,0,0,0,0,0,0
crowded,55,retaliation-1,retaliation,0,70,collapsed,0,144,0,16,0.0,0,58,57,21,21,23,12,503,3,2,0,0,61,32,0,0
crowded,55,random-1,random,0,126,collapsed,0,2090,0,43,0.0,0,111,24,31,31,3,14,6566,4,2,0,2,12,0,0,0
crowded,56,peace-1,peace,0,57,conquered,0,185,0,6,0.0,0,0,8,0,0,6,5,195,2,2,0,1,32,0,0,0
crowded,56,switzerland-1,switzerland,0,121,conquered,0,1811,0,30,0.0,0,0,92,0,0,40,39,2879,2,2,0,1,32,0,0,0
crowded,56,hegemony-1,hegemony,0,45,collapsed,0,120,0,17,0.0,0,29,28,9,9,10,15,249,3,1,0,0,27,0,0,0
crowded,56,retaliation-1,retaliation,0,28,collapsed,0,120,0,5,0.0,0,24,22,7,7,11,4,171,3,2,0,1,38,0,0,0
crowded,56,random-1,random,1,121,,18772,18772,64,64,1.0,1,106,9,51,51,0,12,2618,4,3,0,3,27,0,0,0
crowded,57,peace-1,peace,0,30,conquered,0,115,0,7,0.0,0,0,21,0,0,12,11,108,4,3,0,0,48,0,0,0
crowded,57,switzerland-1,switzerland,0,24,conquered,0,115,0,5,0.0,0,0,13,0,0,11,10,75,4,3,0,1,29,0,0,0
crowded,57,hegemony-1,hegemony,0,62,collapsed,0,109,0,16,0.0,0,51,35,19,19,22,11,315,4,0,0,0,0,0,0,0
crowded,57,retaliation-1,retaliation,0,70,collapsed,0,198,0,19,0.0,0,61,58,25,25,23,9,606,4,3,0,1,41,0,0,0
crowded,57,random-1,random,1,70,,1651,1651,44,44,0.6875,1,50,35,34,34,10,19,378,4,3,0,2,26,0,0,0
crowded,58,peace-1,peace,0,54,conquered,0,163,0,17,0.0,0,0,47,0,0,22,21,254,3,6,0,1,90,31,3,0
crowded,58,switzerland-1,switzerland,0,160,conquered,0,10885,0,13,0.0,0,0,40,0,0,14,13,7823,4,6,0,2,256,93,0,0
crowded,58,hegemony-1,hegemony,1,160,,30278,30278,64,64,1.0,1,134,56,69,69,14,8,9771,3,3,0,3,117,0,0,0
crowded,58,retaliation-1,retaliation,0,111,collapsed,0,1334,0,23,0.0,0,76,69,28,28,38,10,2877,4,7,0,2,164,92,3,0
crowded,58,random-1,random,0,31,collapsed,0,115,0,9,0.0,0,22,20,5,5,14,9,205,2,2,0,2,3,0,0,0
crowded,59,peace-1,peace,0,126,conquered,0,1163,0,16,0.0,0,0,50,0,0,22,21,1867,4,5,0,1,169,108,0,0
crowded,59,switzerland-1,switzerland,0,139,conquered,0,4908,0,17,0.0,0,0,61,0,0,20,19,5948,4,5,0,1,158,94,0,0
crowded,59,hegemony-1,hegemony,0,37,collapsed,0,156,0,11,0.0,0,29,19,7,7,15,8,226,3,1,0,0,11,0,0,0
crowded,59,retaliation-1,retaliation,0,56,collapsed,0,153,0,15,0.0,0,46,45,16,16,18,9,430,4,3,0,0,60,14,0,0
crowded,59,random-1,random,1,139,,14832,14832,64,64,1.0,1,127,27,53,53,1,11,7778,3,2,0,2,10,0,0,0
crowded,60,peace-1,peace,0,47,union,0,292,0,11,0.0,0,0,13,0,0,7,11,144,3,4,0,1,47,12,6,0
crowded,60,switzerland-1,switzerland,0,27,conquered,0,109,0,9,0.0,0,0,26,0,0,15,14,105,3,1,0,0,3,0,0,0
crowded,60,hegemony-1,hegemony,0,88,collapsed,0,552,0,22,0.0,0,81,50,30,30,35,6,1427,4,1,0,1,35,0,0,0
crowded,60,retaliation-1,retaliation,1,88,,5360,5360,61,61,0.9531,1,66,53,43,43,9,21,990,4,5,0,1,80,12,6,1
crowded,60,random-1,random,0,48,collapsed,0,286,0,17,0.0,0,39,44,16,16,23,9,543,4,1,0,1,5,0,0,0
crowded,61,peace-1,peace,0,166,conquered,0,13913,0,25,0.0,0,0,68,0,0,26,10,12195,4,7,0,2,171,44,2,1
crowded,61,switzerland-1,switzerland,0,53,conquered,0,278,0,17,0.0,0,0,38,0,0,20,19,339,4,5,0,1,93,14,0,0
crowded,61,hegemony-1,hegemony,1,166,,36643,36643,64,64,1.0,1,135,23,64,64,6,5,11947,4,3,0,3,114,0,0,0
crowded,61,retaliation-1,retaliation,0,76,union,0,1383,0,21,0.0,0,26,23,9,9,12,17,914,4,6,0,2,144,30,2,0
crowded,61,random-1,random,0,15,collapsed,0,120,0,7,0.0,0,6,15,0,0,9,9,112,4,3,0,2,22,0,0,0
crowded,62,peace-1,peace,0,44,union,0,631,0,13,0.0,0,0,3,0,0,2,14,19,3,6,0,1,75,13,2,0
crowded,62,switzerland-1,switzerland,0,66,conquered,0,377,0,17,0.0,0,0,43,0,0,19,18,480,4,5,0,2,103,25,0,0
crowded,62,hegemony-1,hegemony,0,217,collapsed,0,18682,0,35,0.0,0,142,87,39,39,41,6,35626,3,2,0,2,148,0,0,0
crowded,62,retaliation-1,retaliation,1,217,,41327,41327,59,59,0.9219,1,90,83,48,48,13,10,25750,4,5,0,1,218,32,2,1
crowded,62,random-1,random,0,25,collapsed,0,130,0,10,0.0,0,13,29,5,5,17,12,174,4,2,0,2,8,0,0,0
crowded,63,peace-1,peace,1,300,,38494,38494,35,35,0.5469,1,0,17,0,0,3,37,245,3,3,0,0,303,262,0,0
crowded,63,switzerland-1,switzerland,1,300,,31891,31891,29,29,0.4531,0,0,44,0,0,6,34,582,4,3,0,0,302,262,0,0
crowded,63,hegemony-1,hegemony,0,22,collapsed,0,109,0,5,0.0,0,18,11,4,4,5,4,144,3,0,0,0,0,0,0,0
crowded,63,retaliation-1,retaliation,0,19,collapsed,0,109,0,6,0.0,0,15,20,4,4,7,4,155,4,2,0,0,23,0,0,0
crowded,63,random-1,random,0,82,collapsed,0,462,0,27,0.0,0,69,10,13,13,0,13,1436,4,0,0,0,0,0,0,0
crowded,64,peace-1,peace,1,300,,31848,31848,29,29,0.4531,0,0,66,0,0,16,44,1485,4,5,0,1,323,257,0,0
crowded,64,switzerland-1,switzerland,1,300,,38490,38490,35,35,0.5469,1,0,19,0,0,1,35,1415,3,4,0,1,316,257,0,0
crowded,64,hegemony-1,hegemony,0,40,collapsed,0,128,0,12,0.0,0,30,18,7,7,11,9,220,4,2,0,0,44,0,0,0
crowded,64,retaliation-1,retaliation,0,20,collapsed,0,115,0,6,0.0,0,14,19,5,5,11,6,154,3,1,0,0,14,0,0,0
crowded,64,random-1,random,0,114,collapsed,0,1288,0,40,0.0,0,102,24,29,29,2,12,4622,4,2,0,2,9,0,0,0
crowded,65,peace-1,peace,0,149,conquered,0,11025,0,16,0.0,0,0,34,0,0,16,15,8358,3,4,0,2,140,2,0,0
crowded,65,switzerland-1,switzerland,0,41,conquered,0,179,0,14,0.0,0,0,40,0,0,15,14,227,4,5,0,1,68,6,0,0
crowded,65,hegemony-1,hegemony,1,149,,31150,31150,64,64,1.0,1,103,42,57,57,6,12,8214,3,1,0,1,105,0,0,0
crowded,65,retaliation-1,retaliation,0,81,collapsed,0,546,0,22,0.0,0,56,47,15,15,29,14,1123,3,2,0,0,33,4,0,0
crowded,65,random-1,random,0,26,collapsed,0,131,0,7,0.0,0,18,14,3,3,9,7,176,3,2,0,2,6,0,0,0
crowded,66,peace-1,peace,0,153,conquered,0,2988,0,16,0.0,0,0,57,0,0,21,20,4217,4,4,0,1,147,0,0,0
crowded,66,switzerland-1,switzerland,0,151,conquered,0,2810,0,19,0.0,0,0,79,0,0,30,29,4136,3,3,0,1,127,0,0,0
crowded,66,hegemony-1,hegemony,0,68,collapsed,0,129,0,14,0.0,0,43,20,11,11,8,7,315,4,2,0,0,95,0,0,0
crowded,66,retaliation-1,retaliation,0,21,collapsed,0,115,0,6,0.0,0,15,18,2,2,7,5,148,3,1,0,0,15,0,0,0
crowded,66,random-1,random,1,153,,16683,16683,64,64,1.0,1,143,27,57,57,4,10,8710,4,2,0,2,6,0,0,0
crowded,67,peace-1,peace,1,300,,42896,42896,39,39,0.6094,1,0,4,0,0,1,17,16,3,6,0,1,336,271,3,1
crowded,67,switzerland-1,switzerland,1,300,,27498,27498,25,25,0.3906,0,0,4,0,0,0,24,14,3,3,0,0,318,259,0,0
crowded,67,hegemony-1,hegemony,0,6,conquered,0,109,0,3,0.0,0,3,4,1,1,4,2,83,1,0,0,0,0,0,0,0
crowded,67,retaliation-1,retaliation,0,45,union,0,448,0,22,0.0,0,31,20,20,20,6,7,211,4,5,0,1,75,12,3,0
crowded,67,random-1,random,0,38,collapsed,0,161,0,10,0.0,0,25,27,6,6,16,11,252,3,2,0,2,11,0,0,0
crowded,68,peace-1,peace,0,24,conquered,0,128,0,6,0.0,0,0,18,0,0,12,11,102,3,2,0,0,31,0,0,0
crowded,68,switzerland-1,switzerland,0,162,conquered,0,13319,0,19,0.0,0,0,43,0,0,21,20,10000,4,3,0,1,182,0,0,0
crowded,68,hegemony-1,hegemony,1,162,,36442,36442,64,64,1.0,1,117,55,71,71,16,8,9787,4,2,0,2,110,0,0,0
crowded,68,retaliation-1,retaliation,0,85,collapsed,0,529,0,24,0.0,0,71,65,26,26,37,12,1315,4,3,0,1,80,0,0,0
crowded,68,random-1,random,0,30,conquered,0,161,0,9,0.0,0,15,22,5,5,16,10,206,3,2,0,2,5,0,0,0
crowded,69,peace-1,peace,0,54,union,0,838,0,12,0.0,0,0,8,0,0,2,12,43,4,7,0,1,134,28,2,0
crowded,69,switzerland-1,switzerland,1,300,,17599,17599,16,16,0.25,0,0,0,0,0,0,15,0,2,4,0,0,337,279,0,0
crowded,69,hegemony-1,hegemony,0,199,collapsed,0,16686,0,17,0.0,0,57,43,19,19,25,7,17636,3,2,0,1,203,0,0,0
crowded,69,retaliation-1,retaliation,1,300,,52644,52644,48,48,0.75,1,35,35,25,25,8,19,13014,4,7,0,2,497,271,2,1
crowded,69,random-1,random,0,31,collapsed,0,118,0,10,0.0,0,21,27,4,4,13,10,216,3,2,0,2,13,0,0,0
crowded,70,peace-1,peace,1,300,,47295,47295,43,43,0.6719,1,0,0,0,0,0,14,0,2,5,0,0,339,280,7,1
crowded,70,switzerland-1,switzerland,1,300,,23099,23099,21,21,0.3281,0,0,0,0,0,0,20,0,4,6,0,0,379,282,0,0
crowded,70,hegemony-1,hegemony,0,49,collapsed,0,188,0,12,0.0,0,42,33,12,12,18,7,385,3,1,0,0,33,0,0,0
crowded,70,retaliation-1,retaliation,0,55,union,0,561,0,28,0.0,0,37,37,23,23,7,11,291,4,6,0,1,94,32,7,0
crowded,70,random-1,random,0,15,conquered,0,138,0,9,0.0,0,6,15,0,0,10,9,119,3,2,0,1,9,0,0,0
crowded,71,peace-1,peace,0,98,conquered,0,1450,0,16,0.0,0,0,47,0,0,20,19,1886,4,4,0,2,73,0,0,0
crowded,71,switzerland-1,switzerland,0,24,conquered,0,109,0,6,0.0,0,0,21,0,0,17,16,81,4,3,0,0,36,0,0,0
crowded,71,hegemony-1,hegemony,1,98,,7922,7922,62,62,0.9688,1,92,24,58,58,3,6,2017,4,3,0,3,51,0,0,0
crowded,71,retaliation-1,retaliation,0,60,collapsed,0,296,0,15,0.0,0,49,28,15,15,20,6,533,4,4,0,2,58,0,0,0
crowded,71,random-1,random,0,40,collapsed,0,153,0,13,0.0,0,24,45,11,11,24,14,316,4,4,0,3,20,0,0,0
crowded,72,peace-1,peace,0,272,conquered,0,38990,0,34,0.0,0,0,84,0,0,34,18,24779,2,5,0,1,336,137,4,1
crowded,72,switzerland-1,switzerland,0,169,conquered,0,12687,0,17,0.0,0,0,53,0,0,17,16,11524,4,5,0,1,305,129,0,0
crowded,72,hegemony-1,hegemony,1,272,,48748,48748,64,64,1.0,1,152,10,62,62,3,4,37965,3,2,0,2,300,0,0,0
crowded,72,retaliation-1,retaliation,0,51,union,0,1077,0,15,0.0,0,0,0,0,0,0,14,0,4,7,0,0,128,14,4,0
crowded,72,random-1,random,0,21,collapsed,0,109,0,6,0.0,0,13,18,3,3,11,8,142,3,1,0,0,13,0,0,0
crowded,73,peace-1,peace,1,300,,48396,48396,44,44,0.6875,1,0,0,0,0,0,12,0,4,7,0,0,376,272,2,1
crowded,73,switzerland-1,switzerland,1,300,,21999,21999,20,20,0.3125,0,0,0,0,0,0,19,0,3,4,0,0,332,273,0,0
crowded,73,hegemony-1,hegemony,0,39,collapsed,0,162,0,12,0.0,0,34,27,10,10,13,4,294,4,1,0,0,35,0,0,0
crowded,73,retaliation-1,retaliation,0,51,union,0,791,0,31,0.0,0,20,23,13,13,2,19,144,3,5,0,0,82,23,2,0
crowded,73,random-1,random,0,15,collapsed,0,114,0,6,0.0,0,7,11,0,0,8,8,112,2,1,0,0,9,0,0,0
crowded,74,peace-1,peace,1,300,,32996,32996,30,30,0.4688,0,0,11,0,0,0,29,194,4,5,0,1,336,259,0,0
crowded,74,switzerland-1,switzerland,1,300,,37387,37387,34,34,0.5312,1,0,34,0,0,7,40,384,4,4,0,0,326,259,0,0
crowded,74,hegemony-1,hegemony,0,50,collapsed,0,129,0,11,0.0,0,44,23,15,15,14,5,300,4,3,0,1,76,0,0,0
crowded,74,retaliation-1,retaliation,0,14,conquered,0,115,0,4,0.0,0,10,12,4,4,8,3,126,4,3,0,1,4,0,0,0
crowded,74,random-1,random,0,78,collapsed,0,371,0,30,0.0,0,59,33,18,18,8,19,1126,4,1,0,1,8,0,0,0
crowded,75,peace-1,peace,1,300,,14296,44088,16,37,0.25,0,0,71,0,0,22,12,18785,3,6,0,2,445,186,2,1
crowded,75,switzerland-1,switzerland,0,213,conquered,0,20726,0,18,0.0,0,0,34,0,0,18,17,12355,4,6,0,1,427,188,0,0
crowded,75,hegemony-1,hegemony,1,300,,34570,34570,48,48,0.75,1,126,3,44,44,1,4,32332,3,2,0,2,367,0,0,0
crowded,75,retaliation-1,retaliation,0,46,union,0,565,0,25,0.0,0,21,14,15,15,4,13,107,4,7,0,1,106,26,2,0
crowded,75,random-1,random,0,35,collapsed,0,146,0,14,0.0,0,20,45,6,6,20,15,258,4,3,0,2,37,0,0,0
crowded,76,peace-1,peace,0,48,conquered,0,233,0,17,0.0,0,0,38,0,0,18,17,293,4,4,0,1,80,12,0,0
crowded,76,switzerland-1,switzerland,1,300,,18699,18699,17,17,0.2656,0,0,1,0,0,0,16,4,4,6,0,0,454,261,0,0
crowded,76,hegemony-1,hegemony,0,139,collapsed,0,2752,0,30,0.0,0,121,75,42,42,43,3,7884,4,2,0,1,178,0,0,0
crowded,76,retaliation-1,retaliation,1,300,,51656,51656,47,47,0.7344,1,73,76,43,43,18,21,5558,4,5,0,1,373,249,0,0
crowded,76,random-1,random,0,14,collapsed,0,109,0,5,0.0,0,7,11,0,0,6,6,103,4,3,0,1,15,0,0,0
crowded,77,peace-1,peace,0,151,conquered,0,8068,0,9,0.0,0,0,29,0,0,11,10,5160,3,3,0,2,138,0,0,0
crowded,77,switzerland-1,switzerland,0,199,conquered,0,20830,0,24,0.0,0,0,62,0,0,25,24,13937,3,3,0,2,147,0,0,0
crowded,77,hegemony-1,hegemony,1,199,,43781,43781,64,64,1.0,1,123,33,61,61,11,13,16697,4,2,0,2,257,0,0,0
crowded,77,retaliation-1,retaliation,0,17,conquered,0,126,0,6,0.0,0,11,12,1,1,7,5,127,4,2,0,0,20,0,0,0
crowded,77,random-1,random,0,68,collapsed,0,251,0,20,0.0,0,53,51,15,15,23,15,749,4,2,0,2,8,0,0,0
crowded,78,peace-1,peace,1,300,,52793,52793,48,48,0.75,1,0,20,0,0,4,23,97,3,5,0,0,344,286,15,1
crowded,78,switzerland-1,switzerland,1,300,,17598,17598,16,16,0.25,0,0,12,0,0,4,19,56,4,4,0,0,335,277,0,0
crowded,78,hegemony-1,hegemony,0,15,collapsed,0,126,0,6,0.0,0,9,9,1,1,7,6,119,2,0,0,0,0,0,0,0
crowded,78,retaliation-1,retaliation,0,70,union,0,1541,0,28,0.0,0,42,18,27,27,7,7,255,4,6,0,1,124,63,15,0
crowded,78,random-1,random,0,50,collapsed,0,193,0,13,0.0,0,41,33,14,14,20,9,412,3,1,0,1,3,0,0,0
crowded,79,peace-1,peace,0,17,conquered,0,115,0,6,0.0,0,0,14,0,0,12,11,78,2,1,0,0,7,0,0,0
crowded,79,switzerland-1,switzerland,0,125,conquered,0,7435,0,15,0.0,0,0,25,0,0,16,15,5088,3,4,0,3,41,0,0,0
crowded,79,hegemony-1,hegemony,1,125,,20137,20137,64,64,1.0,1,81,41,57,57,9,15,3660,4,3,0,3,52,0,0,0
crowded,79,retaliation-1,retaliation,0,66,collapsed,0,285,0,17,0.0,0,53,48,16,16,25,11,674,2,1,0,1,19,0,0,0
crowded,79,random-1,random,0,25,conquered,0,139,0,9,0.0,0,15,21,2,2,13,10,175,3,1,0,1,1,0,0,0
crowded,80,peace-1,peace,0,98,conquered,0,1322,0,17,0.0,0,0,44,0,0,19,18,1716,4,5,0,1,125,56,0,0
crowded,80,switzerland-1,switzerland,0,93,conquered,0,130,0,12,0.0,0,0,32,0,0,26,25,205,4,5,0,0,120,59,0,0
crowded,80,hegemony-1,hegemony,0,31,conquered,0,135,0,8,0.0,0,24,24,6,6,14,7,189,4,2,0,0,19,0,0,0
crowded,80,retaliation-1,retaliation,0,47,collapsed,0,126,0,14,0.0,0,40,30,16,16,12,7,321,4,4,0,1,59,3,0,0
crowded,80,random-1,random,1,98,,8208,8208,64,64,1.0,1,82,16,51,51,2,14,1858,4,2,0,2,11,0,0,0
crowded,81,peace-1,peace,0,45,union,0,752,0,10,0.0,0,0,3,0,0,0,9,26,4,6,0,1,81,12,1,0
crowded,81,switzerland-1,switzerland,0,15,conquered,0,109,0,4,0.0,0,0,13,0,0,8,7,78,3,2,0,0,10,0,0,0
crowded,81,hegemony-1,hegemony,0,207,collapsed,0,16688,0,34,0.0,0,130,98,45,45,54,9,34731,4,2,0,1,134,0,0,0
crowded,81,retaliation-1,retaliation,1,207,,40502,40502,63,63,0.9844,1,85,84,53,53,15,14,25442,3,5,0,1,158,12,1,1
crowded,81,random-1,random,0,52,collapsed,0,204,0,20,0.0,0,25,42,6,6,27,27,483,2,1,0,1,13,0,0,0
crowded,82,peace-1,peace,0,55,conquered,0,166,0,16,0.0,0,0,43,0,0,22,21,247,3,3,0,0,93,16,0,0
crowded,82,switzerland-1,switzerland,0,179,conquered,0,17753,0,19,0.0,0,0,39,0,0,19,18,11361,3,4,0,2,140,16,0,0
crowded,82,hegemony-1,hegemony,1,179,,38430,38430,64,64,1.0,1,131,53,74,74,16,5,15219,4,2,0,2,170,0,0,0
crowded,82,retaliation-1,retaliation,0,138,collapsed,0,4675,0,16,0.0,0,62,53,25,25,32,7,7861,3,3,0,2,132,0,0,0
crowded,82,random-1,random,0,29,collapsed,0,139,0,10,0.0,0,19,24,3,3,13,10,215,3,2,0,2,9,0,0,0
crowded,83,peace-1,peace,0,102,conquered,0,312,0,19,0.0,0,0,65,0,0,27,26,538,3,3,0,1,91,60,0,0
crowded,83,switzerland-1,switzerland,0,112,conquered,0,3213,0,13,0.0,0,0,25,0,0,13,12,3501,4,5,0,1,157,60,0,0
crowded,83,hegemony-1,hegemony,0,83,collapsed,0,234,0,16,0.0,0,76,41,25,25,23,5,878,4,1,0,0,57,0,0,0
crowded,83,retaliation-1,retaliation,0,13,conquered,0,120,0,5,0.0,0,7,9,1,1,7,5,107,2,1,0,0,4,0,0,0
crowded,83,random-1,random,1,112,,8909,8909,63,63,0.9844,1,94,37,52,52,8,18,3796,3,2,0,2,9,0,0,0
crowded,84,peace-1,peace,0,26,conquered,0,133,0,7,0.0,0,0,25,0,0,16,15,114,4,3,0,1,38,0,0,0
crowded,84,switzerland-1,switzerland,0,166,conquered,0,11065,0,24,0.0,0,0,67,0,0,24,23,12499,4,5,0,2,152,19,0,0
crowded,84,hegemony-1,hegemony,1,166,,37967,37967,64,64,1.0,1,112,32,58,58,4,9,13129,4,2,0,2,95,0,0,0
crowded,84,retaliation-1,retaliation,0,56,collapsed,0,231,0,13,0.0,0,47,27,12,12,17,5,441,4,4,0,1,74,19,0,0
crowded,84,random-1,random,0,34,collapsed,0,132,0,12,0.0,0,25,33,6,6,15,9,247,4,2,0,2,5,0,0,0
crowded,85,peace-1,peace,0,187,conquered,0,17947,0,17,0.0,0,0,39,0,0,17,16,11258,4,5,0,2,287,101,0,0
crowded,85,switzerland-1,switzerland,0,148,conquered,0,7158,0,18,0.0,0,0,54,0,0,21,20,6928,3,4,0,2,219,101,0,0
crowded,85,hegemony-1,hegemony,1,187,,41153,41153,64,64,1.0,1,131,35,62,62,7,8,17971,4,2,0,2,221,0,0,0
crowded,85,retaliation-1,retaliation,0,10,conquered,0,115,0,4,0.0,0,6,7,0,0,5,4,98,2,1,0,0,6,0,0,0
crowded,85,random-1,random,0,64,collapsed,0,234,0,18,0.0,0,50,52,15,15,27,14,579,3,2,0,2,19,0,0,0
crowded,86,peace-1,peace,0,26,conquered,0,109,0,5,0.0,0,0,24,0,0,18,17,81,3,2,0,0,24,0,0,0
crowded,86,switzerland-1,switzerland,1,300,,16499,16499,15,15,0.2344,0,0,2,0,0,1,15,14,4,5,0,1,394,248,0,0
crowded,86,hegemony-1,hegemony,0,110,collapsed,0,696,0,24,0.0,0,103,82,38,38,43,7,2145,3,1,0,0,97,0,0,0
crowded,86,retaliation-1,retaliation,1,300,,53859,53859,49,49,0.7656,1,101,86,58,58,21,11,1657,4,4,0,1,305,248,0,0
crowded,86,random-1,random,0,25,collapsed,0,132,0,8,0.0,0,9,19,2,2,15,14,137,2,2,0,2,6,0,0,0
crowded,87,peace-1,peace,0,31,conquered,0,160,0,11,0.0,0,0,21,0,0,14,13,147,2,2,0,1,27,0,0,0
crowded,87,switzerland-1,switzerland,0,89,conquered,0,1092,0,23,0.0,0,0,58,0,0,23,22,1466,3,4,0,1,120,47,0,0
crowded,87,hegemony-1,hegemony,1,179,,35093,35093,62,62,0.9688,1,160,78,82,82,27,6,19855,4,3,0,3,84,0,0,0
crowded,87,retaliation-1,retaliation,0,179,collapsed,0,9168,0,22,0.0,0,81,78,31,31,41,11,21113,3,4,0,2,143,47,0,0
crowded,87,random-1,random,0,10,conquered,0,126,0,6,0.0,0,2,8,0,0,8,7,82,2,1,0,1,2,0,0,0
crowded,88,peace-1,peace,0,63,conquered,0,226,0,17,0.0,0,0,53,0,0,26,25,358,3,2,0,0,58,29,0,0
crowded,88,switzerland-1,switzerland,0,159,conquered,0,10849,0,10,0.0,0,0,18,0,0,10,9,5895,4,5,0,1,315,132,0,0
crowded,88,hegemony-1,hegemony,1,159,,34736,34736,64,64,1.0,1,118,45,68,68,9,4,13033,4,2,0,2,213,0,0,0
crowded,88,retaliation-1,retaliation,0,143,conquered,0,8393,0,19,0.0,0,42,43,8,8,26,17,11565,2,3,0,1,220,103,0,0
crowded,88,random-1,random,0,11,conquered,0,115,0,4,0.0,0,7,8,1,1,6,4,108,3,0,0,0,0,0,0,0
crowded,89,peace-1,peace,1,300,,42900,46796,39,39,0.6094,1,0,0,0,0,0,17,0,3,6,0,0,609,273,5,1
crowded,89,switzerland-1,switzerland,0,297,conquered,0,19047,0,16,0.0,0,0,65,0,0,16,15,16686,2,3,0,1,496,263,0,0
crowded,89,hegemony-1,hegemony,1,300,,12102,12102,25,25,0.3906,0,78,4,18,18,2,8,21882,4,3,0,1,511,0,0,0
crowded,89,retaliation-1,retaliation,0,50,union,0,1015,0,21,0.0,0,9,5,8,8,0,12,31,3,4,0,0,70,10,5,0
crowded,89,random-1,random,0,17,collapsed,0,104,0,6,0.0,0,9,22,2,2,10,8,144,2,0,0,0,0,0,0,0
crowded,90,peace-1,peace,0,47,union,0,271,0,16,0.0,0,0,34,0,0,10,18,171,4,6,0,2,62,11,6,0
crowded,90,switzerland-1,switzerland,0,19,conquered,0,121,0,5,0.0,0,0,14,0,0,11,10,88,3,2,0,0,20,0,0,0
crowded,90,hegemony-1,hegemony,0,222,collapsed,0,20442,0,23,0.0,0,118,85,40,40,43,5,24900,4,3,0,3,139,0,0,0
crowded,90,retaliation-1,retaliation,1,222,,44907,44907,61,61,0.9531,1,75,57,50,50,10,11,18542,4,7,0,3,191,11,6,1
crowded,90,random-1,random,0,75,conquered,0,658,0,26,0.0,0,59,62,18,18,34,15,1255,3,2,0,2,14,0,0,0
crowded,91,peace-1,peace,0,163,conquered,0,11030,0,15,0.0,0,0,51,0,0,15,14,9839,3,4,0,2,192,47,0,0
crowded,91,switzerland-1,switzerland,0,83,conquered,0,670,0,22,0.0,0,0,56,0,0,24,23,988,2,3,0,1,85,47,0,0
crowded,91,hegemony-1,hegemony,1,163,,34299,34299,64,64,1.0,1,120,14,54,54,1,10,11881,4,2,0,2,116,0,0,0
crowded,91,retaliation-1,retaliation,0,13,conquered,0,115,0,4,0.0,0,9,10,2,2,7,4,119,2,0,0,0,0,0,0,0
crowded,91,random-1,random,0,25,conquered,0,115,0,8,0.0,0,17,15,1,1,10,8,170,3,1,0,1,9,0,0,0
crowded,92,peace-1,peace,1,300,,37352,37352,34,34,0.5312,1,0,78,0,0,10,43,4387,4,5,0,1,365,264,0,0
crowded,92,switzerland-1,switzerland,1,300,,32415,32415,30,30,0.4688,0,0,37,0,0,16,45,866,3,3,0,0,355,264,0,0
crowded,92,hegemony-1,hegemony,0,83,collapsed,0,194,0,19,0.0,0,56,27,16,16,14,12,670,4,2,0,0,122,0,0,0
crowded,92,retaliation-1,retaliation,0,22,collapsed,0,117,0,6,0.0,0,17,18,5,5,9,4,155,2,1,0,0,6,0,0,0
crowded,92,random-1,random,0,143,collapsed,0,2188,0,45,0.0,0,125,38,35,35,7,16,8614,3,1,0,1,6,0,0,0
crowded,93,peace-1,peace,0,118,conquered,0,5237,0,11,0.0,0,0,29,0,0,11,10,4099,3,3,0,2,130,0,0,0
crowded,93,switzerland-1,switzerland,0,28,conquered,0,132,0,7,0.0,0,0,25,0,0,15,14,107,4,3,0,1,42,0,0,0
crowded,93,hegemony-1,hegemony,1,190,,37650,37650,63,63,0.9844,1,135,94,74,74,24,12,23247,4,2,0,2,199,0,0,0
crowded,93,retaliation-1,retaliation,0,190,collapsed,0,13127,0,20,0.0,0,70,70,19,19,36,17,22336,2,2,0,1,122,0,0,0
crowded,93,random-1,random,0,52,collapsed,0,248,0,15,0.0,0,40,27,9,9,16,11,543,3,2,0,2,15,0,0,0
crowded,94,peace-1,peace,0,19,conquered,0,115,0,5,0.0,0,0,16,0,0,13,12,81,4,2,0,0,23,0,0,0
crowded,94,switzerland-1,switzerland,0,35,conquered,0,156,0,11,0.0,0,0,20,0,0,15,14,158,4,3,0,1,47,0,0,0
crowded,94,hegemony-1,hegemony,1,151,,27961,27961,63,63,0.9844,1,116,96,76,76,20,6,10610,4,2,0,2,92,0,0,0
crowded,94,retaliation-1,retaliation,0,151,collapsed,0,7195,0,17,0.0,0,54,54,15,15,30,15,12326,4,4,0,2,132,0,0,0
crowded,94,random-1,random,0,68,collapsed,0,404,0,21,0.0,0,55,39,12,12,25,13,811,4,1,0,1,4,0,0,0
crowded,95,peace-1,peace,0,21,conquered,0,115,0,6,0.0,0,0,18,0,0,12,11,90,2,1,0,0,12,0,0,0
crowded,95,switzerland-1,switzerland,0,58,conquered,0,371,0,22,0.0,0,0,37,0,0,25,24,419,3,3,0,1,51,17,0,0
crowded,95,hegemony-1,hegemony,1,131,,18055,18055,62,62,0.9688,1,126,71,75,75,19,5,5593,3,2,0,2,43,0,0,0
crowded,95,retaliation-1,retaliation,0,131,collapsed,0,2993,0,22,0.0,0,79,74,26,26,38,13,7008,4,4,0,1,96,17,0,0
crowded,95,random-1,random,0,10,conquered,0,109,0,3,0.0,0,3,8,0,0,7,6,80,2,0,0,0,0,0,0,0
crowded,96,peace-1,peace,0,63,union,0,1172,0,18,0.0,0,0,16,0,0,4,17,161,2,3,0,0,51,20,15,0
crowded,96,switzerland-1,switzerland,1,300,,7699,7699,7,14,0.1094,0,0,22,0,0,9,15,197,3,4,0,1,296,259,0,0
crowded,96,hegemony-1,hegemony,0,13,conquered,0,120,0,5,0.0,0,8,8,2,2,7,4,109,2,1,0,0,3,0,0,0
crowded,96,retaliation-1,retaliation,1,300,,62691,62691,57,57,0.8906,1,43,23,29,29,4,17,282,4,6,0,1,347,279,15,1
crowded,96,random-1,random,0,62,collapsed,0,302,0,18,0.0,0,53,35,15,15,22,9,734,3,2,0,2,13,0,0,0
crowded,97,peace-1,peace,1,300,,46189,46189,42,42,0.6562,1,0,29,0,0,10,29,266,3,5,0,0,355,296,3,1
crowded,97,switzerland-1,switzerland,1,300,,24196,24196,22,22,0.3438,0,0,21,0,0,3,24,374,2,3,0,1,292,261,0,0
crowded,97,hegemony-1,hegemony,0,16,conquered,0,126,0,6,0.0,0,11,10,2,2,8,5,131,1,0,0,0,0,0,0,0
crowded,97,retaliation-1,retaliation,0,69,union,0,508,0,22,0.0,0,53,25,17,17,6,10,399,3,4,0,1,70,35,3,0
crowded,97,random-1,random,0,75,collapsed,0,419,0,23,0.0,0,64,43,17,17,9,10,1233,3,2,0,2,7,0,0,0
crowded,98,peace-1,peace,0,190,conquered,0,26161,0,37,0.0,0,0,69,0,0,37,11,20735,4,6,0,1,167,17,3,1
crowded,98,switzerland-1,switzerland,0,46,conquered,0,189,0,15,0.0,0,0,37,0,0,18,17,240,4,4,0,0,70,8,0,0
crowded,98,hegemony-1,hegemony,1,190,,47107,47107,64,64,1.0,1,107,1,56,56,1,8,16988,4,1,0,1,92,0,0,0
crowded,98,retaliation-1,retaliation,0,42,union,0,571,0,25,0.0,0,19,9,12,12,0,12,85,4,5,0,0,73,9,3,0
crowded,98,random-1,random,0,24,collapsed,0,126,0,9,0.0,0,10,20,1,1,13,14,139,4,2,0,0,20,0,0,0
crowded,99,peace-1,peace,0,115,conquered,0,1328,0,16,0.0,0,0,44,0,0,21,20,1462,3,3,0,1,106,74,0,0
crowded,99,switzerland-1,switzerland,0,113,conquered,0,1504,0,15,0.0,0,0,49,0,0,21,20,2071,4,5,0,1,179,74,0,0
crowded,99,hegemony-1,hegemony,0,74,collapsed,0,172,0,18,0.0,0,64,28,16,16,17,10,617,4,1,0,0,62,0,0,0
crowded,99,retaliation-1,retaliation,0,14,collapsed,0,115,0,5,0.0,0,10,11,2,2,6,4,124,2,1,0,0,11,0,0,0
crowded,99,random-1,random,1,115,,8017,8017,64,64,1.0,1,99,41,52,52,5,16,3080,3,2,0,2,4,0,0,0
spacious,0,peace-1,peace,1,300,,217089,217089,183,183,0.2707,0,0,23,0,0,3,122,782,4,7,0,1,473,172,2,1
spacious,0,switzerland-1,switzerland,1,300,,234004,234004,237,237,0.3506,1,0,159,0,0,62,298,42050,2,2,0,0,190,161,0,0
spacious,0,hegemony-1,hegemony,1,300,,172771,172771,168,168,0.2485,0,262,10,130,130,1,38,43358,4,1,0,0,236,0,0,0
spacious,0,retaliation-1,retaliation,0,70,union,0,2653,0,64,0.0,0,14,5,10,10,2,54,144,3,3,0,0,40,11,2,0
spacious,0,random-1,random,0,129,collapsed,0,1231,0,39,0.0,0,38,117,6,6,78,91,3506,3,1,0,1,7,0,0,0
spacious,1,peace-1,peace,1,300,,311990,312819,289,289,0.4275,1,0,62,0,0,16,222,16536,3,5,0,1,164,16,5,1
spacious,1,switzerland-1,switzerland,1,300,,985,29454,1,68,0.0015,0,0,240,0,0,137,137,33381,2,1,0,1,26,0,0,0
spacious,1,hegemony-1,hegemony,1,300,,161102,161102,159,159,0.2352,0,254,69,140,140,28,46,53793,3,1,0,0,105,0,0,0
spacious,1,retaliation-1,retaliation,0,86,union,0,5704,0,82,0.0,0,0,0,0,0,0,81,0,1,3,0,0,45,16,5,0
spacious,1,random-1,random,1,300,,168704,172605,182,186,0.2692,0,160,43,58,58,17,140,53346,3,2,0,2,40,0,0,0
spacious,2,peace-1,peace,1,300,,147500,147500,123,123,0.182,0,0,0,0,0,0,122,0,2,3,0,0,433,194,0,0
spacious,2,switzerland-1,switzerland,1,300,,154318,160733,125,142,0.1849,0,0,147,0,0,53,177,39495,4,6,0,1,550,306,0,0
spacious,2,hegemony-1,hegemony,1,300,,134039,134039,127,127,0.1879,0,214,203,107,107,66,85,76748,4,3,0,1,383,0,0,0
spacious,2,retaliation-1,retaliation,1,300,,22517,55726,30,78,0.0444,0,214,241,66,66,121,84,102803,3,2,0,0,144,112,0,0
spacious,2,random-1,random,1,300,,179857,179857,192,192,0.284,1,175,12,68,68,1,124,48913,3,2,0,2,30,0,0,0
spacious,3,peace-1,peace,0,81,union,0,4540,0,68,0.0,0,0,0,0,0,0,67,0,3,5,0,0,102,26,3,0
spacious,3,switzerland-1,switzerland,1,300,,283397,283397,263,263,0.3891,0,0,3,0,0,0,262,55,2,4,0,1,192,125,0,0
spacious,3,hegemony-1,hegemony,0,210,collapsed,0,15746,0,54,0.0,0,174,124,54,54,87,36,39091,4,3,0,1,65,0,0,0
spacious,3,retaliation-1,retaliation,1,300,,352659,352659,337,337,0.4985,1,104,109,78,78,23,160,25081,3,9,0,1,283,161,8,2
spacious,3,random-1,random,0,97,union,0,3709,0,54,0.0,0,23,65,9,9,31,74,1088,4,5,0,1,94,10,5,0
spacious,4,peace-1,peace,0,83,union,0,4959,0,76,0.0,0,0,1,0,0,0,75,12,2,4,0,1,49,16,4,0
spacious,4,switzerland-1,switzerland,1,300,,37402,88422,36,110,0.0533,0,0,300,0,0,153,188,63634,3,3,0,1,275,228,0,0
spacious,4,hegemony-1,hegemony,1,300,,163110,163110,161,161,0.2382,0,250,34,125,125,15,50,49684,3,1,0,0,207,0,0,0
spacious,4,retaliation-1,retaliation,1,300,,266914,267136,234,234,0.3462,1,184,52,83,83,23,97,55191,3,6,0,0,509,244,4,1
spacious,4,random-1,random,1,300,,133566,134263,147,148,0.2175,0,137,184,66,66,83,163,80702,3,2,0,2,22,0,0,0
spacious,5,peace-1,peace,1,300,,59784,66703,55,84,0.0814,0,0,226,0,0,138,192,31114,2,2,0,0,191,162,0,0
spacious,5,switzerland-1,switzerland,1,300,,178877,180591,143,145,0.2115,0,0,72,0,0,22,164,20617,4,6,0,1,601,331,0,0
spacious,5,hegemony-1,hegemony,1,300,,212549,212549,195,195,0.2885,1,257,4,152,152,1,43,31679,4,2,0,0,210,0,0,0
spacious,5,retaliation-1,retaliation,1,300,,159170,159170,149,149,0.2204,0,228,99,111,111,30,67,54592,3,3,0,0,225,169,0,0
spacious,5,random-1,random,1,300,,40936,57363,54,81,0.0799,0,175,259,53,53,125,125,95843,3,1,0,1,25,0,0,0
spacious,6,peace-1,peace,0,156,union,0,31863,0,92,0.0,0,0,112,0,0,57,148,3885,2,4,0,1,60,11,3,0
spacious,6,switzerland-1,switzerland,1,300,,117088,134563,109,148,0.1612,0,0,141,0,0,42,150,38762,2,4,0,2,190,120,0,0
spacious,6,hegemony-1,hegemony,1,300,,150176,150176,148,148,0.2189,0,250,4,98,98,1,50,48703,3,2,0,1,114,0,0,0
spacious,6,retaliation-1,retaliation,1,300,,498855,498855,419,419,0.6198,1,0,0,0,0,0,227,0,1,9,0,0,328,141,8,2
spacious,6,random-1,random,0,104,union,0,12563,0,98,0.0,0,7,0,2,2,0,96,276,4,5,0,2,74,10,5,0
spacious,7,peace-1,peace,0,215,union,0,64465,0,70,0.0,0,0,153,0,0,60,127,19585,4,6,0,1,239,167,8,0
spacious,7,switzerland-1,switzerland,1,300,,56607,109940,53,111,0.0784,0,0,138,0,0,65,117,47121,3,4,0,2,401,237,0,0
spacious,7,hegemony-1,hegemony,1,300,,158056,158056,157,157,0.2322,0,234,24,97,97,7,66,54168,4,2,0,1,355,0,0,0
spacious,7,retaliation-1,retaliation,1,300,,274848,274848,243,243,0.3595,1,76,36,40,40,11,145,32801,3,5,0,1,400,102,8,1
spacious,7,random-1,random,1,300,,177059,182340,190,198,0.2811,0,117,76,46,46,40,183,61799,4,3,0,3,61,0,0,0
spacious,8,peace-1,peace,1,300,,80180,97734,74,102,0.1095,0,0,126,0,0,60,133,42624,3,5,0,2,376,204,0,0
spacious,8,switzerland-1,switzerland,1,300,,112820,129184,97,118,0.1435,0,0,90,0,0,44,140,32376,4,5,0,1,494,204,0,0
spacious,8,hegemony-1,hegemony,1,300,,198445,198445,193,193,0.2855,0,187,62,93,93,14,113,38026,3,2,0,1,331,0,0,0
spacious,8,retaliation-1,retaliation,0,82,collapsed,0,334,0,21,0.0,0,62,62,14,14,33,20,903,2,1,0,0,29,0,0,0
spacious,8,random-1,random,1,300,,245330,245330,254,254,0.3757,1,91,0,44,44,0,209,27752,2,3,0,2,44,0,0,0
spacious,9,peace-1,peace,0,150,union,0,66280,0,139,0.0,0,0,19,0,0,7,145,1583,3,5,0,1,74,11,5,0
spacious,9,switzerland-1,switzerland,1,300,,28601,67478,27,96,0.0399,0,0,245,0,0,118,144,50001,4,4,0,1,269,209,0,0
spacious,9,hegemony-1,hegemony,1,300,,142133,142133,156,156,0.2308,0,238,57,116,116,23,62,56231,3,0,0,0,0,0,0,0
spacious,9,retaliation-1,retaliation,1,300,,325558,325558,310,310,0.4586,1,144,93,73,73,20,117,58161,3,5,0,0,279,220,5,1
spacious,9,random-1,random,1,300,,92594,107270,104,130,0.1538,0,176,144,52,52,73,124,89679,3,2,0,2,24,0,0,0
spacious,10,peace-1,peace,0,119,union,0,23932,0,105,0.0,0,0,0,0,0,0,104,0,2,4,0,0,65,22,5,0
spacious,10,switzerland-1,switzerland,1,300,,157560,182319,146,161,0.216,0,0,61,0,0,23,168,20035,3,5,0,3,366,168,0,0
spacious,10,hegemony-1,hegemony,1,300,,168101,168101,164,164,0.2426,0,239,91,124,124,22,61,49152,3,3,0,2,334,0,0,0
spacious,10,retaliation-1,retaliation,1,300,,385423,385423,329,329,0.4867,1,58,22,48,48,3,178,13725,3,6,0,1,444,190,5,1
spacious,10,random-1,random,0,254,collapsed,0,41560,0,72,0.0,0,127,250,27,27,151,126,72950,3,2,0,2,19,0,0,0
spacious,11,peace-1,peace,0,74,union,0,3269,0,67,0.0,0,0,0,0,0,0,66,0,1,3,0,0,52,23,14,0
spacious,11,switzerland-1,switzerland,1,300,,182451,189470,154,170,0.2278,0,0,81,0,0,18,171,22215,3,4,0,1,409,207,0,0
spacious,11,hegemony-1,hegemony,1,300,,178960,178960,165,165,0.2441,0,243,99,136,136,29,57,48904,3,2,0,0,340,0,0,0
spacious,11,retaliation-1,retaliation,1,300,,292626,292626,253,253,0.3743,1,0,0,0,0,0,185,0,3,6,0,0,482,230,14,1
spacious,11,random-1,random,1,300,,21366,45047,32,72,0.0473,0,180,243,47,47,136,120,92205,2,1,0,1,7,0,0,0
spacious,12,peace-1,peace,0,166,union,0,35826,0,70,0.0,0,0,117,0,0,50,99,11672,4,6,0,1,207,137,3,0
spacious,12,switzerland-1,switzerland,1,300,,83987,118602,79,133,0.1169,0,0,198,0,0,80,158,55020,3,4,0,2,351,252,0,0
spacious,12,hegemony-1,hegemony,1,300,,171769,171769,184,184,0.2722,0,212,3,95,95,0,88,45107,4,1,0,1,66,0,0,0
spacious,12,retaliation-1,retaliation,1,300,,226784,226784,223,223,0.3299,1,207,114,114,114,27,85,58555,3,4,0,1,204,155,3,1
spacious,12,random-1,random,1,300,,19105,54284,28,84,0.0414,0,220,207,62,62,114,79,98451,4,3,0,3,34,0,0,0
spacious,13,peace-1,peace,1,300,,82173,106857,79,117,0.1169,0,0,270,0,0,121,199,66730,3,3,0,1,209,173,0,0
spacious,13,switzerland-1,switzerland,1,300,,120101,138131,94,120,0.1391,0,0,105,0,0,37,130,31312,4,6,0,1,661,413,0,0
spacious,13,hegemony-1,hegemony,1,300,,200489,200489,181,181,0.2678,0,203,16,90,90,7,97,43567,3,2,0,0,261,0,0,0
spacious,13,retaliation-1,retaliation,1,300,,141350,141350,118,118,0.1746,0,16,5,7,7,3,113,688,2,3,0,0,354,240,0,0
spacious,13,random-1,random,1,300,,183061,183061,195,195,0.2885,1,177,0,71,71,0,123,52695,2,2,0,2,21,0,0,0
spacious,14,peace-1,peace,0,103,union,0,12080,0,97,0.0,0,0,4,0,0,1,97,113,2,5,1,1,75,16,5,0
spacious,14,switzerland-1,switzerland,1,300,,41473,67682,40,96,0.0592,0,0,222,0,0,91,130,40024,3,2,0,0,198,169,0,0
spacious,14,hegemony-1,hegemony,1,300,,187616,187616,183,183,0.2707,0,220,30,110,110,8,80,42396,3,1,0,0,202,0,0,0
spacious,14,retaliation-1,retaliation,1,300,,352774,352774,303,303,0.4482,1,131,41,88,88,10,127,24284,4,6,0,0,440,180,5,1
spacious,14,random-1,random,0,256,collapsed,0,47483,0,91,0.0,0,165,219,50,50,138,91,85999,4,2,1,1,35,5,0,0
spacious,15,peace-1,peace,1,300,,201492,201492,192,192,0.284,1,0,0,0,0,0,191,0,2,2,0,0,250,221,0,0
spacious,15,switzerland-1,switzerland,1,300,,236253,236253,184,184,0.2722,0,0,0,0,0,0,183,0,3,5,0,0,661,445,0,0
spacious,15,hegemony-1,hegemony,1,300,,174163,174163,175,175,0.2589,0,219,183,135,135,42,81,73296,4,2,0,1,174,0,0,0
spacious,15,retaliation-1,retaliation,1,300,,26314,53527,34,78,0.0503,0,233,186,79,79,95,49,93307,3,3,0,1,269,224,0,0
spacious,15,random-1,random,0,125,collapsed,0,968,0,37,0.0,0,37,120,5,5,82,88,2286,2,0,0,0,0,0,0,0
spacious,16,peace-1,peace,0,79,union,0,3165,0,63,0.0,0,0,29,0,0,12,74,321,3,4,0,1,51,11,2,0
spacious,16,switzerland-1,switzerland,1,300,,152901,164399,141,161,0.2086,0,0,81,0,0,35,175,20038,2,3,0,1,188,151,0,0
spacious,16,hegemony-1,hegemony,1,300,,106890,106890,117,117,0.1731,0,232,75,88,88,40,68,47992,2,1,0,0,14,0,0,0
spacious,16,retaliation-1,retaliation,1,300,,260803,260803,241,241,0.3565,1,198,88,112,112,28,93,46414,2,6,0,0,234,162,2,1
spacious,16,random-1,random,1,300,,64994,102420,77,131,0.1139,0,139,296,51,51,136,161,111972,3,2,0,2,19,0,0,0
spacious,17,peace-1,peace,1,300,,961,19440,1,54,0.0015,0,0,218,0,0,128,128,27897,3,3,0,1,266,232,0,0
spacious,17,switzerland-1,switzerland,1,300,,181858,181858,144,144,0.213,0,0,0,0,0,0,143,0,3,5,0,0,624,364,0,0
spacious,17,hegemony-1,hegemony,1,300,,146500,146500,136,136,0.2012,0,251,126,138,138,52,49,73046,4,2,0,0,406,0,0,0
spacious,17,retaliation-1,retaliation,1,300,,211858,211858,188,188,0.2781,1,92,18,40,40,7,154,28148,3,4,0,1,370,132,0,0
spacious,17,random-1,random,1,300,,118055,143436,131,161,0.1938,0,178,159,79,79,70,121,90437,3,2,0,2,10,0,0,0
spacious,18,peace-1,peace,0,110,union,0,16514,0,107,0.0,0,0,0,0,0,0,106,0,1,3,0,0,39,9,4,0
spacious,18,switzerland-1,switzerland,1,300,,188456,189143,178,190,0.2633,0,0,146,0,0,64,241,40626,2,3,0,1,139,55,0,0
spacious,18,hegemony-1,hegemony,1,300,,176037,176037,172,172,0.2544,0,245,51,125,125,9,55,42520,3,2,0,1,271,0,0,0
spacious,18,retaliation-1,retaliation,1,300,,357846,357846,307,307,0.4541,1,37,14,29,29,1,171,2055,4,6,0,0,339,64,4,1
spacious,18,random-1,random,0,145,collapsed,0,5024,0,49,0.0,0,65,136,10,10,90,80,10032,2,0,0,0,0,0,0,0
spacious,19,peace-1,peace,0,241,union,0,140962,0,123,0.0,0,0,0,0,0,0,122,0,3,5,0,0,267,11,3,0
spacious,19,switzerland-1,switzerland,1,300,,151569,151770,153,158,0.2263,0,0,127,0,0,54,206,38126,3,4,0,2,402,223,0,0
spacious,19,hegemony-1,hegemony,1,300,,161978,161978,158,158,0.2337,0,259,29,124,124,7,40,41763,4,3,0,1,457,0,0,0
spacious,19,retaliation-1,retaliation,1,300,,372503,372503,321,321,0.4749,1,80,27,57,57,5,145,7246,4,6,0,0,476,234,3,1
spacious,19,random-1,random,0,179,collapsed,0,11301,0,66,0.0,0,63,219,12,12,127,116,23935,4,2,0,1,104,0,0,0
spacious,20,peace-1,peace,1,300,,363813,363813,307,307,0.4541,1,0,26,0,0,10,170,9107,4,7,0,1,416,185,3,1
spacious,20,switzerland-1,switzerland,1,300,,38863,84244,37,102,0.0547,0,0,308,0,0,149,185,60764,4,5,0,1,313,249,0,0
spacious,20,hegemony-1,hegemony,1,300,,132944,132961,134,134,0.1982,0,244,110,121,121,44,56,69920,4,2,0,0,284,0,0,0
spacious,20,retaliation-1,retaliation,0,216,union,0,171038,0,145,0.0,0,0,0,0,0,0,145,0,3,6,0,0,274,88,3,0
spacious,20,random-1,random,1,300,,171417,171417,183,183,0.2707,0,200,0,82,82,0,100,45744,3,2,0,2,23,0,0,0
spacious,21,peace-1,peace,0,114,union,0,17266,0,94,0.0,0,0,17,0,0,6,97,433,3,5,0,1,81,10,2,0
spacious,21,switzerland-1,switzerland,1,300,,154201,161612,144,161,0.213,0,0,134,0,0,45,188,37499,2,3,0,1,273,147,0,0
spacious,21,hegemony-1,hegemony,1,300,,152702,152702,150,150,0.2219,0,250,39,105,105,6,50,47296,3,2,0,1,314,0,0,0
spacious,21,retaliation-1,retaliation,1,300,,338845,338845,291,291,0.4305,1,42,20,37,37,1,162,3596,2,5,0,0,402,157,2,1
spacious,21,random-1,random,0,160,collapsed,0,8909,0,53,0.0,0,76,158,13,13,97,84,15853,2,1,0,1,12,0,0,0
spacious,22,peace-1,peace,1,300,,226973,226973,194,197,0.287,0,0,161,0,0,50,160,27631,3,7,0,1,363,251,3,1
spacious,22,switzerland-1,switzerland,1,300,,214220,214220,195,195,0.2885,1,0,0,0,0,0,194,0,2,3,0,0,278,225,0,0
spacious,22,hegemony-1,hegemony,1,300,,155809,155809,157,157,0.2322,0,205,76,90,90,29,95,57596,2,1,0,0,44,0,0,0
spacious,22,retaliation-1,retaliation,0,112,union,0,14624,0,88,0.0,0,24,22,8,8,12,86,1892,3,4,0,0,78,26,3,0
spacious,22,random-1,random,1,300,,114232,120391,127,137,0.1879,0,167,137,59,59,66,133,80081,2,1,0,1,9,0,0,0
spacious,23,peace-1,peace,1,300,,199039,203084,172,184,0.2544,0,0,114,0,0,46,174,28579,4,7,0,1,382,225,1,1
spacious,23,switzerland-1,switzerland,1,300,,77664,104556,73,121,0.108,0,0,259,0,0,109,181,56922,4,5,0,2,262,208,0,0
spacious,23,hegemony-1,hegemony,1,300,,125806,125806,127,127,0.1879,0,242,62,97,97,29,58,56595,4,2,0,1,95,0,0,0
spacious,23,retaliation-1,retaliation,0,76,union,0,2225,0,47,0.0,0,29,29,11,11,15,46,660,3,4,0,0,61,17,1,0
spacious,23,random-1,random,1,300,,186137,186137,198,198,0.2929,1,193,0,91,91,0,106,43892,3,2,0,2,18,0,0,0
spacious,24,peace-1,peace,1,300,,309713,309713,292,292,0.432,1,0,136,0,0,44,213,26788,3,6,0,1,276,195,10,1
spacious,24,switzerland-1,switzerland,1,300,,178378,182654,164,173,0.2426,0,0,59,0,0,19,182,15312,3,5,0,1,269,188,0,0
spacious,24,hegemony-1,hegemony,0,107,collapsed,0,811,0,28,0.0,0,75,77,24,24,54,32,2169,1,0,0,0,0,0,0,0
spacious,24,retaliation-1,retaliation,0,174,union,0,73531,0,122,0.0,0,77,75,54,54,24,91,1516,3,5,0,0,97,39,10,0
spacious,24,random-1,random,1,300,,157936,157936,169,169,0.25,0,195,0,63,63,0,105,50731,2,2,0,2,46,0,0,0
spacious,25,peace-1,peace,1,300,,252121,282465,270,270,0.3994,1,0,90,0,0,26,171,26592,4,7,0,2,417,173,1,1
spacious,25,switzerland-1,switzerland,0,272,conquered,0,38259,0,75,0.0,0,0,240,0,0,124,123,39206,2,2,0,0,186,157,0,0
spacious,25,hegemony-1,hegemony,1,300,,159860,159860,167,167,0.247,0,268,0,134,134,0,32,39828,2,1,0,1,166,0,0,0
spacious,25,retaliation-1,retaliation,0,275,union,0,120467,0,125,0.0,0,218,71,99,99,32,56,42841,2,4,0,1,57,16,1,0
spacious,25,random-1,random,1,300,,102949,102949,116,116,0.1716,0,133,218,48,48,99,166,68812,2,2,0,2,28,0,0,0
spacious,26,peace-1,peace,1,300,,288386,288386,262,262,0.3876,1,0,48,0,0,12,198,9945,4,7,0,1,369,240,8,1
spacious,26,switzerland-1,switzerland,1,300,,49281,59835,47,79,0.0695,0,0,158,0,0,41,87,33415,4,6,0,2,393,245,0,0
spacious,26,hegemony-1,hegemony,1,300,,269835,269835,254,254,0.3757,0,134,22,89,89,2,166,29030,3,2,0,1,103,0,0,0
spacious,26,retaliation-1,retaliation,0,124,union,0,21249,0,75,0.0,0,70,32,35,35,12,51,2937,3,6,0,1,105,41,8,0
spacious,26,random-1,random,0,293,collapsed,0,38125,0,61,0.0,0,233,177,55,55,112,60,87947,4,3,0,3,64,0,0,0
spacious,27,peace-1,peace,1,300,,1091,39829,1,76,0.0015,0,0,227,0,0,112,112,43180,3,3,0,1,249,212,0,0
spacious,27,switzerland-1,switzerland,1,300,,217541,220212,168,170,0.2485,0,0,9,0,0,2,169,3076,4,7,0,2,691,435,0,0
spacious,27,hegemony-1,hegemony,1,300,,113855,114243,109,109,0.1612,0,240,138,103,103,55,60,74332,4,2,0,0,218,0,0,0
spacious,27,retaliation-1,retaliation,1,300,,285234,285234,248,248,0.3669,1,0,0,0,0,0,247,0,2,3,0,0,298,223,0,0
spacious,27,random-1,random,1,300,,134710,135052,148,148,0.2189,0,218,84,93,93,27,81,55579,3,3,0,3,34,0,0,0
spacious,28,peace-1,peace,0,107,union,0,8359,0,74,0.0,0,0,64,0,0,29,98,1194,3,4,0,0,51,18,8,0
spacious,28,switzerland-1,switzerland,1,300,,191428,192319,164,167,0.2426,0,0,162,0,0,59,222,30395,3,3,0,0,317,165,0,0
spacious,28,hegemony-1,hegemony,1,300,,134271,134271,131,131,0.1938,0,250,60,110,110,30,50,53330,3,2,0,0,129,0,0,0
spacious,28,retaliation-1,retaliation,1,300,,289134,289134,266,266,0.3935,1,112,47,53,53,17,159,30348,2,6,0,1,268,183,8,1
spacious,28,random-1,random,1,300,,58411,107522,71,123,0.105,0,202,231,71,71,99,98,109927,3,1,0,1,17,0,0,0
spacious,29,peace-1,peace,1,300,,242996,242996,208,208,0.3077,1,0,14,0,0,0,130,3205,3,6,0,0,418,153,4,1
spacious,29,switzerland-1,switzerland,1,300,,203477,203477,179,179,0.2648,0,0,69,0,0,26,204,19696,3,5,1,1,343,155,0,0
spacious,29,hegemony-1,hegemony,1,300,,22958,24442,30,47,0.0444,0,250,201,85,85,106,50,69484,4,2,0,0,332,0,0,0
spacious,29,retaliation-1,retaliation,0,242,union,0,65177,0,77,0.0,0,167,146,69,69,64,71,30248,3,4,0,1,56,9,4,0
spacious,29,random-1,random,1,300,,175001,175523,191,192,0.2825,0,151,138,69,69,27,148,68548,3,3,1,2,61,11,0,0
spacious,30,peace-1,peace,1,300,,318033,318033,270,277,0.3994,1,0,35,0,0,10,160,10394,3,6,0,0,323,228,9,1
spacious,30,switzerland-1,switzerland,1,300,,45684,90601,43,117,0.0636,0,0,229,0,0,110,152,56488,4,6,1,1,395,285,0,0
spacious,30,hegemony-1,hegemony,1,300,,149262,149262,152,152,0.2249,0,211,86,101,101,39,89,68008,3,1,0,0,37,0,0,0
spacious,30,retaliation-1,retaliation,0,145,union,0,57591,0,119,0.0,0,22,3,5,5,0,113,2235,3,6,0,1,127,56,9,0
spacious,30,random-1,random,1,300,,198557,198557,210,210,0.3107,0,142,22,58,58,5,156,40989,3,3,1,2,104,41,0,0
spacious,31,peace-1,peace,0,78,union,0,3941,0,75,0.0,0,0,0,0,0,0,74,0,1,3,0,0,40,11,3,0
spacious,31,switzerland-1,switzerland,1,300,,122862,122862,112,123,0.1657,0,0,200,0,0,109,220,29009,3,4,1,1,404,228,0,0
spacious,31,hegemony-1,hegemony,1,300,,160682,160682,160,160,0.2367,0,246,65,128,128,23,54,54829,3,1,0,0,218,0,0,0
spacious,31,retaliation-1,retaliation,1,300,,269055,269055,237,237,0.3506,1,188,61,95,95,23,89,55369,4,7,0,1,518,199,3,1
spacious,31,random-1,random,1,300,,89234,130965,102,137,0.1509,0,130,238,49,49,117,169,101195,3,3,1,2,164,40,0,0
spacious,32,peace-1,peace,1,300,,132320,138118,111,125,0.1642,0,0,45,0,0,17,127,12563,3,4,0,1,434,232,0,0
spacious,32,switzerland-1,switzerland,1,300,,183141,184387,142,147,0.2101,0,0,54,0,0,16,157,14397,4,5,0,0,684,443,0,0
spacious,32,hegemony-1,hegemony,1,300,,161339,161339,151,151,0.2234,0,198,180,100,100,52,102,76190,4,2,0,0,349,0,0,0
spacious,32,retaliation-1,retaliation,1,300,,29204,65405,37,96,0.0547,0,193,263,56,56,123,103,111296,3,3,0,1,244,211,0,0
spacious,32,random-1,random,1,300,,163026,163026,175,175,0.2589,1,177,26,60,60,8,122,54919,4,2,0,2,11,0,0,0
spacious,33,peace-1,peace,0,131,union,0,23559,0,90,0.0,0,0,62,0,0,32,121,1804,3,5,0,0,92,21,6,0
spacious,33,switzerland-1,switzerland,1,300,,22441,80526,22,107,0.0325,0,0,316,0,0,146,167,75051,4,6,0,2,316,198,0,0
spacious,33,hegemony-1,hegemony,1,300,,163299,163299,162,162,0.2396,0,233,56,114,114,20,67,59624,4,3,0,2,207,0,0,0
spacious,33,retaliation-1,retaliation,1,300,,346407,350299,294,294,0.4349,1,21,2,5,5,1,199,7998,4,10,2,2,483,215,6,1
spacious,33,random-1,random,1,300,,166281,166281,177,177,0.2618,0,203,21,85,85,5,96,49607,3,4,2,2,64,14,0,0
spacious,34,peace-1,peace,1,300,,147568,153091,135,152,0.1997,0,0,75,0,0,27,161,17604,2,3,0,1,187,128,0,0
spacious,34,switzerland-1,switzerland,1,300,,161653,162931,138,139,0.2041,0,0,32,0,0,11,148,9499,3,4,0,1,374,128,0,0
spacious,34,hegemony-1,hegemony,1,300,,74751,75476,84,85,0.1243,0,241,237,112,112,88,59,67442,3,1,0,0,205,0,0,0
spacious,34,retaliation-1,retaliation,1,300,,12434,32977,23,56,0.034,0,242,258,86,86,121,57,81004,2,1,0,1,20,0,0,0
spacious,34,random-1,random,1,300,,208421,208421,223,223,0.3299,1,126,7,49,49,0,173,34155,4,3,0,3,62,0,0,0
spacious,35,peace-1,peace,1,300,,157353,163095,133,142,0.1967,0,0,80,0,0,35,167,20693,3,4,0,1,352,163,0,0
spacious,35,switzerland-1,switzerland,1,300,,196675,198784,156,163,0.2308,0,0,123,0,0,49,204,34119,4,6,0,1,572,366,0,0
spacious,35,hegemony-1,hegemony,1,300,,56961,56961,61,63,0.0902,0,230,227,96,96,106,70,86123,3,2,0,0,292,0,0,0
spacious,35,retaliation-1,retaliation,1,300,,75286,77484,81,85,0.1198,0,227,230,106,106,96,70,84749,2,2,0,0,232,203,0,0
spacious,35,random-1,random,1,300,,170301,170301,182,182,0.2692,1,203,0,84,84,0,97,53827,2,2,0,2,16,0,0,0
spacious,36,peace-1,peace,0,129,union,0,15753,0,81,0.0,0,0,89,0,0,40,120,1871,2,3,0,0,48,19,3,0
spacious,36,switzerland-1,switzerland,1,300,,168887,175736,158,180,0.2337,0,0,176,0,0,74,231,47297,3,4,0,2,222,134,0,0
spacious,36,hegemony-1,hegemony,1,300,,144404,144404,157,157,0.2322,0,252,0,108,108,0,48,43771,2,1,0,1,54,0,0,0
spacious,36,retaliation-1,retaliation,1,300,,251633,251633,244,244,0.3609,1,200,131,108,108,41,95,68954,3,6,0,1,232,153,3,1
spacious,36,random-1,random,1,300,,84567,98724,96,117,0.142,0,144,200,47,47,108,156,87825,2,2,0,2,24,0,0,0
spacious,37,peace-1,peace,0,109,union,0,10488,0,78,0.0,0,0,52,0,0,22,100,988,2,3,0,0,46,17,4,0
spacious,37,switzerland-1,switzerland,1,300,,209425,209425,179,179,0.2648,0,0,11,0,0,5,183,1701,3,4,0,1,449,239,0,0
spacious,37,hegemony-1,hegemony,1,300,,161489,161489,161,161,0.2382,0,235,86,119,119,24,65,52719,4,4,0,2,219,0,0,0
spacious,37,retaliation-1,retaliation,1,300,,285686,285686,269,269,0.3979,1,146,46,84,84,13,118,40032,4,8,0,2,359,256,4,1
spacious,37,random-1,random,1,300,,9249,67889,18,117,0.0266,0,143,329,42,42,181,156,117832,3,3,0,3,53,0,0,0
spacious,38,peace-1,peace,1,300,,172645,173943,145,151,0.2145,0,0,29,0,0,10,154,9164,3,4,0,1,380,224,0,0
spacious,38,switzerland-1,switzerland,1,300,,183576,185753,147,156,0.2175,0,0,159,0,0,61,207,39734,4,6,0,1,579,374,0,0
spacious,38,hegemony-1,hegemony,1,300,,73941,73941,77,77,0.1139,0,218,223,80,80,86,82,83160,3,2,0,0,239,0,0,0
spacious,38,retaliation-1,retaliation,1,300,,76640,83105,81,89,0.1198,0,223,218,86,86,80,74,84104,2,2,0,0,179,150,0,0
spacious,38,random-1,random,1,300,,172157,172157,184,184,0.2722,1,188,0,71,71,0,112,52426,2,2,0,2,35,0,0,0
spacious,39,peace-1,peace,0,137,union,0,18659,0,58,0.0,0,0,95,0,0,38,90,3942,4,6,0,1,165,96,0,0
spacious,39,switzerland-1,switzerland,1,300,,130739,130739,109,109,0.1612,0,0,7,0,0,1,109,76,4,6,0,1,548,265,0,0
spacious,39,hegemony-1,hegemony,1,300,,103763,103989,107,109,0.1583,0,231,137,95,95,58,69,84443,2,1,0,0,216,0,0,0
spacious,39,retaliation-1,retaliation,1,300,,92121,108642,98,130,0.145,0,226,294,99,99,121,66,116789,3,6,0,1,277,201,0,1
spacious,39,random-1,random,1,300,,144491,145057,160,161,0.2367,1,165,89,65,65,41,135,38732,3,3,0,3,28,0,0,0
spacious,40,peace-1,peace,1,300,,72154,112864,69,123,0.1021,0,0,256,0,0,116,184,68152,4,7,1,2,335,177,0,0
spacious,40,switzerland-1,switzerland,1,300,,223405,223963,191,192,0.2825,1,0,64,0,0,21,211,16498,4,6,0,1,449,243,0,0
spacious,40,hegemony-1,hegemony,1,300,,167519,167519,165,165,0.2441,0,242,133,135,135,29,58,47702,4,2,0,1,185,0,0,0
spacious,40,retaliation-1,retaliation,0,190,collapsed,0,9151,0,49,0.0,0,133,136,29,29,81,54,23881,3,4,0,0,172,106,0,0
spacious,40,random-1,random,1,300,,158813,158813,170,170,0.2515,0,214,0,83,83,0,86,51371,3,3,1,2,57,2,0,0
spacious,41,peace-1,peace,1,300,,155479,168138,147,151,0.2175,0,0,74,0,0,28,174,20671,3,3,0,1,295,206,0,0
spacious,41,switzerland-1,switzerland,1,300,,178111,178111,157,157,0.2322,0,0,167,0,0,59,215,36714,4,6,0,1,568,374,0,0
spacious,41,hegemony-1,hegemony,1,300,,136502,137211,137,138,0.2027,0,236,190,130,130,58,64,57631,4,2,0,1,189,0,0,0
spacious,41,retaliation-1,retaliation,0,246,collapsed,0,25294,0,53,0.0,0,187,186,55,55,108,54,55548,2,2,0,0,197,168,0,0
spacious,41,random-1,random,1,300,,149947,152575,162,164,0.2396,1,207,13,75,75,7,93,57324,3,1,0,1,7,0,0,0
spacious,42,peace-1,peace,1,300,,323114,328467,298,310,0.4408,1,0,127,0,0,50,193,31706,3,6,0,1,251,186,13,1
spacious,42,switzerland-1,switzerland,1,300,,204600,215367,186,186,0.2751,0,0,0,0,0,0,185,0,2,4,0,0,298,240,0,0
spacious,42,hegemony-1,hegemony,0,87,collapsed,0,430,0,24,0.0,0,62,61,13,13,35,25,1121,1,0,0,0,0,0,0,0
spacious,42,retaliation-1,retaliation,0,234,union,0,161328,0,154,0.0,0,122,75,63,63,16,106,18861,4,6,0,1,201,124,13,0
spacious,42,random-1,random,1,300,,173548,173548,186,186,0.2751,0,140,61,53,53,28,160,52880,2,2,0,2,26,0,0,0
spacious,43,peace-1,peace,1,300,,378107,378107,356,356,0.5266,1,0,17,0,0,5,206,3805,3,6,0,1,277,217,4,1
spacious,43,switzerland-1,switzerland,1,300,,132192,159994,122,156,0.1805,0,0,189,0,0,93,214,40863,3,5,0,1,345,285,0,0
spacious,43,hegemony-1,hegemony,0,161,collapsed,0,3954,0,41,0.0,0,118,117,26,26,66,43,10998,1,0,0,0,0,0,0,0
spacious,43,retaliation-1,retaliation,0,246,union,0,154773,0,153,0.0,0,117,118,66,66,26,113,7237,3,5,0,0,144,86,4,0
spacious,43,random-1,random,1,300,,181297,181297,193,193,0.2855,0,206,0,98,98,0,94,42110,2,2,0,2,4,0,0,0
spacious,44,peace-1,peace,1,300,,130048,132009,109,113,0.1612,0,0,53,0,0,10,118,11279,3,4,0,1,462,215,0,0
spacious,44,switzerland-1,switzerland,1,300,,249157,249157,192,192,0.284,1,0,0,0,0,0,191,0,3,5,0,0,557,374,0,0
spacious,44,hegemony-1,hegemony,1,300,,146925,147635,126,127,0.1864,0,230,134,98,98,43,70,69668,4,3,0,0,525,0,0,0
spacious,44,retaliation-1,retaliation,1,300,,208144,208144,175,175,0.2589,0,0,0,0,0,0,174,0,2,3,0,0,388,159,0,0
spacious,44,random-1,random,1,300,,55511,71076,69,92,0.1021,0,187,230,53,53,98,113,95260,2,1,0,1,16,0,0,0
spacious,45,peace-1,peace,0,88,union,0,6242,0,69,0.0,0,0,1,0,0,0,68,14,4,6,0,1,100,41,6,0
spacious,45,switzerland-1,switzerland,1,300,,67280,68366,63,76,0.0932,0,0,292,0,0,155,217,25076,3,3,0,1,276,240,0,0
spacious,45,hegemony-1,hegemony,1,300,,149379,149379,150,150,0.2219,0,255,63,130,130,26,45,44578,3,1,0,0,207,0,0,0
spacious,45,retaliation-1,retaliation,1,300,,277721,277721,245,245,0.3624,1,156,53,85,85,18,108,50126,1,4,0,0,463,227,6,1
spacious,45,random-1,random,1,300,,53841,98194,65,118,0.0962,0,220,222,103,103,119,80,107378,3,2,0,2,8,0,0,0
spacious,46,peace-1,peace,0,137,union,0,28069,0,97,0.0,0,0,80,0,0,35,129,2909,3,4,0,0,57,16,4,0
spacious,46,switzerland-1,switzerland,1,300,,107680,124895,101,135,0.1494,0,0,244,0,0,99,199,61805,4,5,0,2,259,143,0,0
spacious,46,hegemony-1,hegemony,1,300,,166649,166649,163,163,0.2411,0,238,0,100,100,0,62,44781,2,2,0,1,159,0,0,0
spacious,46,retaliation-1,retaliation,1,300,,320552,320552,282,282,0.4172,1,162,88,85,85,30,131,61630,3,7,0,1,339,159,4,1
spacious,46,random-1,random,1,300,,93797,107713,106,125,0.1568,0,174,162,64,64,85,126,91831,2,2,0,2,44,0,0,0
spacious,47,peace-1,peace,1,300,,119892,133565,117,118,0.1731,0,0,47,0,0,15,131,7418,3,4,0,2,411,164,0,0
spacious,47,switzerland-1,switzerland,1,300,,253992,253992,200,200,0.2959,1,0,0,0,0,0,199,0,3,5,0,0,579,375,0,0
spacious,47,hegemony-1,hegemony,1,300,,176726,176726,158,158,0.2337,0,236,170,130,130,37,64,64018,4,3,0,1,515,0,0,0
spacious,47,retaliation-1,retaliation,1,300,,228252,228252,193,193,0.2855,0,0,0,0,0,0,192,0,2,3,0,0,407,211,0,0
spacious,47,random-1,random,0,278,collapsed,0,31541,0,65,0.0,0,197,216,45,45,123,81,81041,2,1,0,1,16,0,0,0
spacious,48,peace-1,peace,0,107,union,0,14284,0,86,0.0,0,0,3,0,0,1,86,78,3,6,0,1,125,64,6,0
spacious,48,switzerland-1,switzerland,1,300,,98967,111078,92,116,0.1361,0,0,152,0,0,53,144,22333,4,5,0,1,330,270,0,0
spacious,48,hegemony-1,hegemony,1,300,,138952,138952,151,151,0.2234,0,224,20,84,84,10,76,48092,3,0,0,0,0,0,0,0
spacious,48,retaliation-1,retaliation,1,300,,270490,270548,260,260,0.3846,1,174,77,83,83,23,113,56757,3,5,0,0,305,246,6,1
spacious,48,random-1,random,1,300,,74165,96855,89,130,0.1317,0,131,277,47,47,127,168,106066,3,2,0,2,4,0,0,0
spacious,49,peace-1,peace,0,255,union,0,132571,0,110,0.0,0,0,28,0,0,13,118,9697,4,8,1,1,471,197,2,0
spacious,49,switzerland-1,switzerland,1,300,,150323,163622,137,141,0.2027,0,0,154,0,0,70,206,22161,4,6,1,1,564,467,0,0
spacious,49,hegemony-1,hegemony,1,300,,158989,158989,156,156,0.2308,0,230,56,105,105,19,69,55706,4,2,0,0,273,0,0,0
spacious,49,retaliation-1,retaliation,1,300,,340656,340656,298,298,0.4408,1,166,58,85,85,17,123,53107,4,7,0,1,385,213,2,1
spacious,49,random-1,random,1,300,,62913,127936,74,139,0.1095,0,155,255,53,53,124,144,122115,4,5,2,3,217,121,0,0
spacious,50,peace-1,peace,0,121,union,0,14393,0,83,0.0,0,0,70,0,0,35,117,1675,2,3,0,0,47,17,3,0
spacious,50,switzerland-1,switzerland,1,300,,69217,115170,65,140,0.0962,0,0,271,0,0,113,177,70654,3,4,0,2,233,194,0,0
spacious,50,hegemony-1,hegemony,1,300,,153383,153383,154,154,0.2278,0,244,43,115,115,18,56,57738,4,3,0,2,133,0,0,0
spacious,50,retaliation-1,retaliation,1,300,,292509,292509,244,244,0.3609,1,0,0,0,0,0,160,0,3,7,0,1,400,211,3,1
spacious,50,random-1,random,1,300,,199483,199483,211,211,0.3121,0,140,0,51,51,0,159,38491,2,1,0,1,7,0,0,0
spacious,51,peace-1,peace,0,98,union,0,9615,0,85,0.0,0,0,3,0,0,1,85,42,3,6,0,1,81,20,0,0
spacious,51,switzerland-1,switzerland,1,300,,252915,255312,235,248,0.3476,0,0,61,0,0,19,253,18436,2,3,0,1,238,208,0,0
spacious,51,hegemony-1,hegemony,1,300,,161575,161575,173,173,0.2559,0,186,55,76,76,18,114,40459,3,2,0,2,130,0,0,0
spacious,51,retaliation-1,retaliation,1,300,,283438,283438,268,268,0.3964,1,93,65,57,57,16,141,22731,3,5,0,2,383,218,0,1
spacious,51,random-1,random,0,159,collapsed,0,6233,0,59,0.0,0,72,167,11,11,90,87,14614,3,2,0,2,10,0,0,0
spacious,52,peace-1,peace,0,134,union,0,32833,0,98,0.0,0,0,45,0,0,18,115,2450,4,6,0,1,110,49,8,0
spacious,52,switzerland-1,switzerland,1,300,,85725,114013,80,134,0.1183,0,0,185,0,0,65,144,49640,3,5,1,2,288,207,0,0
spacious,52,hegemony-1,hegemony,1,300,,166181,166181,178,178,0.2633,0,191,0,68,68,0,109,50327,4,1,0,1,22,0,0,0
spacious,52,retaliation-1,retaliation,1,300,,289786,290454,277,278,0.4098,1,159,132,76,76,30,132,69872,3,3,0,0,211,180,8,1
spacious,52,random-1,random,1,300,,80780,96538,93,119,0.1376,0,176,164,48,48,79,123,93384,4,3,1,2,35,4,0,0
spacious,53,peace-1,peace,0,59,union,0,1610,0,57,0.0,0,0,0,0,0,0,57,0,1,3,0,0,39,9,3,0
spacious,53,switzerland-1,switzerland,1,300,,229244,231602,211,214,0.3121,0,0,163,0,0,61,271,20746,3,4,0,2,241,175,0,0
spacious,53,hegemony-1,hegemony,1,300,,190199,190199,183,183,0.2707,0,213,46,109,109,13,86,42656,3,2,0,1,92,0,0,0
spacious,53,retaliation-1,retaliation,1,300,,294486,294486,262,262,0.3876,1,186,59,106,106,10,107,45839,4,7,0,1,339,184,3,1
spacious,53,random-1,random,0,299,collapsed,0,71239,0,102,0.0,0,168,299,40,40,171,131,119031,3,2,0,2,37,0,0,0
spacious,54,peace-1,peace,0,121,union,0,25860,0,117,0.0,0,0,0,0,0,0,116,0,1,3,0,0,42,12,6,0
spacious,54,switzerland-1,switzerland,1,300,,150416,150776,149,155,0.2204,0,0,143,0,0,53,201,33588,3,4,0,2,376,209,0,0
spacious,54,hegemony-1,hegemony,1,300,,183048,183048,178,178,0.2633,0,238,85,130,130,15,62,45603,3,2,0,1,339,0,0,0
spacious,54,retaliation-1,retaliation,1,300,,345305,345305,297,297,0.4393,1,0,0,0,0,0,179,0,3,6,0,0,495,221,6,1
spacious,54,random-1,random,0,198,collapsed,0,10142,0,51,0.0,0,130,140,25,25,87,68,28849,2,1,0,1,14,0,0,0
spacious,55,peace-1,peace,0,115,union,0,4472,0,55,0.0,0,0,91,0,0,55,103,1135,3,5,0,0,89,31,4,0
spacious,55,switzerland-1,switzerland,1,300,,169834,169834,146,146,0.216,0,0,0,0,0,0,145,0,3,5,0,0,502,231,0,0
spacious,55,hegemony-1,hegemony,1,300,,51170,66774,57,79,0.0843,0,267,160,103,103,80,33,90607,3,1,0,0,213,0,0,0
spacious,55,retaliation-1,retaliation,1,300,,150583,151028,153,155,0.2263,0,203,271,101,101,90,92,103714,3,6,0,1,294,220,4,1
spacious,55,random-1,random,1,300,,208153,208153,224,224,0.3314,1,98,46,42,42,21,202,28972,2,1,0,1,16,0,0,0
spacious,56,peace-1,peace,1,300,,342757,342757,326,326,0.4822,1,0,89,0,0,22,234,17775,3,7,1,1,262,169,3,1
spacious,56,switzerland-1,switzerland,1,300,,183201,191912,168,181,0.2485,0,0,100,0,0,40,207,23295,3,5,0,1,290,207,0,0
spacious,56,hegemony-1,hegemony,0,132,collapsed,0,1551,0,30,0.0,0,102,99,27,27,55,30,4223,1,0,0,0,0,0,0,0
spacious,56,retaliation-1,retaliation,0,197,union,0,84500,0,112,0.0,0,99,102,55,55,27,84,3089,3,5,0,0,122,61,3,0
spacious,56,random-1,random,1,300,,162562,162562,174,174,0.2574,0,189,0,62,62,0,111,49356,2,3,1,2,62,5,0,0
spacious,57,peace-1,peace,1,300,,319950,322246,270,271,0.3994,1,0,85,0,0,15,174,16093,4,7,0,1,420,178,8,1
spacious,57,switzerland-1,switzerland,1,300,,211093,211093,179,185,0.2648,0,0,124,0,0,39,217,17288,4,6,0,1,345,230,0,0
spacious,57,hegemony-1,hegemony,1,300,,199348,199458,182,183,0.2692,0,205,36,95,95,9,95,45861,3,2,0,0,206,0,0,0
spacious,57,retaliation-1,retaliation,0,168,union,0,81181,0,110,0.0,0,70,33,31,31,15,93,10885,3,6,0,1,167,82,8,0
spacious,57,random-1,random,1,300,,31445,55328,43,92,0.0636,0,210,207,52,52,100,90,101059,4,3,0,3,58,0,0,0
spacious,58,peace-1,peace,1,300,,302466,302466,254,254,0.3757,1,0,74,0,0,10,147,12789,3,6,0,1,454,216,8,1
spacious,58,switzerland-1,switzerland,1,300,,197649,197649,203,203,0.3003,0,0,87,0,0,34,236,24817,3,4,0,2,317,180,0,0
spacious,58,hegemony-1,hegemony,1,300,,194759,194759,188,188,0.2781,0,232,34,130,130,11,68,39847,3,3,0,2,274,0,0,0
spacious,58,retaliation-1,retaliation,0,143,union,0,52531,0,115,0.0,0,35,7,14,14,0,101,2252,3,5,0,1,90,36,8,0
spacious,58,random-1,random,0,223,collapsed,0,18316,0,69,0.0,0,129,194,23,23,112,93,48573,4,4,0,4,41,0,0,0
spacious,59,peace-1,peace,1,300,,186795,186795,159,159,0.2352,0,0,5,0,0,2,160,469,3,4,0,1,376,174,0,0
spacious,59,switzerland-1,switzerland,1,300,,186770,186770,149,149,0.2204,0,0,10,0,0,4,152,239,4,6,0,1,668,375,0,0
spacious,59,hegemony-1,hegemony,1,300,,197730,197730,180,180,0.2663,1,212,141,135,135,44,88,75751,4,3,0,1,428,0,0,0
spacious,59,retaliation-1,retaliation,1,300,,89835,106418,95,119,0.1405,0,223,151,97,97,77,74,90478,3,4,0,2,317,201,0,0
spacious,59,random-1,random,0,170,collapsed,0,10174,0,65,0.0,0,63,191,17,17,122,105,19506,4,3,0,3,61,0,0,0
spacious,60,peace-1,peace,0,175,union,0,9799,0,55,0.0,0,0,191,0,0,116,139,6612,4,6,0,1,109,42,10,0
spacious,60,switzerland-1,switzerland,1,300,,175707,182499,148,161,0.2189,0,0,59,0,0,21,168,16811,4,6,0,1,446,171,0,0
spacious,60,hegemony-1,hegemony,1,300,,140321,140321,141,141,0.2086,0,270,68,137,137,27,30,49270,4,2,0,1,245,0,0,0
spacious,60,retaliation-1,retaliation,1,300,,259712,259712,250,250,0.3698,1,117,48,65,65,8,168,41311,3,6,0,1,266,163,10,1
spacious,60,random-1,random,1,300,,46307,104306,57,134,0.0843,0,214,235,82,82,112,86,118597,3,2,0,2,18,0,0,0
spacious,61,peace-1,peace,0,168,union,0,60641,0,101,0.0,0,0,117,0,0,51,143,11018,4,6,0,1,149,66,11,0
spacious,61,switzerland-1,switzerland,1,300,,116037,136656,106,119,0.1568,0,0,48,0,0,21,126,8755,4,6,0,2,466,252,0,0
spacious,61,hegemony-1,hegemony,1,300,,194495,194495,195,195,0.2885,0,204,30,109,109,10,95,44248,4,4,0,3,196,0,0,0
spacious,61,retaliation-1,retaliation,1,300,,325485,325485,308,308,0.4556,1,114,88,75,75,19,158,46020,3,7,0,1,326,218,11,1
spacious,61,random-1,random,0,288,collapsed,0,81084,0,117,0.0,0,204,239,67,67,150,83,117307,3,3,0,3,39,0,0,0
spacious,62,peace-1,peace,1,300,,178681,183964,151,161,0.2234,0,0,86,0,0,31,181,24094,3,3,0,0,313,134,0,0
spacious,62,switzerland-1,switzerland,1,300,,203710,203710,175,175,0.2589,1,0,0,0,0,0,174,0,2,3,0,0,333,134,0,0
spacious,62,hegemony-1,hegemony,1,300,,104913,104913,100,100,0.1479,0,244,166,105,105,62,56,59771,4,2,0,0,320,0,0,0
spacious,62,retaliation-1,retaliation,0,159,collapsed,0,4700,0,40,0.0,0,118,138,35,35,75,41,11284,2,0,0,0,0,0,0,0
spacious,62,random-1,random,1,300,,151592,152903,165,170,0.2441,0,163,135,74,74,46,136,76306,3,0,0,0,0,0,0,0
spacious,63,peace-1,peace,0,97,union,0,5608,0,64,0.0,0,0,45,0,0,26,89,789,4,6,0,1,99,14,6,0
spacious,63,switzerland-1,switzerland,1,300,,139483,139777,117,121,0.1731,0,0,33,0,0,7,123,8362,4,6,1,1,474,209,0,0
spacious,63,hegemony-1,hegemony,1,300,,171676,171676,174,174,0.2574,0,237,59,123,123,13,63,44382,3,1,0,0,196,0,0,0
spacious,63,retaliation-1,retaliation,1,300,,284071,284071,273,273,0.4038,1,150,51,83,83,4,129,40139,2,6,1,1,291,219,6,1
spacious,63,random-1,random,0,299,collapsed,0,73080,0,111,0.0,0,143,342,25,25,181,156,122210,3,5,2,3,98,6,0,0
spacious,64,peace-1,peace,1,300,,141370,145802,120,126,0.1775,0,0,59,0,0,23,142,15609,3,4,0,1,410,205,0,0
spacious,64,switzerland-1,switzerland,1,300,,103772,117385,95,125,0.1405,0,0,80,0,0,34,128,20438,2,2,0,0,234,205,0,0
spacious,64,hegemony-1,hegemony,1,300,,122434,122434,126,126,0.1864,0,208,207,95,95,62,92,79095,3,1,0,0,174,0,0,0
spacious,64,retaliation-1,retaliation,1,300,,38883,55131,51,84,0.0754,0,210,218,64,64,101,87,92464,2,1,0,1,12,0,0,0
spacious,64,random-1,random,1,300,,193433,193433,208,208,0.3077,1,154,8,65,65,4,146,38773,4,2,0,2,14,0,0,0
spacious,65,peace-1,peace,0,112,union,0,12846,0,80,0.0,0,0,37,0,0,22,96,1076,4,6,0,1,105,40,9,0
spacious,65,switzerland-1,switzerland,1,300,,256947,256947,218,218,0.3225,0,0,69,0,0,26,243,7911,3,4,0,1,315,212,0,0
spacious,65,hegemony-1,hegemony,1,300,,203981,203981,189,189,0.2796,0,220,36,120,120,12,80,42438,4,3,0,1,161,0,0,0
spacious,65,retaliation-1,retaliation,1,300,,277359,277359,249,249,0.3683,1,174,117,93,93,33,113,60975,3,6,0,2,362,206,9,1
spacious,65,random-1,random,0,300,conquered,0,77048,0,118,0.0,0,181,316,58,58,178,119,129126,4,3,0,3,45,0,0,0
spacious,66,peace-1,peace,1,300,,328216,328919,279,279,0.4127,1,0,25,0,0,4,157,7201,4,7,1,1,497,112,2,1
spacious,66,switzerland-1,switzerland,1,300,,182928,182928,174,174,0.2574,0,0,168,0,0,97,270,12766,4,4,0,1,418,246,0,0
spacious,66,hegemony-1,hegemony,1,300,,168789,168789,170,170,0.2515,0,255,91,145,145,20,44,50864,4,1,0,0,195,0,0,0
spacious,66,retaliation-1,retaliation,0,225,union,0,128051,0,125,0.0,0,143,65,64,64,14,74,29573,4,6,0,1,249,184,2,0
spacious,66,random-1,random,1,300,,34081,67066,44,91,0.0651,0,182,231,39,39,113,117,99812,4,4,1,3,93,22,0,0
spacious,67,peace-1,peace,1,300,,68915,80805,63,82,0.0932,0,0,48,0,0,21,83,11977,2,2,0,0,261,232,0,0
spacious,67,switzerland-1,switzerland,1,300,,188096,188096,149,149,0.2204,0,0,61,0,0,26,174,18050,4,6,0,1,626,387,0,0
spacious,67,hegemony-1,hegemony,1,300,,84197,85190,90,90,0.1331,0,225,197,91,91,77,75,75787,3,1,0,0,168,0,0,0
spacious,67,retaliation-1,retaliation,1,300,,34061,50936,44,72,0.0651,0,222,269,82,82,115,76,94100,3,2,0,0,184,155,0,0
spacious,67,random-1,random,1,300,,191290,191290,205,205,0.3033,1,162,34,77,77,11,138,46231,4,1,0,1,13,0,0,0
spacious,68,peace-1,peace,1,300,,213244,220199,184,196,0.2722,0,0,162,0,0,71,183,37996,4,8,0,2,401,182,5,1
spacious,68,switzerland-1,switzerland,1,300,,284835,284835,268,270,0.3964,1,0,26,0,0,9,276,7554,3,5,0,1,275,206,0,0
spacious,68,hegemony-1,hegemony,1,300,,31439,31439,29,39,0.0429,0,142,143,45,45,72,55,20151,2,2,0,1,154,0,0,0
spacious,68,retaliation-1,retaliation,0,187,union,0,47745,0,71,0.0,0,143,142,72,72,45,43,15609,3,5,0,0,119,60,5,0
spacious,68,random-1,random,1,300,,181073,181073,193,193,0.2855,0,188,0,80,80,0,112,45545,2,2,0,2,17,0,0,0
spacious,69,peace-1,peace,1,300,,119511,119511,144,144,0.213,0,0,192,0,0,79,222,43259,2,2,0,2,142,0,0,0
spacious,69,switzerland-1,switzerland,1,300,,126521,128594,119,119,0.176,0,0,12,0,0,5,123,4229,2,3,1,1,281,4,0,0
spacious,69,hegemony-1,hegemony,1,300,,112759,112759,114,114,0.1686,0,261,127,115,115,41,39,52930,4,2,0,1,372,0,0,0
spacious,69,retaliation-1,retaliation,0,126,collapsed,0,1539,0,32,0.0,0,93,93,25,25,56,33,4025,1,0,0,0,0,0,0,0
spacious,69,random-1,random,1,300,,187180,187180,200,200,0.2959,1,141,71,64,64,23,158,41234,3,3,1,2,51,4,0,0
spacious,70,peace-1,peace,0,136,union,0,45002,0,133,0.0,0,0,0,0,0,0,132,0,1,3,0,0,40,10,5,0
spacious,70,switzerland-1,switzerland,1,300,,168265,170404,141,144,0.2086,0,0,36,0,0,7,147,7290,3,4,0,1,408,194,0,0
spacious,70,hegemony-1,hegemony,1,300,,168038,168038,157,157,0.2322,0,240,147,132,132,36,60,63345,3,2,0,0,291,0,0,0
spacious,70,retaliation-1,retaliation,1,300,,404082,404082,338,338,0.5,1,0,0,0,0,0,204,0,3,6,0,0,377,204,5,1
spacious,70,random-1,random,1,300,,19346,50842,29,77,0.0429,0,183,240,43,43,132,117,94691,2,1,0,1,8,0,0,0
spacious,71,peace-1,peace,1,300,,347758,347758,292,292,0.432,1,0,11,0,0,1,160,1057,4,7,0,1,413,173,2,1
spacious,71,switzerland-1,switzerland,1,300,,132645,150389,123,159,0.182,0,0,212,0,0,93,215,38650,2,2,0,0,190,161,0,0
spacious,71,hegemony-1,hegemony,1,300,,181667,181667,177,177,0.2618,0,249,11,125,125,0,51,40537,4,2,0,0,224,0,0,0
spacious,71,retaliation-1,retaliation,0,206,union,0,127833,0,132,0.0,0,134,36,82,82,8,57,4035,3,5,0,1,101,12,2,0
spacious,71,random-1,random,0,168,collapsed,0,5894,0,49,0.0,0,58,171,9,9,114,109,12074,3,2,0,2,12,0,0,0
spacious,72,peace-1,peace,1,300,,231189,231189,196,196,0.2899,0,0,60,0,0,20,191,12682,3,7,0,2,345,151,3,1
spacious,72,switzerland-1,switzerland,1,300,,262844,262844,226,229,0.3343,1,0,91,0,0,31,256,22210,3,5,0,2,271,144,0,0
spacious,72,hegemony-1,hegemony,1,300,,131677,131677,123,123,0.182,0,241,106,95,95,32,59,52636,4,4,0,2,171,0,0,0
spacious,72,retaliation-1,retaliation,0,130,union,0,4982,0,45,0.0,0,80,96,20,20,44,47,5763,4,5,0,1,73,7,3,0
spacious,72,random-1,random,1,300,,116436,121971,129,136,0.1908,0,184,152,67,67,55,116,82653,4,3,0,3,48,0,0,0
spacious,73,peace-1,peace,0,128,union,0,26671,0,106,0.0,0,0,36,0,0,14,119,1111,2,4,0,1,49,12,4,0
spacious,73,switzerland-1,switzerland,1,300,,119681,150171,112,164,0.1657,0,0,217,0,0,87,198,56523,3,4,0,2,134,94,0,0
spacious,73,hegemony-1,hegemony,1,300,,172913,172913,176,176,0.2604,0,186,20,68,68,7,114,46463,3,2,0,1,23,0,0,0
spacious,73,retaliation-1,retaliation,1,300,,319286,319286,290,290,0.429,1,180,129,106,106,34,111,60619,3,6,0,0,184,106,4,1
spacious,73,random-1,random,1,300,,59179,77671,71,103,0.105,0,198,162,68,68,100,102,92412,3,2,0,2,14,0,0,0
spacious,74,peace-1,peace,0,158,union,0,37042,0,92,0.0,0,0,136,0,0,58,149,5847,4,5,0,1,74,12,4,0
spacious,74,switzerland-1,switzerland,1,300,,185754,191041,187,187,0.2766,0,0,34,0,0,9,195,9938,3,4,0,1,344,139,0,0
spacious,74,hegemony-1,hegemony,1,300,,174695,174695,171,171,0.253,0,238,29,115,115,7,62,41953,4,3,0,2,185,0,0,0
spacious,74,retaliation-1,retaliation,1,300,,299966,299966,273,273,0.4038,1,187,77,102,102,22,100,36463,4,8,0,2,266,151,4,1
spacious,74,random-1,random,0,267,collapsed,0,48482,0,88,0.0,0,145,294,45,45,166,121,85783,3,2,0,2,25,0,0,0
spacious,75,peace-1,peace,0,90,union,0,5569,0,66,0.0,0,0,17,0,0,8,73,308,2,4,0,1,64,24,4,0
spacious,75,switzerland-1,switzerland,1,300,,312785,312785,295,295,0.4364,1,0,0,0,0,0,294,0,2,3,0,0,217,177,0,0
spacious,75,hegemony-1,hegemony,1,300,,48865,67879,58,87,0.0858,0,246,184,94,94,91,54,94651,3,2,0,1,12,0,0,0
spacious,75,retaliation-1,retaliation,1,300,,199281,199281,197,197,0.2914,0,223,213,119,119,62,73,81754,4,7,0,2,271,201,4,1
spacious,75,random-1,random,0,136,collapsed,0,3312,0,52,0.0,0,72,127,22,22,74,64,7405,3,2,0,2,22,0,0,0
spacious,76,peace-1,peace,0,208,union,0,120651,0,103,0.0,0,0,32,0,0,12,114,3785,4,7,0,1,319,161,4,0
spacious,76,switzerland-1,switzerland,1,300,,178107,179408,162,165,0.2396,0,0,21,0,0,4,165,5159,3,5,0,1,396,325,0,0
spacious,76,hegemony-1,hegemony,1,300,,183670,184263,184,185,0.2722,0,203,93,111,111,21,93,42658,3,2,0,0,211,0,0,0
spacious,76,retaliation-1,retaliation,1,300,,383067,383067,330,330,0.4882,1,49,15,34,34,1,193,12777,3,6,0,0,424,238,4,1
spacious,76,random-1,random,0,263,collapsed,0,50513,0,78,0.0,0,156,247,37,37,144,107,85589,3,2,0,2,30,0,0,0
spacious,77,peace-1,peace,0,273,union,0,84890,0,90,0.0,0,0,221,0,0,96,169,38667,3,5,0,0,269,211,1,0
spacious,77,switzerland-1,switzerland,1,300,,96122,124519,92,113,0.1361,0,0,143,0,0,64,155,43168,4,6,0,2,605,349,0,0
spacious,77,hegemony-1,hegemony,1,300,,168022,168022,161,161,0.2382,0,250,0,110,110,0,50,43345,4,2,0,1,357,0,0,0
spacious,77,retaliation-1,retaliation,1,300,,303300,304102,264,265,0.3905,1,106,54,44,44,17,162,48287,4,7,0,1,433,172,1,1
spacious,77,random-1,random,1,300,,142040,145714,155,160,0.2293,0,168,106,67,67,44,131,82158,3,2,0,2,38,0,0,0
spacious,78,peace-1,peace,1,300,,264060,270839,244,258,0.3609,1,0,94,0,0,29,160,27670,3,6,0,2,326,252,4,1
spacious,78,switzerland-1,switzerland,1,300,,209959,209959,191,191,0.2825,0,0,0,0,0,0,190,0,3,5,0,0,405,299,0,0
spacious,78,hegemony-1,hegemony,0,154,collapsed,0,2467,0,34,0.0,0,117,115,36,36,69,37,8284,2,1,0,0,48,0,0,0
spacious,78,retaliation-1,retaliation,0,206,union,0,98222,0,112,0.0,0,115,117,69,69,36,78,6228,4,6,0,0,170,73,4,0
spacious,78,random-1,random,1,300,,224836,224836,236,236,0.3491,0,94,0,29,29,0,206,31494,2,2,0,2,53,0,0,0
spacious,79,peace-1,peace,0,153,union,0,74221,0,136,0.0,0,0,15,0,0,4,139,1430,4,7,0,1,85,18,1,0
spacious,79,switzerland-1,switzerland,1,300,,27151,75621,26,103,0.0385,0,0,277,0,0,136,161,56794,4,5,0,1,304,229,0,0
spacious,79,hegemony-1,hegemony,1,300,,151147,151594,151,152,0.2234,0,253,53,127,127,24,47,58107,4,2,0,0,228,0,0,0
spacious,79,retaliation-1,retaliation,1,300,,354920,354920,310,310,0.4586,1,138,63,67,67,18,124,53275,3,6,0,0,528,241,1,1
spacious,79,random-1,random,1,300,,121715,129231,134,145,0.1982,0,155,138,55,55,67,145,85802,3,2,0,2,19,0,0,0
spacious,80,peace-1,peace,0,80,union,0,2733,0,59,0.0,0,0,41,0,0,16,74,326,2,3,0,0,41,10,5,0
spacious,80,switzerland-1,switzerland,1,300,,159352,160753,137,153,0.2027,0,0,106,0,0,44,180,22645,3,4,0,1,205,127,0,0
spacious,80,hegemony-1,hegemony,1,300,,107090,107090,114,114,0.1686,0,248,94,100,100,39,52,54609,4,2,0,1,43,0,0,0
spacious,80,retaliation-1,retaliation,1,300,,211119,211119,202,202,0.2988,1,202,91,85,85,31,88,52134,4,7,0,2,223,137,5,1
spacious,80,random-1,random,1,300,,83963,109976,98,138,0.145,0,147,265,59,59,114,152,107659,3,2,0,2,32,0,0,0
spacious,81,peace-1,peace,1,300,,198355,198355,167,167,0.247,1,0,89,0,0,21,187,14566,3,4,0,1,302,137,0,0
spacious,81,switzerland-1,switzerland,1,300,,190188,190188,153,153,0.2263,0,0,29,0,0,5,157,4387,4,6,0,1,632,336,0,0
spacious,81,hegemony-1,hegemony,1,300,,183955,191226,165,169,0.2441,0,243,92,138,138,31,57,60023,4,3,0,1,522,0,0,0
spacious,81,retaliation-1,retaliation,1,300,,111581,129664,114,115,0.1686,0,58,56,24,24,19,108,38101,2,3,0,1,412,199,0,0
spacious,81,random-1,random,0,242,collapsed,0,24894,0,66,0.0,0,152,187,33,33,119,90,58708,3,2,0,2,34,0,0,0
spacious,82,peace-1,peace,1,300,,316602,318682,269,275,0.3979,1,0,143,0,0,26,187,34288,3,5,0,1,322,17,4,1
spacious,82,switzerland-1,switzerland,1,300,,121968,133505,114,142,0.1686,0,0,229,0,0,113,226,43436,2,1,0,0,169,0,0,0
spacious,82,hegemony-1,hegemony,1,300,,191048,191048,185,185,0.2737,0,229,0,113,113,0,71,40150,3,1,0,0,159,0,0,0
spacious,82,retaliation-1,retaliation,0,187,union,0,91226,0,106,0.0,0,129,65,73,73,21,54,14208,4,5,0,1,103,17,4,0
spacious,82,random-1,random,1,300,,52105,52105,67,67,0.0991,0,208,129,47,47,73,92,67138,2,2,0,2,5,0,0,0
spacious,83,peace-1,peace,1,300,,106535,125821,98,125,0.145,0,0,80,0,0,34,131,23235,2,3,0,1,273,225,0,0
spacious,83,switzerland-1,switzerland,1,300,,224325,224956,173,177,0.2559,0,0,12,0,0,5,177,4661,4,6,0,1,641,458,0,0
spacious,83,hegemony-1,hegemony,1,300,,5378,24968,12,51,0.0178,0,245,252,81,81,125,55,77643,3,1,0,0,121,0,0,0
spacious,83,retaliation-1,retaliation,1,300,,81353,81353,92,92,0.1361,0,243,245,118,118,81,54,64715,3,2,0,0,262,233,0,0
spacious,83,random-1,random,1,300,,230184,230184,245,245,0.3624,1,101,0,46,46,0,198,26661,4,2,0,2,23,0,0,0
spacious,84,peace-1,peace,1,300,,218596,218596,187,187,0.2766,1,0,0,0,0,0,186,0,2,3,0,0,309,211,0,0
spacious,84,switzerland-1,switzerland,1,300,,220151,220151,170,170,0.2515,0,0,0,0,0,0,169,0,3,5,0,0,700,456,0,0
spacious,84,hegemony-1,hegemony,1,300,,157511,157511,146,146,0.216,0,258,199,151,151,48,42,63929,4,3,0,1,347,0,0,0
spacious,84,retaliation-1,retaliation,1,300,,130441,164269,128,139,0.1893,0,44,44,14,14,24,137,32837,2,3,0,1,370,245,0,0
spacious,84,random-1,random,0,253,collapsed,0,21749,0,52,0.0,0,155,214,34,34,127,98,53905,1,0,0,0,0,0,0,0
spacious,85,peace-1,peace,0,69,union,0,2577,0,65,0.0,0,0,1,0,0,0,65,8,2,3,0,0,39,10,3,0
spacious,85,switzerland-1,switzerland,1,300,,223344,223839,209,212,0.3092,0,0,96,0,0,38,246,23762,3,3,0,0,249,174,0,0
spacious,85,hegemony-1,hegemony,0,257,collapsed,0,25166,0,69,0.0,0,177,166,32,32,109,80,64605,2,1,0,0,44,0,0,0
spacious,85,retaliation-1,retaliation,1,300,,226976,226976,221,221,0.3269,1,217,243,131,131,55,78,73621,3,5,0,0,244,184,3,1
spacious,85,random-1,random,1,300,,163978,169283,176,183,0.2604,0,163,51,61,61,22,136,58664,2,0,0,0,0,0,0,0
spacious,86,peace-1,peace,0,117,union,0,22050,0,112,0.0,0,0,0,0,0,0,111,0,1,3,0,0,42,11,6,0
spacious,86,switzerland-1,switzerland,1,300,,176810,181012,149,159,0.2204,0,0,60,0,0,26,174,20509,3,4,0,1,304,113,0,0
spacious,86,hegemony-1,hegemony,1,300,,169634,169634,155,155,0.2293,0,238,89,119,119,27,62,57194,3,2,0,0,378,0,0,0
spacious,86,retaliation-1,retaliation,1,300,,341068,341068,285,285,0.4216,1,0,0,0,0,0,172,0,3,6,0,0,403,124,6,1
spacious,86,random-1,random,1,300,,73095,81017,86,105,0.1272,0,149,238,53,53,119,151,89106,2,1,0,1,3,0,0,0
spacious,87,peace-1,peace,1,300,,184215,215214,171,204,0.253,0,0,161,0,0,49,176,42728,2,5,1,1,220,158,4,1
spacious,87,switzerland-1,switzerland,1,300,,211546,217008,178,196,0.2633,0,0,72,0,0,32,209,23020,3,4,0,1,318,161,0,0
spacious,87,hegemony-1,hegemony,1,300,,118429,118429,119,119,0.176,0,191,106,66,66,34,86,37147,2,1,0,0,99,0,0,0
spacious,87,retaliation-1,retaliation,0,159,union,0,21243,0,55,0.0,0,106,110,34,34,44,52,11924,3,5,0,0,92,34,4,0
spacious,87,random-1,random,1,300,,196223,196223,208,208,0.3077,1,152,0,59,59,0,148,44905,2,3,1,2,63,1,0,0
spacious,88,peace-1,peace,0,77,union,0,3547,0,66,0.0,0,0,7,0,0,2,67,69,2,3,0,0,40,11,5,0
spacious,88,switzerland-1,switzerland,1,300,,84530,92226,77,115,0.1139,0,0,166,0,0,88,164,29362,3,3,0,1,279,242,0,0
spacious,88,hegemony-1,hegemony,1,300,,175302,175302,188,188,0.2781,0,223,15,115,115,5,77,42263,3,0,0,0,0,0,0,0
spacious,88,retaliation-1,retaliation,1,300,,243557,243557,235,235,0.3476,1,214,103,121,121,28,75,56406,3,5,0,0,312,253,5,1
spacious,88,random-1,random,1,300,,48124,80524,62,102,0.0917,0,126,272,36,36,149,174,92948,3,1,0,1,7,0,0,0
spacious,89,peace-1,peace,1,300,,293235,293235,259,259,0.3831,1,0,43,0,0,15,182,13165,3,5,0,1,268,52,2,1
spacious,89,switzerland-1,switzerland,1,300,,150321,154787,127,136,0.1879,0,0,72,0,0,33,159,22583,3,4,0,1,397,150,0,0
spacious,89,hegemony-1,hegemony,1,300,,246,19120,2,41,0.003,0,220,223,70,70,113,44,55917,4,2,0,0,362,0,0,0
spacious,89,retaliation-1,retaliation,0,267,union,0,80909,0,90,0.0,0,209,220,105,105,70,55,42053,4,5,0,0,199,134,2,0
spacious,89,random-1,random,1,300,,215161,215161,228,228,0.3373,0,129,0,56,56,0,171,37582,4,2,0,2,36,0,0,0
spacious,90,peace-1,peace,1,300,,262390,267822,247,247,0.3654,1,0,73,0,0,28,184,19800,3,6,0,1,293,221,2,1
spacious,90,switzerland-1,switzerland,1,300,,229900,250131,209,211,0.3092,0,0,9,0,0,4,212,3004,3,5,0,1,367,301,0,0
spacious,90,hegemony-1,hegemony,0,201,collapsed,0,8418,0,46,0.0,0,149,134,36,36,82,52,24429,1,0,0,0,0,0,0,0
spacious,90,retaliation-1,retaliation,0,280,union,0,92208,0,90,0.0,0,224,221,107,107,72,54,59181,4,6,0,1,170,100,2,0
spacious,90,random-1,random,1,300,,176905,176905,189,189,0.2796,0,154,90,68,68,25,145,59387,3,3,0,3,26,0,0,0
spacious,91,peace-1,peace,0,100,union,0,10689,0,90,0.0,0,0,0,0,0,0,89,0,1,3,0,0,50,19,5,0
spacious,91,switzerland-1,switzerland,1,300,,10250,76215,10,114,0.0148,0,0,235,0,0,114,123,67570,3,3,0,1,253,211,0,0
spacious,91,hegemony-1,hegemony,1,300,,139536,139536,143,143,0.2115,0,188,88,78,78,48,112,65269,3,1,0,0,57,0,0,0
spacious,91,retaliation-1,retaliation,1,300,,351237,351237,307,307,0.4541,1,120,39,64,64,4,156,32799,4,7,0,1,356,230,5,1
spacious,91,random-1,random,1,300,,163670,166070,177,181,0.2618,0,146,92,71,71,47,152,65505,3,2,0,2,20,0,0,0
spacious,92,peace-1,peace,0,82,union,0,4392,0,74,0.0,0,0,12,0,0,4,77,179,3,4,0,0,60,11,5,0
spacious,92,switzerland-1,switzerland,1,300,,168110,169080,143,163,0.2115,0,0,85,0,0,30,172,21232,3,4,0,1,306,197,0,0
spacious,92,hegemony-1,hegemony,1,300,,66671,66671,73,75,0.108,0,221,115,48,48,55,79,74102,2,1,0,0,42,0,0,0
spacious,92,retaliation-1,retaliation,1,300,,196666,196673,194,194,0.287,1,207,267,92,92,60,87,99023,2,5,0,1,290,208,5,1
spacious,92,random-1,random,1,300,,154554,155995,167,169,0.247,0,143,92,46,46,37,157,66468,2,2,0,2,56,0,0,0
spacious,93,peace-1,peace,0,93,union,0,7803,0,86,0.0,0,0,1,0,0,1,86,41,3,6,1,1,85,12,7,0
spacious,93,switzerland-1,switzerland,1,300,,143055,144628,136,146,0.2012,0,0,84,0,0,32,167,26284,4,4,0,1,409,219,0,0
spacious,93,hegemony-1,hegemony,1,300,,184554,184554,179,179,0.2648,0,224,21,107,107,5,76,42476,3,2,0,1,307,0,0,0
spacious,93,retaliation-1,retaliation,1,300,,335260,335260,286,286,0.4231,1,120,64,82,82,11,128,24566,3,6,0,0,452,231,7,1
spacious,93,random-1,random,0,235,collapsed,0,33711,0,89,0.0,0,88,262,18,18,158,146,61618,3,2,1,1,31,0,0,0
spacious,94,peace-1,peace,1,300,,197279,197279,168,168,0.2485,0,0,0,0,0,0,167,0,3,4,0,0,370,189,0,0
spacious,94,switzerland-1,switzerland,1,300,,239498,240591,206,209,0.3047,1,0,106,0,0,39,244,22302,3,3,0,0,313,189,0,0
spacious,94,hegemony-1,hegemony,1,300,,135053,135053,126,126,0.1864,0,254,171,127,127,48,46,57604,4,2,0,0,244,0,0,0
spacious,94,retaliation-1,retaliation,0,153,collapsed,0,3495,0,39,0.0,0,109,115,27,27,69,44,8957,2,1,0,0,3,0,0,0
spacious,94,random-1,random,1,300,,121234,121234,135,138,0.1997,0,168,139,60,60,58,132,78265,2,0,0,0,0,0,0,0
spacious,95,peace-1,peace,1,300,,362273,369933,303,319,0.4482,1,0,65,0,0,26,174,18366,3,7,0,1,363,168,2,1
spacious,95,switzerland-1,switzerland,1,300,,39845,84947,38,112,0.0562,0,0,329,0,0,139,176,67363,4,6,0,2,241,161,0,0
spacious,95,hegemony-1,hegemony,1,300,,164062,164062,163,163,0.2411,0,212,50,87,87,13,88,51285,3,2,0,1,110,0,0,0
spacious,95,retaliation-1,retaliation,0,179,union,0,117306,0,153,0.0,0,21,12,3,3,5,155,783,3,5,0,0,77,19,2,0
spacious,95,random-1,random,1,300,,159113,159113,171,171,0.253,0,223,0,93,93,0,77,47385,3,2,0,2,49,0,0,0
spacious,96,peace-1,peace,0,121,union,0,9260,0,68,0.0,0,0,103,0,0,50,110,2131,4,5,0,1,84,16,6,0
spacious,96,switzerland-1,switzerland,1,300,,204084,207659,190,203,0.2811,0,0,170,0,0,55,244,41142,3,4,0,1,272,184,0,0
spacious,96,hegemony-1,hegemony,1,300,,126983,126983,138,138,0.2041,0,259,1,96,96,0,41,47851,3,1,0,1,30,0,0,0
spacious,96,retaliation-1,retaliation,1,300,,223999,224798,219,221,0.324,1,179,170,95,95,53,115,78212,3,6,0,1,272,200,6,1
spacious,96,random-1,random,1,300,,68893,93427,80,116,0.1183,0,187,181,62,62,95,112,95905,3,2,0,2,24,0,0,0
spacious,97,peace-1,peace,1,300,,1070,45442,1,80,0.0015,0,0,278,0,0,136,136,52581,3,3,0,1,253,219,0,0
spacious,97,switzerland-1,switzerland,1,300,,226230,231734,175,184,0.2589,0,0,65,0,0,18,192,13657,4,6,0,1,624,431,0,0
spacious,97,hegemony-1,hegemony,1,300,,154560,154904,153,156,0.2263,0,219,75,103,103,32,81,62426,3,1,0,0,133,0,0,0
spacious,97,retaliation-1,retaliation,1,300,,216157,216157,197,197,0.2914,1,0,0,0,0,0,196,0,1,2,0,0,241,212,0,0
spacious,97,random-1,random,1,300,,133432,133618,147,147,0.2175,0,235,36,99,99,16,63,58847,3,2,0,2,7,0,0,0
spacious,98,peace-1,peace,0,206,union,0,151061,0,142,0.0,0,0,60,0,0,19,157,7976,4,7,0,1,186,77,3,0
spacious,98,switzerland-1,switzerland,1,300,,185873,185873,169,169,0.25,0,0,0,0,0,0,168,0,2,4,0,0,350,290,0,0
spacious,98,hegemony-1,hegemony,1,300,,176688,185120,180,180,0.2663,0,186,73,103,103,22,98,36398,3,2,0,1,184,0,0,0
spacious,98,retaliation-1,retaliation,1,300,,357128,391618,327,330,0.4837,1,55,48,37,37,8,158,23906,3,6,0,1,455,233,3,1
spacious,98,random-1,random,0,256,collapsed,0,46563,0,77,0.0,0,164,224,42,42,133,92,80391,2,1,0,1,23,0,0,0
spacious,99,peace-1,peace,1,300,,210367,210367,177,177,0.2618,1,0,0,0,0,0,176,0,4,5,0,0,370,208,0,0
spacious,99,switzerland-1,switzerland,1,300,,186299,191752,158,174,0.2337,0,0,148,0,0,49,206,36885,4,5,0,0,393,214,0,0
spacious,99,hegemony-1,hegemony,1,300,,111064,111246,104,104,0.1538,0,253,184,125,125,69,47,53596,4,2,0,0,229,0,0,0
spacious,99,retaliation-1,retaliation,0,206,collapsed,0,9644,0,41,0.0,0,162,162,54,54,97,44,26195,3,3,0,0,54,6,0,0
spacious,99,random-1,random,1,300,,156182,156182,167,168,0.247,0,170,91,64,64,28,130,71432,3,1,0,0,6,0,0,0
strong_defence,0,peace-1,peace,0,62,union,0,1829,0,51,0.0,0,0,2,0,0,0,50,24,3,5,0,1,73,11,6,0
strong_defence,0,switzerland-1,switzerland,1,300,,60488,60488,55,55,0.2148,0,0,8,0,0,2,56,73,2,3,0,1,263,219,0,0
strong_defence,0,hegemony-1,hegemony,1,300,,78068,78068,71,71,0.2773,0,66,34,27,27,7,50,1399,2,1,0,0,266,0,0,0
strong_defence,0,retaliation-1,retaliation,1,300,,155961,155961,130,130,0.5078,1,45,17,30,30,4,52,1015,3,6,0,1,545,230,6,1
strong_defence,0,random-1,random,0,108,collapsed,0,1498,0,45,0.0,0,61,111,13,13,57,46,3352,4,3,0,3,17,0,0,0
strong_defence,1,peace-1,peace,1,300,,141605,141605,120,120,0.4688,1,0,18,0,0,3,88,103,3,6,0,1,559,247,7,1
strong_defence,1,switzerland-1,switzerland,1,300,,76779,76779,64,64,0.25,0,0,7,0,0,3,66,41,4,5,0,1,559,232,0,0
strong_defence,1,hegemony-1,hegemony,1,300,,75581,75581,63,63,0.2461,0,33,12,19,19,1,44,257,3,2,0,0,541,0,0,0
strong_defence,1,retaliation-1,retaliation,0,66,union,0,1537,0,34,0.0,0,41,9,14,14,1,20,267,4,5,0,0,96,15,7,0
strong_defence,1,random-1,random,0,73,collapsed,0,421,0,26,0.0,0,46,74,8,8,33,27,861,4,2,0,2,7,0,0,0
strong_defence,2,peace-1,peace,1,300,,75580,75580,63,63,0.2461,0,0,4,0,0,2,64,49,3,4,0,1,533,227,0,0
strong_defence,2,switzerland-1,switzerland,1,300,,84475,84475,65,65,0.2539,0,0,0,0,0,0,64,0,3,5,0,0,801,460,0,0
strong_defence,2,hegemony-1,hegemony,1,300,,66281,66281,51,51,0.1992,0,49,19,20,20,4,34,469,4,3,0,0,842,0,0,0
strong_defence,2,retaliation-1,retaliation,1,300,,92367,92367,77,77,0.3008,1,40,21,24,24,4,56,460,3,4,0,1,558,233,0,0
strong_defence,2,random-1,random,0,80,collapsed,0,534,0,31,0.0,0,44,89,10,10,44,35,1180,3,2,0,2,14,0,0,0
strong_defence,3,peace-1,peace,0,63,union,0,1745,0,39,0.0,0,0,6,0,0,3,39,70,4,6,0,1,112,13,7,0
strong_defence,3,switzerland-1,switzerland,1,300,,59386,59386,54,54,0.2109,0,0,33,0,0,4,57,553,3,3,0,0,269,222,0,0
strong_defence,3,hegemony-1,hegemony,1,300,,94567,94567,86,86,0.3359,0,45,14,19,19,3,69,1547,3,2,0,0,301,0,0,0
strong_defence,3,retaliation-1,retaliation,1,300,,139164,139164,116,116,0.4531,1,52,27,30,30,2,50,2324,3,6,0,0,551,235,7,1
strong_defence,3,random-1,random,0,122,collapsed,0,3171,0,49,0.0,0,80,97,12,12,49,42,6440,3,1,0,1,9,0,0,0
strong_defence,4,peace-1,peace,1,300,,129568,129568,108,108,0.4219,1,0,8,0,0,1,54,63,4,7,0,1,627,281,2,1
strong_defence,4,switzerland-1,switzerland,1,300,,73182,73182,61,61,0.2383,0,0,10,0,0,2,62,62,4,6,0,1,611,272,0,0
strong_defence,4,hegemony-1,hegemony,1,300,,104366,104366,87,87,0.3398,0,0,0,0,0,0,86,0,3,2,0,0,537,0,0,0
strong_defence,4,retaliation-1,retaliation,0,88,union,0,4122,0,54,0.0,0,54,28,29,29,2,26,401,4,6,0,1,101,35,2,0
strong_defence,4,random-1,random,0,75,collapsed,0,320,0,23,0.0,0,46,54,5,5,29,29,782,3,3,0,3,32,0,0,0
strong_defence,5,peace-1,peace,1,300,,76982,76982,70,70,0.2734,0,0,0,0,0,0,69,0,1,2,0,0,286,257,0,0
strong_defence,5,switzerland-1,switzerland,1,300,,98768,98768,76,76,0.2969,1,0,11,0,0,1,76,92,4,6,0,1,810,504,0,0
strong_defence,5,hegemony-1,hegemony,1,300,,75579,75579,63,63,0.2461,0,45,9,21,21,1,42,356,3,3,0,1,451,0,0,0
strong_defence,5,retaliation-1,retaliation,1,300,,56385,56385,47,47,0.1836,0,46,26,17,17,4,33,544,3,3,0,0,489,247,0,0
strong_defence,5,random-1,random,0,81,collapsed,0,596,0,32,0.0,0,46,91,6,6,38,34,1251,3,2,0,2,12,0,0,0
strong_defence,6,peace-1,peace,1,300,,137971,137971,115,115,0.4492,1,0,0,0,0,0,66,0,3,6,0,0,589,225,4,1
strong_defence,6,switzerland-1,switzerland,1,300,,87568,87568,73,73,0.2852,0,0,37,0,0,6,78,303,3,4,0,1,515,215,0,0
strong_defence,6,hegemony-1,hegemony,1,300,,81571,81571,68,68,0.2656,0,66,26,34,34,3,36,798,4,3,0,0,556,0,0,0
strong_defence,6,retaliation-1,retaliation,0,62,union,0,1855,0,48,0.0,0,0,0,0,0,0,47,0,3,5,0,0,72,10,4,0
strong_defence,6,random-1,random,0,94,collapsed,0,562,0,27,0.0,0,63,66,9,9,34,30,1559,3,2,0,1,42,0,0,0
strong_defence,7,peace-1,peace,0,59,union,0,1486,0,46,0.0,0,0,5,0,0,3,48,49,3,5,0,1,74,12,6,0
strong_defence,7,switzerland-1,switzerland,0,257,conquered,0,39923,0,44,0.0,0,0,108,0,0,44,43,28638,2,2,0,2,134,0,0,0
strong_defence,7,hegemony-1,hegemony,1,300,,140197,140197,129,129,0.5039,1,155,14,70,70,2,60,28001,4,3,0,1,408,0,0,0
strong_defence,7,retaliation-1,retaliation,1,300,,139662,139662,127,127,0.4961,0,60,38,30,30,5,55,2432,2,4,0,0,310,12,6,1
strong_defence,7,random-1,random,0,121,collapsed,0,2738,0,50,0.0,0,72,122,12,12,58,48,6058,3,2,0,2,26,0,0,0
strong_defence,8,peace-1,peace,1,300,,138557,138557,116,116,0.4531,1,0,15,0,0,3,76,496,4,7,0,1,591,237,1,1
strong_defence,8,switzerland-1,switzerland,1,300,,97112,97112,81,81,0.3164,0,0,25,0,0,2,82,434,4,5,0,1,530,223,0,0
strong_defence,8,hegemony-1,hegemony,1,300,,70785,70785,59,59,0.2305,0,0,0,0,0,0,58,0,2,2,0,0,530,0,0,0
strong_defence,8,retaliation-1,retaliation,0,88,union,0,3557,0,42,0.0,0,69,25,27,27,3,17,677,3,4,0,0,78,14,1,0
strong_defence,8,random-1,random,0,106,collapsed,0,639,0,30,0.0,0,65,69,8,8,27,41,2277,3,2,0,2,9,0,0,0
strong_defence,9,peace-1,peace,1,300,,72638,72638,62,62,0.2422,0,0,40,0,0,1,62,5234,3,4,0,1,553,256,0,0
strong_defence,9,switzerland-1,switzerland,1,300,,80155,80155,70,70,0.2734,0,0,67,0,0,4,73,6470,4,6,0,1,814,483,0,0
strong_defence,9,hegemony-1,hegemony,1,300,,118835,118835,118,118,0.4609,1,188,177,77,77,22,62,66758,3,3,0,1,568,0,0,0
strong_defence,9,retaliation-1,retaliation,0,294,collapsed,0,31256,0,58,0.0,0,244,233,46,46,84,41,92907,3,4,0,2,322,227,0,0
strong_defence,9,random-1,random,0,202,collapsed,0,7166,0,45,0.0,0,152,67,12,12,24,49,29578,3,3,0,3,33,0,0,0
strong_defence,10,peace-1,peace,1,300,,66798,70877,56,80,0.2188,0,0,119,0,0,25,38,23410,3,5,0,1,572,249,2,1
strong_defence,10,switzerland-1,switzerland,1,300,,51532,56186,45,55,0.1758,0,0,91,0,0,10,54,16784,3,4,0,1,526,240,0,0
strong_defence,10,hegemony-1,hegemony,1,300,,111436,111436,105,105,0.4102,1,121,29,44,44,4,64,37044,4,3,0,0,583,0,0,0
strong_defence,10,retaliation-1,retaliation,0,68,union,0,1990,0,42,0.0,0,23,6,4,4,3,40,287,4,7,0,1,134,23,2,0
strong_defence,10,random-1,random,1,300,,37605,53636,50,76,0.1953,0,245,144,42,42,48,55,98470,4,3,0,3,21,0,0,0
strong_defence,11,peace-1,peace,0,106,union,0,10570,0,52,0.0,0,0,27,0,0,7,51,635,4,6,0,0,159,64,5,0
strong_defence,11,switzerland-1,switzerland,1,300,,57191,57191,52,52,0.2031,0,0,0,0,0,0,51,0,2,4,0,0,354,296,0,0
strong_defence,11,hegemony-1,hegemony,1,300,,94561,94561,86,86,0.3359,0,81,39,43,43,4,46,2390,3,2,0,0,286,0,0,0
strong_defence,11,retaliation-1,retaliation,1,300,,141564,141564,118,118,0.4609,1,22,12,16,16,0,56,1131,4,6,0,0,597,290,5,1
strong_defence,11,random-1,random,0,126,collapsed,0,3308,0,42,0.0,0,78,103,11,11,59,48,6458,3,0,0,0,0,0,0,0
strong_defence,12,peace-1,peace,1,300,,178744,178744,149,149,0.582,1,0,0,0,0,0,79,0,3,6,0,0,538,282,0,1
strong_defence,12,switzerland-1,switzerland,1,300,,52788,52788,44,44,0.1719,0,0,25,0,0,7,50,423,4,6,0,1,643,300,0,0
strong_defence,12,hegemony-1,hegemony,1,300,,75569,75569,63,63,0.2461,0,69,17,24,24,4,42,784,4,2,0,0,481,0,0,0
strong_defence,12,retaliation-1,retaliation,0,104,union,0,10369,0,69,0.0,0,52,21,23,23,2,47,898,4,6,0,1,157,96,0,0
strong_defence,12,random-1,random,0,103,collapsed,0,1075,0,35,0.0,0,63,121,13,13,47,39,2685,3,2,0,2,5,0,0,0
strong_defence,13,peace-1,peace,1,300,,109006,112948,92,105,0.3594,1,0,122,0,0,15,63,22981,3,6,0,0,575,240,2,1
strong_defence,13,switzerland-1,switzerland,1,300,,31570,44356,30,51,0.1172,0,0,125,0,0,23,52,20625,4,5,0,2,438,230,0,0
strong_defence,13,hegemony-1,hegemony,1,300,,77057,77776,81,82,0.3164,0,86,21,28,28,6,58,28455,3,2,0,1,441,0,0,0
strong_defence,13,retaliation-1,retaliation,0,51,union,0,1067,0,43,0.0,0,6,1,2,2,0,40,49,3,5,0,1,53,10,2,0
strong_defence,13,random-1,random,1,300,,39582,46508,53,63,0.207,0,262,85,42,42,28,38,86504,3,2,0,2,9,0,0,0
strong_defence,14,peace-1,peace,0,269,conquered,0,41091,0,41,0.0,0,0,135,0,0,51,50,31251,3,4,0,2,433,214,0,0
strong_defence,14,switzerland-1,switzerland,1,300,,73200,78503,61,61,0.2383,0,0,65,0,0,8,68,5866,4,6,0,1,764,448,0,0
strong_defence,14,hegemony-1,hegemony,1,300,,148170,151125,146,146,0.5703,1,222,64,98,98,12,59,53501,4,4,0,3,684,0,0,0
strong_defence,14,retaliation-1,retaliation,1,300,,45687,67134,49,57,0.1914,0,30,31,5,5,12,55,21431,2,3,0,1,512,234,0,0
strong_defence,14,random-1,random,0,193,collapsed,0,11619,0,47,0.0,0,159,116,26,26,46,31,34055,3,3,0,3,13,0,0,0
strong_defence,15,peace-1,peace,0,73,union,0,2948,0,43,0.0,0,0,6,0,0,0,42,55,4,7,0,1,127,30,4,0
strong_defence,15,switzerland-1,switzerland,1,300,,57590,57590,48,48,0.1875,0,0,0,0,0,0,47,0,3,4,0,0,576,249,0,0
strong_defence,15,hegemony-1,hegemony,1,300,,85167,85167,71,71,0.2773,0,74,22,31,31,2,41,1104,3,2,0,0,539,0,0,0
strong_defence,15,retaliation-1,retaliation,1,300,,164353,164353,137,137,0.5352,1,43,28,26,26,2,69,1393,3,5,0,1,535,237,4,1
strong_defence,15,random-1,random,0,111,collapsed,0,1871,0,42,0.0,0,56,117,4,4,57,54,3755,3,2,0,2,41,0,0,0
strong_defence,16,peace-1,peace,1,300,,183212,183212,153,153,0.5977,1,0,16,0,0,1,76,227,4,7,0,1,604,264,4,1
strong_defence,16,switzerland-1,switzerland,1,300,,46794,46794,39,39,0.1523,0,0,0,0,0,0,38,0,2,3,0,0,532,254,0,0
strong_defence,16,hegemony-1,hegemony,1,300,,76779,76779,64,64,0.25,0,52,12,24,24,2,41,531,4,3,0,0,634,0,0,0
strong_defence,16,retaliation-1,retaliation,0,133,union,0,27449,0,77,0.0,0,58,15,28,28,2,50,535,3,5,0,1,159,10,4,0
strong_defence,16,random-1,random,0,98,collapsed,0,764,0,36,0.0,0,43,110,5,5,52,55,1835,3,2,0,2,9,0,0,0
strong_defence,17,peace-1,peace,0,298,conquered,0,39371,0,52,0.0,0,0,213,0,0,67,66,44944,3,4,0,2,387,227,0,0
strong_defence,17,switzerland-1,switzerland,1,300,,64800,70183,54,54,0.2109,0,0,0,0,0,0,53,0,3,5,0,0,826,482,0,0
strong_defence,17,hegemony-1,hegemony,1,300,,175179,175179,159,159,0.6211,1,244,34,106,106,3,55,43586,4,3,0,1,683,0,0,0
strong_defence,17,retaliation-1,retaliation,1,300,,37299,39595,32,33,0.125,0,2,2,0,0,1,32,1718,2,3,0,0,556,255,0,0
strong_defence,17,random-1,random,0,166,collapsed,0,6827,0,47,0.0,0,120,117,18,18,53,46,18475,2,1,0,1,6,0,0,0
strong_defence,18,peace-1,peace,0,81,union,0,4398,0,44,0.0,0,0,3,0,0,0,43,48,4,7,0,1,157,24,3,0
strong_defence,18,switzerland-1,switzerland,1,300,,92372,92372,77,77,0.3008,0,0,14,0,0,1,77,401,4,6,0,1,568,261,0,0
strong_defence,18,hegemony-1,hegemony,1,300,,73149,73149,61,61,0.2383,0,92,45,35,35,9,34,1471,3,2,0,0,513,0,0,0
strong_defence,18,retaliation-1,retaliation,1,300,,141567,141567,118,118,0.4609,1,24,6,17,17,0,56,549,2,5,0,0,559,281,3,1
strong_defence,18,random-1,random,0,117,collapsed,0,1554,0,41,0.0,0,68,116,10,10,52,49,3638,3,2,0,2,31,0,0,0
strong_defence,19,peace-1,peace,1,300,,189434,189434,158,158,0.6172,1,0,0,0,0,0,63,422,4,10,0,2,548,221,6,2
strong_defence,19,switzerland-1,switzerland,1,300,,62384,62384,52,59,0.2031,0,0,34,0,0,9,60,1301,4,6,0,2,547,209,0,0
strong_defence,19,hegemony-1,hegemony,1,300,,55132,55132,46,47,0.1797,0,114,64,31,31,15,29,5758,4,4,0,1,453,0,0,0
strong_defence,19,retaliation-1,retaliation,0,86,union,0,5675,0,56,0.0,0,0,0,0,0,0,55,0,3,5,0,0,123,12,2,0
strong_defence,19,random-1,random,0,144,union,0,8027,0,41,0.0,0,98,114,24,24,31,44,7281,3,3,0,1,91,0,4,0
strong_defence,20,peace-1,peace,0,98,union,0,8601,0,56,0.0,0,0,17,0,0,3,56,305,3,6,0,1,128,57,5,0
strong_defence,20,switzerland-1,switzerland,1,300,,26293,53915,25,45,0.0977,0,0,54,0,0,21,45,15265,4,6,0,2,587,291,0,0
strong_defence,20,hegemony-1,hegemony,1,300,,93291,93291,95,95,0.3711,0,140,45,54,54,8,48,18608,3,3,0,2,519,0,0,0
strong_defence,20,retaliation-1,retaliation,1,300,,163147,163147,136,136,0.5312,1,49,17,35,35,2,48,3525,3,6,0,0,613,270,5,1
strong_defence,20,random-1,random,0,148,collapsed,0,6064,0,53,0.0,0,93,149,14,14,69,55,13444,3,3,0,3,21,0,0,0
strong_defence,21,peace-1,peace,0,81,union,0,1991,0,41,0.0,0,0,53,0,0,16,55,358,4,7,0,2,101,15,1,0
strong_defence,21,switzerland-1,switzerland,1,300,,87577,87577,73,73,0.2852,0,0,0,0,0,0,72,0,3,5,0,0,548,233,0,0
strong_defence,21,hegemony-1,hegemony,1,300,,52771,52771,44,44,0.1719,0,96,47,26,26,9,26,2381,3,3,0,1,452,0,0,0
strong_defence,21,retaliation-1,retaliation,1,300,,166733,166733,139,139,0.543,1,39,19,24,24,0,74,1360,2,6,0,0,482,248,1,1
strong_defence,21,random-1,random,0,121,collapsed,0,2274,0,38,0.0,0,94,110,18,18,43,26,4844,2,1,0,1,3,0,0,0
strong_defence,22,peace-1,peace,0,59,union,0,1385,0,43,0.0,0,0,15,0,0,4,46,80,4,7,0,1,114,32,9,0
strong_defence,22,switzerland-1,switzerland,1,300,,61183,61183,51,51,0.1992,0,0,40,0,0,5,55,1433,3,4,0,1,547,259,0,0
strong_defence,22,hegemony-1,hegemony,1,300,,75583,75583,63,63,0.2461,0,0,0,0,0,0,62,0,3,3,0,0,542,0,0,0
strong_defence,22,retaliation-1,retaliation,1,300,,170335,170335,142,142,0.5547,1,70,43,40,40,4,62,3250,3,5,0,1,553,257,9,1
strong_defence,22,random-1,random,0,131,collapsed,0,3099,0,41,0.0,0,98,70,13,13,40,33,7509,3,3,0,3,8,0,0,0
strong_defence,23,peace-1,peace,1,300,,130558,130558,112,112,0.4375,1,0,0,0,0,0,80,0,3,6,0,0,582,232,5,1
strong_defence,23,switzerland-1,switzerland,1,300,,94484,94484,79,79,0.3086,0,0,0,0,0,0,78,0,2,3,0,0,540,223,0,0
strong_defence,23,hegemony-1,hegemony,1,300,,65983,65983,55,55,0.2148,0,22,11,11,11,2,45,115,4,4,0,1,570,0,0,0
strong_defence,23,retaliation-1,retaliation,0,54,union,0,878,0,31,0.0,0,28,13,9,9,0,21,147,3,5,0,1,49,9,5,0
strong_defence,23,random-1,random,0,43,collapsed,0,199,0,15,0.0,0,24,50,2,2,20,19,319,2,2,0,2,3,0,0,0
strong_defence,24,peace-1,peace,0,81,union,0,4428,0,41,0.0,0,0,0,0,0,0,40,0,2,4,0,0,117,18,7,0
strong_defence,24,switzerland-1,switzerland,1,300,,69290,69290,63,63,0.2461,0,0,13,0,0,2,64,495,3,5,0,2,414,212,0,0
strong_defence,24,hegemony-1,hegemony,0,168,collapsed,0,7813,0,36,0.0,0,138,108,24,24,48,28,17108,3,2,0,1,250,0,0,0
strong_defence,24,retaliation-1,retaliation,1,300,,212198,212198,193,193,0.7539,1,42,42,29,29,0,78,8120,3,9,0,2,404,241,13,2
strong_defence,24,random-1,random,0,126,union,0,6387,0,46,0.0,0,79,96,21,21,24,46,3453,3,4,0,1,47,11,6,0
strong_defence,25,peace-1,peace,0,58,union,0,1411,0,50,0.0,0,0,8,0,0,3,52,57,3,5,0,1,69,9,3,0
strong_defence,25,switzerland-1,switzerland,1,300,,45591,45591,38,41,0.1484,0,0,33,0,0,5,42,1238,4,4,0,0,574,239,0,0
strong_defence,25,hegemony-1,hegemony,1,300,,73184,73184,61,61,0.2383,0,0,0,0,0,0,60,0,2,2,0,0,542,0,0,0
strong_defence,25,retaliation-1,retaliation,1,300,,188318,188318,157,157,0.6133,1,79,64,50,50,7,63,5877,3,6,0,0,569,248,3,1
strong_defence,25,random-1,random,0,146,collapsed,0,4615,0,48,0.0,0,105,79,15,15,50,41,11665,2,1,0,1,8,0,0,0
strong_defence,26,peace-1,peace,1,300,,70808,87147,61,90,0.2383,0,0,182,0,0,30,46,36390,4,7,0,1,586,237,1,1
strong_defence,26,switzerland-1,switzerland,1,300,,52764,58868,45,56,0.1758,0,0,67,0,0,12,56,13212,3,4,0,1,539,220,0,0
strong_defence,26,hegemony-1,hegemony,1,300,,74383,74383,62,62,0.2422,0,0,0,0,0,0,61,0,3,2,0,0,541,0,0,0
strong_defence,26,retaliation-1,retaliation,0,57,union,0,1365,0,44,0.0,0,13,2,5,5,1,39,104,3,3,0,0,49,17,1,0
strong_defence,26,random-1,random,1,300,,75811,75811,88,88,0.3438,1,251,13,43,43,5,49,71570,3,2,0,2,17,0,0,0
strong_defence,27,peace-1,peace,1,300,,20329,35151,20,46,0.0781,0,0,118,0,0,28,47,24709,3,3,0,0,396,89,0,0
strong_defence,27,switzerland-1,switzerland,0,158,conquered,0,4268,0,48,0.0,0,0,165,0,0,62,61,7221,4,4,0,0,240,182,0,0
strong_defence,27,hegemony-1,hegemony,1,300,,150493,150493,137,137,0.5352,1,245,80,90,90,9,55,56535,4,2,0,0,551,0,0,0
strong_defence,27,retaliation-1,retaliation,1,300,,65991,65991,60,60,0.2344,0,0,0,0,0,0,59,0,2,3,0,0,395,93,0,0
strong_defence,27,random-1,random,1,300,,25942,41714,39,65,0.1523,0,270,152,61,61,52,29,94390,3,0,0,0,0,0,0,0
strong_defence,28,peace-1,peace,0,93,union,0,6328,0,46,0.0,0,0,24,0,0,4,49,262,4,7,0,1,173,60,6,0
strong_defence,28,switzerland-1,switzerland,1,300,,61589,61589,56,56,0.2188,0,0,0,0,0,0,55,0,2,4,0,0,349,291,0,0
strong_defence,28,hegemony-1,hegemony,1,300,,86834,86834,79,79,0.3086,0,99,68,37,37,16,57,6731,3,3,0,1,315,0,0,0
strong_defence,28,retaliation-1,retaliation,1,300,,145153,145153,121,121,0.4727,1,51,19,21,21,1,54,3873,3,6,0,0,569,255,6,1
strong_defence,28,random-1,random,0,152,collapsed,0,6012,0,47,0.0,0,111,150,21,21,58,41,14054,2,2,0,2,20,0,0,0
strong_defence,29,peace-1,peace,1,300,,65986,65986,55,55,0.2148,0,0,6,0,0,1,55,42,3,4,0,1,522,222,0,0
strong_defence,29,switzerland-1,switzerland,1,300,,70785,70785,59,59,0.2305,0,0,0,0,0,0,58,0,2,3,0,0,525,222,0,0
strong_defence,29,hegemony-1,hegemony,1,300,,101615,101615,99,99,0.3867,1,188,151,66,66,21,53,63327,4,3,0,1,698,0,0,0
strong_defence,29,retaliation-1,retaliation,1,300,,31588,60587,43,64,0.168,0,199,149,48,48,41,35,75093,2,1,0,1,167,0,0,0
strong_defence,29,random-1,random,0,126,collapsed,0,2592,0,45,0.0,0,74,155,13,13,64,52,6134,3,1,0,1,12,0,0,0
strong_defence,30,peace-1,peace,0,70,union,0,2622,0,55,0.0,0,0,9,0,0,0,54,63,3,5,0,1,100,8,3,0
strong_defence,30,switzerland-1,switzerland,0,251,conquered,0,37246,0,33,0.0,0,0,76,0,0,33,32,24687,3,3,0,1,409,211,0,0
strong_defence,30,hegemony-1,hegemony,1,300,,113136,113136,104,104,0.4062,0,150,39,66,66,3,40,24965,4,3,0,1,489,0,0,0
strong_defence,30,retaliation-1,retaliation,1,300,,167200,181591,152,152,0.5938,1,40,12,21,21,2,77,918,3,6,0,0,557,219,3,1
strong_defence,30,random-1,random,0,114,collapsed,0,1714,0,40,0.0,0,62,116,5,5,54,52,3950,3,1,0,1,17,0,0,0
strong_defence,31,peace-1,peace,1,300,,130767,130767,109,109,0.4258,1,0,2,0,0,0,75,19,4,7,0,1,600,239,3,1
strong_defence,31,switzerland-1,switzerland,1,300,,67186,67186,56,56,0.2188,0,0,0,0,0,0,55,0,2,3,0,0,533,219,0,0
strong_defence,31,hegemony-1,hegemony,1,300,,109151,109151,91,91,0.3555,0,50,23,27,27,3,66,413,4,2,0,0,512,0,0,0
strong_defence,31,retaliation-1,retaliation,0,63,union,0,1120,0,33,0.0,0,41,13,15,15,2,19,238,3,3,0,0,49,20,3,0
strong_defence,31,random-1,random,0,86,collapsed,0,354,0,29,0.0,0,38,91,5,5,42,48,868,3,1,0,1,54,0,0,0
strong_defence,32,peace-1,peace,1,300,,146083,146083,122,122,0.4766,1,0,10,0,0,0,84,253,2,5,0,0,558,268,2,1
strong_defence,32,switzerland-1,switzerland,1,300,,62388,62388,52,52,0.2031,0,0,0,0,0,0,51,0,3,4,0,0,581,248,0,0
strong_defence,32,hegemony-1,hegemony,1,300,,98364,98364,82,82,0.3203,0,55,27,33,33,1,49,877,3,2,0,0,535,0,0,0
strong_defence,32,retaliation-1,retaliation,0,73,union,0,1950,0,37,0.0,0,42,21,12,12,5,29,483,4,6,0,1,125,20,2,0
strong_defence,32,random-1,random,0,105,collapsed,0,891,0,33,0.0,0,58,97,6,6,45,45,2355,2,1,0,1,9,0,0,0
strong_defence,33,peace-1,peace,1,300,,175153,175153,146,146,0.5703,1,0,0,0,0,0,86,0,2,5,0,0,527,229,4,1
strong_defence,33,switzerland-1,switzerland,1,300,,77980,77980,65,65,0.2539,0,0,11,0,0,1,65,55,4,5,0,1,539,219,0,0
strong_defence,33,hegemony-1,hegemony,1,300,,53982,53982,45,45,0.1758,0,53,33,23,23,3,24,376,3,2,0,0,511,0,0,0
strong_defence,33,retaliation-1,retaliation,0,66,union,0,2245,0,59,0.0,0,0,0,0,0,0,58,0,3,5,0,0,58,10,4,0
strong_defence,33,random-1,random,0,68,collapsed,0,235,0,18,0.0,0,44,53,4,4,23,24,604,2,1,0,1,11,0,0,0
strong_defence,34,peace-1,peace,1,300,,149600,161614,136,136,0.5312,1,0,19,0,0,1,91,523,3,5,0,1,484,193,2,1
strong_defence,34,switzerland-1,switzerland,0,253,conquered,0,39833,0,39,0.0,0,0,92,0,0,39,38,26592,3,4,0,2,354,201,0,0
strong_defence,34,hegemony-1,hegemony,1,300,,130594,130594,120,120,0.4688,0,155,26,74,74,5,50,25376,3,2,0,1,366,0,0,0
strong_defence,34,retaliation-1,retaliation,0,72,union,0,2431,0,45,0.0,0,28,7,7,7,2,39,326,3,6,0,1,94,32,2,0
strong_defence,34,random-1,random,0,113,collapsed,0,1091,0,33,0.0,0,67,106,11,11,45,43,3257,4,3,0,3,22,0,0,0
strong_defence,35,peace-1,peace,0,60,union,0,1454,0,41,0.0,0,0,12,0,0,3,43,103,4,6,0,1,90,19,13,0
strong_defence,35,switzerland-1,switzerland,1,300,,88775,88775,74,74,0.2891,0,0,6,0,0,1,74,90,3,4,0,1,516,217,0,0
strong_defence,35,hegemony-1,hegemony,1,300,,64788,64788,54,54,0.2109,0,0,0,0,0,0,53,0,3,3,0,0,552,0,0,0
strong_defence,35,retaliation-1,retaliation,1,300,,153533,153533,128,128,0.5,1,90,70,46,46,6,46,4379,3,6,0,1,567,236,13,1
strong_defence,35,random-1,random,0,134,collapsed,0,2699,0,40,0.0,0,88,90,10,10,46,46,7308,3,3,0,3,13,0,0,0
strong_defence,36,peace-1,peace,0,259,conquered,0,30147,0,46,0.0,0,0,163,0,0,47,46,32042,3,4,0,2,315,185,0,0
strong_defence,36,switzerland-1,switzerland,1,300,,59966,66054,50,61,0.1953,0,0,47,0,0,11,60,5200,4,6,0,1,743,431,0,0
strong_defence,36,hegemony-1,hegemony,1,300,,122199,122199,118,118,0.4609,1,177,92,77,77,18,58,61572,4,3,0,1,596,0,0,0
strong_defence,36,retaliation-1,retaliation,1,300,,52792,52792,44,44,0.1719,0,0,0,0,0,0,43,0,2,3,0,0,534,246,0,0
strong_defence,36,random-1,random,1,300,,33144,44822,44,61,0.1719,0,255,130,52,52,53,44,89522,3,2,0,2,18,0,0,0
strong_defence,37,peace-1,peace,0,261,conquered,0,40103,0,39,0.0,0,0,100,0,0,39,38,31713,2,3,0,1,346,203,0,0
strong_defence,37,switzerland-1,switzerland,1,300,,43679,70085,42,55,0.1641,0,0,47,0,0,13,54,12454,4,6,0,2,718,428,0,0
strong_defence,37,hegemony-1,hegemony,1,300,,152429,152429,147,147,0.5742,1,194,10,81,81,1,66,47336,4,3,0,2,531,0,0,0
strong_defence,37,retaliation-1,retaliation,1,300,,80366,80366,67,67,0.2617,0,81,25,41,41,4,29,804,3,4,0,1,476,225,0,0
strong_defence,37,random-1,random,0,109,collapsed,0,902,0,37,0.0,0,43,136,6,6,71,66,2102,3,2,0,2,33,0,0,0
strong_defence,38,peace-1,peace,1,300,,110371,110371,92,97,0.3594,0,0,51,0,0,6,49,6322,3,5,0,1,561,261,7,1
strong_defence,38,switzerland-1,switzerland,1,300,,7962,54818,8,49,0.0312,0,0,116,0,0,43,50,33250,3,4,0,2,405,245,0,0
strong_defence,38,hegemony-1,hegemony,1,300,,158155,158155,156,156,0.6094,1,231,64,98,98,6,63,43550,3,2,0,1,387,0,0,0
strong_defence,38,retaliation-1,retaliation,0,58,union,0,1472,0,48,0.0,0,9,1,2,2,1,46,70,3,6,0,1,80,20,7,0
strong_defence,38,random-1,random,0,189,collapsed,0,10116,0,52,0.0,0,136,144,17,17,61,53,29809,4,3,0,3,15,0,0,0
strong_defence,39,peace-1,peace,0,86,union,0,4987,0,41,0.0,0,0,6,0,0,4,42,157,4,7,0,1,185,47,2,0
strong_defence,39,switzerland-1,switzerland,1,300,,80373,80373,67,69,0.2617,0,0,45,0,0,8,74,871,4,6,0,1,567,275,0,0
strong_defence,39,hegemony-1,hegemony,1,300,,97158,97158,81,81,0.3164,0,73,24,30,30,1,51,3102,4,4,0,1,559,0,0,0
strong_defence,39,retaliation-1,retaliation,1,300,,129570,129570,108,108,0.4219,1,38,9,29,29,0,39,1701,3,6,0,0,561,250,2,1
strong_defence,39,random-1,random,0,131,collapsed,0,4635,0,50,0.0,0,84,111,13,13,59,47,8800,3,3,0,3,36,0,0,0
strong_defence,40,peace-1,peace,0,85,union,0,5357,0,49,0.0,0,0,0,0,0,0,48,0,3,5,0,0,124,13,4,0
strong_defence,40,switzerland-1,switzerland,1,300,,77980,77980,65,65,0.2539,0,0,12,0,0,2,66,131,4,4,0,0,569,258,0,0
strong_defence,40,hegemony-1,hegemony,1,300,,74369,74369,62,62,0.2422,0,63,36,33,33,4,32,482,3,2,0,0,538,0,0,0
strong_defence,40,retaliation-1,retaliation,1,300,,154764,154764,129,129,0.5039,1,0,0,0,0,0,79,0,2,5,0,0,545,271,4,1
strong_defence,40,random-1,random,0,80,collapsed,0,308,0,21,0.0,0,48,63,6,6,33,32,864,2,0,0,0,0,0,0,0
strong_defence,41,peace-1,peace,1,300,,68386,68386,57,57,0.2227,0,0,0,0,0,0,56,0,2,3,0,0,547,240,0,0
strong_defence,41,switzerland-1,switzerland,1,300,,80580,80580,62,62,0.2422,0,0,0,0,0,0,61,0,4,6,0,0,843,502,0,0
strong_defence,41,hegemony-1,hegemony,1,300,,102656,102656,79,79,0.3086,1,50,13,23,23,2,57,386,4,3,0,0,835,0,0,0
strong_defence,41,retaliation-1,retaliation,1,300,,69580,69580,58,58,0.2266,0,50,23,27,27,5,35,536,3,4,0,1,570,262,0,0
strong_defence,41,random-1,random,0,83,collapsed,0,559,0,31,0.0,0,36,100,7,7,50,45,1187,3,2,0,1,5,0,0,0
strong_defence,42,peace-1,peace,0,107,union,0,12531,0,62,0.0,0,0,20,0,0,4,65,350,4,7,0,1,212,82,2,0
strong_defence,42,switzerland-1,switzerland,1,300,,75582,75582,63,63,0.2461,0,0,1,0,0,0,62,29,4,6,0,1,564,316,0,0
strong_defence,42,hegemony-1,hegemony,1,300,,52756,52756,44,44,0.1719,0,94,51,27,27,12,28,1890,4,3,0,0,498,0,0,0
strong_defence,42,retaliation-1,retaliation,1,300,,178744,178744,149,149,0.582,1,43,12,24,24,2,64,941,4,7,0,1,620,278,2,1
strong_defence,42,random-1,random,0,119,collapsed,0,1726,0,38,0.0,0,84,137,18,18,51,35,4066,4,3,0,3,40,0,0,0
strong_defence,43,peace-1,peace,1,300,,171549,171549,143,143,0.5586,1,0,0,0,0,0,65,0,4,7,0,0,631,266,1,1
strong_defence,43,switzerland-1,switzerland,1,300,,80281,80281,73,73,0.2852,0,0,0,0,0,0,72,0,2,4,0,0,346,288,0,0
strong_defence,43,hegemony-1,hegemony,1,300,,43987,43987,40,40,0.1562,0,65,41,22,22,8,25,802,3,2,0,0,323,0,0,0
strong_defence,43,retaliation-1,retaliation,0,106,union,0,12023,0,77,0.0,0,40,13,22,22,2,56,431,4,7,0,1,163,52,1,0
strong_defence,43,random-1,random,0,93,collapsed,0,695,0,29,0.0,0,54,105,10,10,44,39,1611,3,2,0,1,35,0,0,0
strong_defence,44,peace-1,peace,1,300,,3598,43138,4,46,0.0156,0,0,151,0,0,44,47,36703,2,2,0,2,205,0,0,0
strong_defence,44,switzerland-1,switzerland,1,300,,59989,59989,50,52,0.1953,0,0,9,0,0,2,51,106,3,4,0,1,549,240,0,0
strong_defence,44,hegemony-1,hegemony,1,300,,173919,173919,158,158,0.6172,1,239,80,112,112,15,60,43635,4,4,0,2,740,0,0,0
strong_defence,44,retaliation-1,retaliation,1,300,,46794,46794,39,39,0.1523,0,0,0,0,0,0,38,0,2,3,0,0,530,240,0,0
strong_defence,44,random-1,random,0,216,collapsed,0,14628,0,58,0.0,0,158,157,23,23,74,57,45068,3,3,0,3,32,0,0,0
strong_defence,45,peace-1,peace,1,300,,147565,147565,123,123,0.4805,1,0,0,0,0,0,62,0,3,6,0,0,588,255,7,1
strong_defence,45,switzerland-1,switzerland,1,300,,73684,73684,67,67,0.2617,0,0,0,0,0,0,66,0,2,4,0,0,351,293,0,0
strong_defence,45,hegemony-1,hegemony,1,300,,72571,72571,66,66,0.2578,0,54,21,24,24,1,42,301,3,2,0,0,285,0,0,0
strong_defence,45,retaliation-1,retaliation,0,89,union,0,6141,0,60,0.0,0,19,11,10,10,0,49,127,4,7,0,1,153,62,7,0
strong_defence,45,random-1,random,0,66,collapsed,0,310,0,27,0.0,0,32,73,1,1,34,34,606,2,1,0,1,19,0,0,0
strong_defence,46,peace-1,peace,1,300,,70156,87212,60,92,0.2344,0,0,151,0,0,32,44,33133,4,7,0,1,590,229,5,1
strong_defence,46,switzerland-1,switzerland,1,300,,3287,41707,4,47,0.0156,0,0,134,0,0,44,47,35044,3,4,0,2,467,218,0,0
strong_defence,46,hegemony-1,hegemony,1,300,,78277,78277,83,83,0.3242,0,97,10,29,29,0,53,32767,3,3,0,2,493,0,0,0
strong_defence,46,retaliation-1,retaliation,0,58,union,0,1439,0,47,0.0,0,9,2,2,2,1,45,83,2,4,0,1,54,11,5,0
strong_defence,46,random-1,random,1,300,,97445,97445,109,109,0.4258,1,237,46,54,54,8,62,75944,4,4,0,4,42,0,0,0
strong_defence,47,peace-1,peace,1,300,,161945,161945,135,135,0.5273,1,0,12,0,0,1,63,146,4,6,0,0,569,237,0,1
strong_defence,47,switzerland-1,switzerland,1,300,,68186,68186,62,62,0.2422,0,0,8,0,0,1,62,44,3,5,0,1,354,293,0,0
strong_defence,47,hegemony-1,hegemony,1,300,,64882,64882,59,59,0.2305,0,58,12,17,17,0,41,525,3,2,0,0,312,0,0,0
strong_defence,47,retaliation-1,retaliation,0,121,union,0,19429,0,72,0.0,0,57,12,30,30,2,43,406,4,7,0,1,203,82,0,0
strong_defence,47,random-1,random,0,91,collapsed,0,636,0,30,0.0,0,44,115,4,4,47,47,1462,4,2,0,2,20,0,0,0
strong_defence,48,peace-1,peace,1,300,,143962,143962,120,120,0.4688,1,0,0,0,0,0,51,0,3,6,0,0,584,271,7,1
strong_defence,48,switzerland-1,switzerland,1,300,,87575,87575,73,73,0.2852,0,0,6,0,0,2,74,94,3,4,0,1,555,259,0,0
strong_defence,48,hegemony-1,hegemony,1,300,,75579,75579,63,63,0.2461,0,57,11,23,23,4,43,580,4,3,0,0,595,0,0,0
strong_defence,48,retaliation-1,retaliation,0,152,union,0,46372,0,68,0.0,0,66,25,33,33,2,36,644,3,4,0,0,130,12,7,0
strong_defence,48,random-1,random,0,94,collapsed,0,754,0,35,0.0,0,42,123,8,8,56,52,1694,3,1,0,1,10,0,0,0
strong_defence,49,peace-1,peace,1,300,,62388,62388,52,52,0.2031,0,0,0,0,0,0,51,0,2,3,0,0,533,233,0,0
strong_defence,49,switzerland-1,switzerland,1,300,,52573,52804,45,52,0.1758,0,0,103,0,0,11,55,17623,4,6,0,1,681,370,0,0
strong_defence,49,hegemony-1,hegemony,1,300,,161706,161706,152,152,0.5938,1,201,146,107,107,13,57,50652,4,3,0,1,585,0,0,0
strong_defence,49,retaliation-1,retaliation,0,217,collapsed,0,17789,0,59,0.0,0,167,208,36,36,71,41,47401,3,4,0,2,258,137,0,0
strong_defence,49,random-1,random,0,300,collapsed,0,30734,0,49,0.0,0,242,153,28,28,76,54,79405,3,2,0,2,25,0,0,0
strong_defence,50,peace-1,peace,1,300,,118800,129547,108,108,0.4219,0,0,14,0,0,0,48,869,3,6,0,0,532,250,2,1
strong_defence,50,switzerland-1,switzerland,0,288,conquered,0,55447,0,50,0.0,0,0,126,0,0,53,52,37210,4,5,0,1,494,259,0,0
strong_defence,50,hegemony-1,hegemony,1,300,,154584,154584,148,148,0.5781,1,196,43,87,87,2,62,33262,4,2,0,1,395,0,0,0
strong_defence,50,retaliation-1,retaliation,0,88,union,0,5207,0,59,0.0,0,32,12,10,10,4,52,660,4,6,0,1,111,41,2,0
strong_defence,50,random-1,random,0,155,collapsed,0,4545,0,49,0.0,0,103,136,10,10,48,52,13871,3,1,0,1,6,0,0,0
strong_defence,51,peace-1,peace,0,76,union,0,2852,0,35,0.0,0,0,14,0,0,4,36,126,4,7,0,1,135,14,3,0
strong_defence,51,switzerland-1,switzerland,1,300,,64850,64850,59,61,0.2305,0,0,54,0,0,9,67,4432,3,5,0,1,315,250,0,0
strong_defence,51,hegemony-1,hegemony,1,300,,42895,42895,39,39,0.1523,0,0,0,0,0,0,38,0,2,2,0,0,328,0,0,0
strong_defence,51,retaliation-1,retaliation,1,300,,189234,189234,158,158,0.6172,1,124,83,62,62,6,68,20019,3,6,0,0,587,260,3,1
strong_defence,51,random-1,random,0,203,collapsed,0,14103,0,60,0.0,0,151,124,19,19,62,52,38773,2,2,0,2,11,0,0,0
strong_defence,52,peace-1,peace,0,172,union,0,56787,0,55,0.0,0,0,32,0,0,6,58,1467,4,7,0,1,322,114,4,0
strong_defence,52,switzerland-1,switzerland,1,300,,68383,68383,57,58,0.2227,0,0,15,0,0,6,62,226,3,4,0,1,509,234,0,0
strong_defence,52,hegemony-1,hegemony,1,300,,95966,95966,80,80,0.3125,0,81,17,31,31,5,53,2542,4,3,0,0,652,0,0,0
strong_defence,52,retaliation-1,retaliation,1,300,,142759,142759,119,119,0.4648,1,73,23,32,32,5,38,2471,3,5,0,1,445,138,4,1
strong_defence,52,random-1,random,0,132,collapsed,0,3398,0,51,0.0,0,87,154,22,22,63,43,8519,4,3,0,3,20,0,0,0
strong_defence,53,peace-1,peace,1,300,,117577,117577,98,99,0.3828,1,0,13,0,0,1,60,317,3,5,0,0,544,242,5,1
strong_defence,53,switzerland-1,switzerland,1,300,,71970,71970,60,62,0.2344,0,0,48,0,0,10,69,2434,4,4,0,0,440,232,0,0
strong_defence,53,hegemony-1,hegemony,1,300,,117510,117510,98,98,0.3828,0,110,48,50,50,3,50,6122,4,3,0,1,444,0,0,0
strong_defence,53,retaliation-1,retaliation,0,58,union,0,1343,0,38,0.0,0,10,3,0,0,1,38,109,4,6,0,1,97,10,5,0
strong_defence,53,random-1,random,0,157,collapsed,0,4152,0,46,0.0,0,112,120,15,15,50,44,13312,3,2,0,2,7,0,0,0
strong_defence,54,peace-1,peace,1,300,,142768,142768,119,119,0.4648,0,0,5,0,0,2,71,87,4,7,0,1,552,228,4,1
strong_defence,54,switzerland-1,switzerland,0,300,conquered,0,51153,0,44,0.0,0,0,104,0,0,44,43,34609,2,3,0,1,449,218,0,0
strong_defence,54,hegemony-1,hegemony,1,300,,136672,136672,137,137,0.5352,1,215,76,98,98,5,43,37899,4,3,0,1,431,0,0,0
strong_defence,54,retaliation-1,retaliation,0,65,union,0,2031,0,49,0.0,0,10,1,2,2,0,46,80,3,5,0,1,49,10,4,0
strong_defence,54,random-1,random,0,142,collapsed,0,2535,0,41,0.0,0,82,121,7,7,56,60,6848,3,2,0,2,13,0,0,0
strong_defence,55,peace-1,peace,1,300,,76782,76782,64,64,0.25,0,0,0,0,0,0,63,0,3,4,0,0,584,230,0,0
strong_defence,55,switzerland-1,switzerland,1,300,,94872,94872,73,73,0.2852,0,0,0,0,0,0,72,0,3,5,0,0,780,477,0,0
strong_defence,55,hegemony-1,hegemony,1,300,,40282,40282,31,31,0.1211,0,65,14,18,18,5,17,419,4,3,0,0,714,0,0,0
strong_defence,55,retaliation-1,retaliation,1,300,,105559,105559,88,88,0.3438,1,45,26,28,28,1,60,516,3,4,0,1,482,247,0,0
strong_defence,55,random-1,random,0,92,collapsed,0,468,0,32,0.0,0,40,110,6,6,46,52,1244,3,2,0,1,62,0,0,0
strong_defence,56,peace-1,peace,0,50,union,0,969,0,33,0.0,0,0,5,0,0,1,33,23,3,5,0,1,59,11,5,0
strong_defence,56,switzerland-1,switzerland,1,300,,100768,100768,84,84,0.3281,0,0,3,0,0,0,83,106,3,4,0,1,522,234,0,0
strong_defence,56,hegemony-1,hegemony,1,300,,80363,80363,67,67,0.2617,0,72,43,27,27,5,44,1322,4,3,0,0,519,0,0,0
strong_defence,56,retaliation-1,retaliation,1,300,,125974,125974,105,105,0.4102,1,38,9,21,21,0,50,580,3,6,0,0,582,245,5,1
strong_defence,56,random-1,random,0,109,collapsed,0,1142,0,36,0.0,0,60,110,6,6,48,47,2751,3,2,0,2,10,0,0,0
strong_defence,57,peace-1,peace,1,300,,41942,42632,35,51,0.1367,0,0,73,0,0,18,52,8031,3,4,0,1,535,226,0,0
strong_defence,57,switzerland-1,switzerland,1,300,,25115,38475,21,51,0.082,0,0,124,0,0,31,51,27163,4,6,0,1,795,478,0,0
strong_defence,57,hegemony-1,hegemony,1,300,,130045,130045,112,112,0.4375,1,185,61,63,63,7,55,51155,4,3,0,0,794,0,0,0
strong_defence,57,retaliation-1,retaliation,1,300,,62388,62388,52,52,0.2031,0,0,0,0,0,0,51,0,2,3,0,0,552,252,0,0
strong_defence,57,random-1,random,1,300,,22173,37956,36,67,0.1406,0,258,185,56,56,63,42,105167,3,2,0,2,16,0,0,0
strong_defence,58,peace-1,peace,0,61,union,0,1727,0,56,0.0,0,0,4,0,0,0,56,12,4,5,0,0,72,10,5,0
strong_defence,58,switzerland-1,switzerland,1,300,,91174,91174,76,76,0.2969,0,0,4,0,0,0,75,22,3,4,0,1,522,222,0,0
strong_defence,58,hegemony-1,hegemony,1,300,,59980,59980,50,50,0.1953,0,61,27,31,31,2,20,391,4,3,0,0,524,0,0,0
strong_defence,58,retaliation-1,retaliation,1,300,,155963,155963,130,130,0.5078,1,6,1,6,6,0,66,16,3,6,0,1,584,232,5,1
strong_defence,58,random-1,random,0,75,collapsed,0,279,0,23,0.0,0,36,67,2,2,37,38,669,4,2,0,2,38,0,0,0
strong_defence,59,peace-1,peace,1,300,,142765,142765,119,119,0.4648,1,0,12,0,0,1,74,101,2,5,0,1,518,251,7,1
strong_defence,59,switzerland-1,switzerland,1,300,,73182,73182,61,61,0.2383,0,0,9,0,0,1,61,97,3,4,0,1,544,260,0,0
strong_defence,59,hegemony-1,hegemony,1,300,,91162,91162,76,76,0.2969,0,62,24,28,28,1,48,637,3,2,0,0,476,0,0,0
strong_defence,59,retaliation-1,retaliation,0,64,union,0,1844,0,45,0.0,0,23,6,7,7,0,37,182,4,6,0,1,100,37,7,0
strong_defence,59,random-1,random,0,91,collapsed,0,562,0,29,0.0,0,51,85,3,3,35,40,1450,4,3,0,3,20,0,0,0
strong_defence,60,peace-1,peace,0,177,union,0,57957,0,55,0.0,0,0,48,0,0,8,60,1704,4,7,0,1,330,113,11,0
strong_defence,60,switzerland-1,switzerland,1,300,,61196,61196,51,51,0.1992,0,0,13,0,0,2,52,675,4,5,0,0,678,344,0,0
strong_defence,60,hegemony-1,hegemony,1,300,,73184,73184,61,61,0.2383,0,0,0,0,0,0,60,0,2,2,0,0,546,0,0,0
strong_defence,60,retaliation-1,retaliation,1,300,,172714,172714,144,144,0.5625,1,101,43,45,45,5,50,3774,3,5,0,0,458,269,11,1
strong_defence,60,random-1,random,0,144,collapsed,0,3709,0,41,0.0,0,104,101,15,15,45,40,9582,3,1,0,1,4,0,0,0
strong_defence,61,peace-1,peace,1,300,,73184,73184,61,61,0.2383,0,0,0,0,0,0,60,0,2,3,0,0,544,245,0,0
strong_defence,61,switzerland-1,switzerland,1,300,,70182,70182,54,54,0.2109,0,0,31,0,0,3,56,352,4,6,0,1,783,459,0,0
strong_defence,61,hegemony-1,hegemony,1,300,,96171,96171,74,74,0.2891,1,0,0,0,0,0,73,0,3,3,0,0,739,0,0,0
strong_defence,61,retaliation-1,retaliation,1,300,,80374,80374,67,67,0.2617,0,63,21,34,34,3,35,542,3,4,0,1,460,214,0,0
strong_defence,61,random-1,random,0,92,collapsed,0,521,0,27,0.0,0,52,63,6,6,34,39,1357,2,2,0,2,8,0,0,0
strong_defence,62,peace-1,peace,0,65,union,0,1764,0,44,0.0,0,0,12,0,0,4,47,85,4,7,0,1,108,33,1,0
strong_defence,62,switzerland-1,switzerland,1,300,,100768,100768,84,84,0.3281,0,0,0,0,0,0,83,0,2,3,0,0,482,244,0,0
strong_defence,62,hegemony-1,hegemony,1,300,,86369,86369,72,72,0.2812,0,57,30,30,30,3,44,703,4,3,0,0,464,0,0,0
strong_defence,62,retaliation-1,retaliation,1,300,,119974,119974,100,100,0.3906,1,37,6,17,17,1,39,281,3,4,0,0,530,261,1,1
strong_defence,62,random-1,random,0,91,collapsed,0,631,0,29,0.0,0,48,94,8,8,47,43,1435,3,1,0,1,2,0,0,0
strong_defence,63,peace-1,peace,0,82,union,0,4368,0,45,0.0,0,0,11,0,0,1,44,126,3,6,0,1,122,54,2,0
strong_defence,63,switzerland-1,switzerland,0,283,conquered,0,52433,0,46,0.0,0,0,109,0,0,49,48,33508,4,6,0,2,499,268,0,0
strong_defence,63,hegemony-1,hegemony,1,300,,141103,141103,134,134,0.5234,1,166,27,81,81,5,57,31545,3,2,0,1,406,0,0,0
strong_defence,63,retaliation-1,retaliation,1,300,,134200,146304,122,122,0.4766,0,47,26,24,24,1,54,2795,3,6,0,0,560,260,2,1
strong_defence,63,random-1,random,0,130,collapsed,0,3858,0,47,0.0,0,80,120,10,10,59,50,8285,3,2,0,2,15,0,0,0
strong_defence,64,peace-1,peace,1,300,,150700,161751,137,137,0.5352,1,0,24,0,0,4,75,639,3,4,0,0,432,138,10,1
strong_defence,64,switzerland-1,switzerland,0,230,conquered,0,36745,0,39,0.0,0,0,83,0,0,39,38,23925,3,4,0,2,367,170,0,0
strong_defence,64,hegemony-1,hegemony,1,300,,130427,130427,119,119,0.4648,0,123,14,60,60,2,60,20051,4,3,0,1,409,0,0,0
strong_defence,64,retaliation-1,retaliation,0,123,union,0,17969,0,64,0.0,0,64,13,25,25,4,43,921,4,7,0,1,165,94,10,0
strong_defence,64,random-1,random,0,112,collapsed,0,1720,0,44,0.0,0,70,123,14,14,50,40,4064,4,2,0,2,37,0,0,0
strong_defence,65,peace-1,peace,1,300,,46002,73100,48,61,0.1875,0,0,55,0,0,16,63,10326,3,4,0,2,489,224,0,0
strong_defence,65,switzerland-1,switzerland,0,268,conquered,0,39278,0,33,0.0,0,0,91,0,0,33,32,29648,4,6,0,2,642,437,0,0
strong_defence,65,hegemony-1,hegemony,1,300,,123961,123961,121,121,0.4727,1,180,25,72,72,4,52,41937,4,3,0,2,557,0,0,0
strong_defence,65,retaliation-1,retaliation,1,300,,95700,104217,87,87,0.3398,0,5,1,3,3,0,83,29,3,4,0,1,463,213,0,0
strong_defence,65,random-1,random,0,81,collapsed,0,375,0,23,0.0,0,53,66,8,8,30,27,1011,4,3,0,3,47,0,0,0
strong_defence,66,peace-1,peace,0,95,union,0,6739,0,52,0.0,0,0,28,0,0,6,54,404,4,7,0,1,135,28,0,0
strong_defence,66,switzerland-1,switzerland,1,300,,50572,50572,46,50,0.1797,0,0,84,0,0,13,58,5950,3,5,0,1,335,271,0,0
strong_defence,66,hegemony-1,hegemony,1,300,,67087,67087,61,61,0.2383,0,0,0,0,0,0,60,0,2,2,0,0,317,0,0,0
strong_defence,66,retaliation-1,retaliation,1,300,,178709,178709,149,149,0.582,1,71,25,47,47,1,53,7396,3,6,0,0,604,269,0,1
strong_defence,66,random-1,random,0,170,collapsed,0,10234,0,47,0.0,0,137,71,20,20,47,33,22777,2,2,0,2,13,0,0,0
strong_defence,67,peace-1,peace,1,300,,141129,141129,119,119,0.4648,1,0,68,0,0,4,74,4575,3,5,0,1,503,251,17,1
strong_defence,67,switzerland-1,switzerland,1,300,,78782,78782,68,68,0.2656,0,0,57,0,0,4,71,3340,3,4,0,1,516,233,0,0
strong_defence,67,hegemony-1,hegemony,1,300,,82779,82779,69,69,0.2695,0,0,0,0,0,0,68,0,3,3,0,0,499,0,0,0
strong_defence,67,retaliation-1,retaliation,0,86,union,0,4627,0,48,0.0,0,32,7,10,10,1,38,370,4,7,0,1,145,54,17,0
strong_defence,67,random-1,random,0,164,collapsed,0,4746,0,35,0.0,0,132,32,9,9,10,32,15658,3,3,0,3,11,0,0,0
strong_defence,68,peace-1,peace,0,71,union,0,1897,0,32,0.0,0,0,25,0,0,6,34,198,3,4,0,0,88,13,1,0
strong_defence,68,switzerland-1,switzerland,0,295,conquered,0,53828,0,53,0.0,0,0,115,0,0,53,52,36291,2,2,0,1,219,0,0,0
strong_defence,68,hegemony-1,hegemony,1,300,,155252,155252,151,151,0.5898,1,147,4,62,62,3,91,33502,4,2,0,1,445,0,0,0
strong_defence,68,retaliation-1,retaliation,1,300,,115468,115468,105,105,0.4102,0,52,34,26,26,4,53,846,3,4,0,1,289,13,1,1
strong_defence,68,random-1,random,0,92,collapsed,0,690,0,32,0.0,0,63,84,13,13,35,28,1791,4,2,0,1,67,0,0,0
strong_defence,69,peace-1,peace,1,300,,62388,62388,52,53,0.2031,0,0,7,0,0,1,52,74,3,4,0,1,546,241,0,0
strong_defence,69,switzerland-1,switzerland,1,300,,805,52521,1,45,0.0039,0,0,101,0,0,44,44,34089,2,3,0,1,456,241,0,0
strong_defence,69,hegemony-1,hegemony,1,300,,121916,121916,114,114,0.4453,1,177,19,70,70,2,45,33642,4,3,0,1,630,0,0,0
strong_defence,69,retaliation-1,retaliation,1,300,,97863,97863,89,89,0.3477,0,56,29,30,30,0,58,1321,2,2,0,1,203,0,0,0
strong_defence,69,random-1,random,0,112,collapsed,0,1577,0,46,0.0,0,55,132,3,3,56,56,3601,3,2,0,2,35,0,0,0
strong_defence,70,peace-1,peace,1,300,,123200,133663,112,112,0.4375,0,0,26,0,0,4,57,4286,4,7,0,1,558,211,9,1
strong_defence,70,switzerland-1,switzerland,0,258,conquered,0,30727,0,40,0.0,0,0,128,0,0,48,47,28391,4,6,0,2,547,306,0,0
strong_defence,70,hegemony-1,hegemony,1,300,,156528,156528,144,144,0.5625,1,152,33,86,86,5,62,29466,4,3,0,2,521,0,0,0
strong_defence,70,retaliation-1,retaliation,0,161,union,0,36473,0,64,0.0,0,102,88,28,28,20,49,13372,4,7,0,2,289,131,9,0
strong_defence,70,random-1,random,0,199,collapsed,0,16536,0,50,0.0,0,155,134,28,28,65,43,37931,4,3,0,3,35,0,0,0
strong_defence,71,peace-1,peace,0,63,union,0,1718,0,50,0.0,0,0,10,0,0,3,53,66,4,6,0,1,92,12,2,0
strong_defence,71,switzerland-1,switzerland,1,300,,10995,14031,10,46,0.0391,0,0,128,0,0,39,48,12665,3,4,0,2,329,217,0,0
strong_defence,71,hegemony-1,hegemony,1,300,,86850,86850,79,79,0.3086,0,83,0,30,30,0,48,11543,4,3,0,1,333,0,0,0
strong_defence,71,retaliation-1,retaliation,1,300,,200268,200268,167,167,0.6523,1,84,67,43,43,6,78,8350,2,5,0,0,541,229,2,1
strong_defence,71,random-1,random,0,157,collapsed,0,6305,0,41,0.0,0,126,88,21,21,46,31,15306,3,2,0,2,21,0,0,0
strong_defence,72,peace-1,peace,1,300,,151161,151161,126,126,0.4922,1,0,11,0,0,1,60,76,4,7,0,1,545,240,1,1
strong_defence,72,switzerland-1,switzerland,1,300,,58288,58288,53,53,0.207,0,0,23,0,0,5,57,340,3,5,0,1,349,282,0,0
strong_defence,72,hegemony-1,hegemony,1,300,,84673,84673,77,77,0.3008,0,60,19,29,29,2,49,1143,3,2,0,0,329,0,0,0
strong_defence,72,retaliation-1,retaliation,0,121,union,0,20980,0,66,0.0,0,46,17,16,16,0,49,1197,4,7,0,1,245,72,1,0
strong_defence,72,random-1,random,0,108,collapsed,0,1749,0,41,0.0,0,70,106,8,8,45,38,3724,4,3,0,3,38,0,0,0
strong_defence,73,peace-1,peace,0,53,union,0,1208,0,42,0.0,0,0,0,0,0,0,41,0,3,5,0,0,80,12,2,0
strong_defence,73,switzerland-1,switzerland,1,300,,59989,59989,50,50,0.1953,0,0,0,0,0,0,49,0,2,3,0,0,542,231,0,0
strong_defence,73,hegemony-1,hegemony,1,300,,43195,43195,36,36,0.1406,0,0,0,0,0,0,35,0,3,3,0,0,568,0,0,0
strong_defence,73,retaliation-1,retaliation,1,300,,203746,203746,170,170,0.6641,1,113,101,69,69,6,64,12091,4,7,0,1,612,243,2,1
strong_defence,73,random-1,random,0,173,collapsed,0,8152,0,55,0.0,0,101,113,6,6,69,72,21174,2,2,0,1,30,0,0,0
strong_defence,74,peace-1,peace,0,109,union,0,12970,0,44,0.0,0,0,15,0,0,2,44,507,4,6,0,0,166,55,2,0
strong_defence,74,switzerland-1,switzerland,1,300,,59326,59326,54,54,0.2109,0,0,59,0,0,7,60,5183,3,5,0,1,341,275,0,0
strong_defence,74,hegemony-1,hegemony,1,300,,58290,58290,53,53,0.207,0,0,0,0,0,0,52,0,2,2,0,0,335,0,0,0
strong_defence,74,retaliation-1,retaliation,1,300,,178612,178612,149,149,0.582,1,120,69,59,59,6,52,16364,4,7,0,1,628,280,2,1
strong_defence,74,random-1,random,0,194,collapsed,0,11554,0,55,0.0,0,143,120,15,15,59,51,34170,3,2,0,2,14,0,0,0
strong_defence,75,peace-1,peace,0,65,union,0,2105,0,44,0.0,0,0,3,0,0,0,43,13,4,7,0,1,96,15,6,0
strong_defence,75,switzerland-1,switzerland,0,243,conquered,0,37175,0,36,0.0,0,0,95,0,0,37,36,26985,3,4,0,2,246,182,0,0
strong_defence,75,hegemony-1,hegemony,1,300,,140979,140979,129,129,0.5039,1,146,26,69,69,6,65,25453,4,3,0,1,313,0,0,0
strong_defence,75,retaliation-1,retaliation,1,300,,139700,151611,127,127,0.4961,0,59,25,30,30,1,53,2731,2,4,0,0,492,189,6,1
strong_defence,75,random-1,random,0,134,collapsed,0,4218,0,56,0.0,0,74,130,8,8,63,60,9460,3,2,0,2,19,0,0,0
strong_defence,76,peace-1,peace,1,300,,93570,93570,78,78,0.3047,0,0,0,0,0,0,77,0,2,3,0,0,525,230,0,0
strong_defence,76,switzerland-1,switzerland,1,300,,72779,72779,56,56,0.2188,0,0,14,0,0,2,57,266,4,6,0,1,806,459,0,0
strong_defence,76,hegemony-1,hegemony,1,300,,118481,118481,119,119,0.4648,1,246,210,100,100,36,54,68152,4,2,0,0,544,0,0,0
strong_defence,76,retaliation-1,retaliation,0,300,collapsed,0,29532,0,51,0.0,0,264,229,58,58,86,30,87938,3,3,0,1,274,229,0,0
strong_defence,76,random-1,random,0,97,collapsed,0,996,0,34,0.0,0,59,116,13,13,47,36,2303,3,2,0,2,9,0,0,0
strong_defence,77,peace-1,peace,1,300,,82477,82477,75,75,0.293,0,0,41,0,0,4,42,3000,3,5,0,1,323,17,1,1
strong_defence,77,switzerland-1,switzerland,0,300,conquered,0,42682,0,56,0.0,0,0,198,0,0,67,66,42683,2,1,0,1,137,0,0,0
strong_defence,77,hegemony-1,hegemony,1,300,,185284,185284,181,181,0.707,1,217,15,102,102,2,80,42673,3,3,0,2,438,0,0,0
strong_defence,77,retaliation-1,retaliation,0,56,union,0,1141,0,38,0.0,0,18,6,6,6,4,33,180,2,3,0,0,48,17,1,0
strong_defence,77,random-1,random,0,166,collapsed,0,7196,0,47,0.0,0,127,102,22,22,53,39,19580,4,2,0,2,32,0,0,0
strong_defence,78,peace-1,peace,1,300,,112777,112777,94,94,0.3672,0,0,15,0,0,4,52,864,4,7,0,1,626,268,6,1
strong_defence,78,switzerland-1,switzerland,1,300,,29206,57347,29,67,0.1133,0,0,206,0,0,48,76,35860,4,6,0,3,366,236,0,0
strong_defence,78,hegemony-1,hegemony,1,300,,134858,134858,133,133,0.5195,1,228,40,89,89,5,48,44108,3,3,0,2,331,0,0,0
strong_defence,78,retaliation-1,retaliation,0,79,union,0,3280,0,45,0.0,0,32,10,7,7,2,39,451,3,5,0,1,93,32,6,0
strong_defence,78,random-1,random,0,209,collapsed,0,11588,0,49,0.0,0,165,154,27,27,64,44,37459,4,3,0,3,42,0,0,0
strong_defence,79,peace-1,peace,0,109,union,0,8430,0,44,0.0,0,0,48,0,0,15,49,853,4,7,0,1,223,70,0,0
strong_defence,79,switzerland-1,switzerland,1,300,,64788,64788,54,54,0.2109,0,0,0,0,0,0,53,0,3,5,0,0,590,252,0,0
strong_defence,79,hegemony-1,hegemony,1,300,,94764,94764,79,79,0.3086,0,56,10,19,19,3,62,1392,4,2,0,0,556,0,0,0
strong_defence,79,retaliation-1,retaliation,1,300,,147539,147539,123,123,0.4805,1,74,32,32,32,2,57,2874,4,6,0,1,512,260,0,1
strong_defence,79,random-1,random,0,130,collapsed,0,2750,0,45,0.0,0,90,130,20,20,51,39,7052,3,2,0,2,9,0,0,0
strong_defence,80,peace-1,peace,0,138,union,0,30802,0,49,0.0,0,0,24,0,0,4,52,296,4,7,0,1,276,104,8,0
strong_defence,80,switzerland-1,switzerland,1,300,,75883,75883,69,69,0.2695,0,0,8,0,0,1,69,110,3,5,0,1,400,331,0,0
strong_defence,80,hegemony-1,hegemony,1,300,,85773,85773,78,78,0.3047,0,51,11,23,23,4,58,586,3,2,0,0,345,0,0,0
strong_defence,80,retaliation-1,retaliation,1,300,,130766,130766,109,109,0.4258,1,57,14,26,26,3,36,597,4,6,0,0,548,253,8,1
strong_defence,80,random-1,random,0,96,collapsed,0,1037,0,36,0.0,0,57,108,12,12,49,39,2137,4,2,0,2,13,0,0,0
strong_defence,81,peace-1,peace,1,300,,163153,163153,136,136,0.5312,1,0,20,0,0,4,68,331,4,7,0,1,550,273,8,1
strong_defence,81,switzerland-1,switzerland,1,300,,57587,57587,48,49,0.1875,0,0,24,0,0,6,53,441,3,4,0,1,548,259,0,0
strong_defence,81,hegemony-1,hegemony,1,300,,86371,86371,72,72,0.2812,0,63,7,28,28,1,44,882,4,4,0,1,551,0,0,0
strong_defence,81,retaliation-1,retaliation,0,118,union,0,19456,0,71,0.0,0,51,13,25,25,2,47,956,3,5,0,1,130,14,8,0
strong_defence,81,random-1,random,0,106,collapsed,0,1492,0,43,0.0,0,64,114,13,13,53,41,3390,4,4,0,4,25,0,0,0
strong_defence,82,peace-1,peace,1,300,,152365,152365,127,127,0.4961,1,0,0,0,0,0,68,0,2,5,0,0,537,248,8,1
strong_defence,82,switzerland-1,switzerland,1,300,,76778,76778,64,64,0.25,0,0,34,0,0,3,66,607,4,5,0,1,561,235,0,0
strong_defence,82,hegemony-1,hegemony,1,300,,77959,77959,65,65,0.2539,0,85,40,39,39,7,32,1356,3,2,0,0,541,0,0,0
strong_defence,82,retaliation-1,retaliation,0,71,union,0,2848,0,58,0.0,0,0,0,0,0,0,57,0,3,5,0,0,115,13,8,0
strong_defence,82,random-1,random,0,111,collapsed,0,1146,0,33,0.0,0,74,85,10,10,39,36,2929,2,1,0,1,14,0,0,0
strong_defence,83,peace-1,peace,1,300,,109551,109551,93,93,0.3633,1,0,122,0,0,10,57,13974,2,4,0,0,495,207,3,1
strong_defence,83,switzerland-1,switzerland,1,300,,86736,86736,77,77,0.3008,0,0,50,0,0,3,79,4585,3,4,0,1,487,197,0,0
strong_defence,83,hegemony-1,hegemony,1,300,,85178,85178,71,71,0.2773,0,0,0,0,0,0,70,0,2,2,0,0,521,0,0,0
strong_defence,83,retaliation-1,retaliation,0,73,union,0,2426,0,46,0.0,0,28,10,6,6,1,39,394,4,5,0,0,90,10,3,0
strong_defence,83,random-1,random,0,211,collapsed,0,8772,0,38,0.0,0,182,28,14,14,6,29,35069,3,1,0,1,7,0,0,0
strong_defence,84,peace-1,peace,1,300,,110377,110377,92,92,0.3594,1,0,0,0,0,0,54,0,3,6,0,0,585,273,10,1
strong_defence,84,switzerland-1,switzerland,1,300,,90176,90176,82,82,0.3203,0,0,0,0,0,0,81,0,2,4,0,0,357,299,0,0
strong_defence,84,hegemony-1,hegemony,1,300,,90160,90160,82,82,0.3203,0,71,56,36,36,6,51,1559,3,2,0,0,302,0,0,0
strong_defence,84,retaliation-1,retaliation,0,129,union,0,17564,0,37,0.0,0,45,9,10,10,2,28,379,4,7,0,1,191,66,10,0
strong_defence,84,random-1,random,0,111,collapsed,0,986,0,38,0.0,0,65,116,8,8,46,46,2767,2,1,0,1,7,0,0,0
strong_defence,85,peace-1,peace,0,94,union,0,5742,0,46,0.0,0,0,28,0,0,7,51,318,4,7,0,1,161,35,6,0
strong_defence,85,switzerland-1,switzerland,1,300,,83978,83978,70,70,0.2734,0,0,0,0,0,0,69,0,3,5,0,0,553,225,0,0
strong_defence,85,hegemony-1,hegemony,1,300,,79164,79164,66,66,0.2578,0,80,27,28,28,6,43,1661,4,2,0,0,535,0,0,0
strong_defence,85,retaliation-1,retaliation,1,300,,143953,143953,120,120,0.4688,1,63,24,26,26,6,54,1616,4,5,0,0,504,232,6,1
strong_defence,85,random-1,random,0,117,collapsed,0,1805,0,41,0.0,0,79,143,19,19,54,38,4497,3,1,0,1,3,0,0,0
strong_defence,86,peace-1,peace,0,68,union,0,2458,0,46,0.0,0,0,0,0,0,0,45,0,2,4,0,0,91,9,3,0
strong_defence,86,switzerland-1,switzerland,1,300,,79175,79175,66,66,0.2578,0,0,31,0,0,4,69,347,3,4,0,1,456,216,0,0
strong_defence,86,hegemony-1,hegemony,1,300,,65971,65971,55,55,0.2148,0,76,24,24,24,2,32,1068,3,2,0,0,481,0,0,0
strong_defence,86,retaliation-1,retaliation,1,300,,161958,161958,135,135,0.5273,1,32,14,21,21,1,68,839,3,6,0,1,537,225,3,1
strong_defence,86,random-1,random,0,107,collapsed,0,1791,0,40,0.0,0,69,108,7,7,45,38,3331,3,2,0,2,7,0,0,0
strong_defence,87,peace-1,peace,1,300,,158798,158798,136,136,0.5312,1,0,0,0,0,0,80,0,3,6,0,0,558,245,1,1
strong_defence,87,switzerland-1,switzerland,1,300,,73684,73684,67,67,0.2617,0,0,0,0,0,0,66,0,2,4,0,0,312,254,0,0
strong_defence,87,hegemony-1,hegemony,1,300,,56086,56086,51,51,0.1992,0,46,28,25,25,2,27,303,3,2,0,0,274,0,0,0
strong_defence,87,retaliation-1,retaliation,0,70,union,0,2538,0,55,0.0,0,15,6,11,11,3,46,111,4,7,0,1,119,31,1,0
strong_defence,87,random-1,random,0,66,collapsed,0,246,0,19,0.0,0,34,61,5,5,36,31,563,2,1,0,1,3,0,0,0
strong_defence,88,peace-1,peace,1,300,,26909,36377,24,51,0.0938,0,0,138,0,0,27,50,25148,3,5,0,2,425,226,0,0
strong_defence,88,switzerland-1,switzerland,1,300,,46771,46771,36,45,0.1406,0,0,71,0,0,13,48,8975,4,6,0,1,787,474,0,0
strong_defence,88,hegemony-1,hegemony,1,300,,117009,117009,104,104,0.4062,1,152,55,52,52,8,59,49421,4,4,0,1,674,0,0,0
strong_defence,88,retaliation-1,retaliation,1,300,,59989,59989,50,50,0.1953,0,0,0,0,0,0,49,0,2,3,0,0,548,248,0,0
strong_defence,88,random-1,random,1,300,,29131,43214,42,66,0.1641,0,255,143,43,43,47,45,97656,3,2,0,2,22,0,0,0
strong_defence,89,peace-1,peace,1,300,,71487,71487,65,65,0.2539,0,0,0,0,0,0,64,0,2,3,0,0,364,58,0,0
strong_defence,89,switzerland-1,switzerland,1,300,,15796,66837,17,65,0.0664,0,0,129,0,0,49,65,36239,3,4,0,2,299,112,0,0
strong_defence,89,hegemony-1,hegemony,1,300,,178283,178283,174,174,0.6797,1,201,64,107,107,3,69,40252,4,2,0,1,425,0,0,0
strong_defence,89,retaliation-1,retaliation,0,154,collapsed,0,4024,0,31,0.0,0,127,97,32,32,46,21,9048,4,4,0,0,233,170,0,0
strong_defence,89,random-1,random,0,118,collapsed,0,1407,0,37,0.0,0,75,113,16,16,57,43,3492,3,1,0,1,5,0,0,0
strong_defence,90,peace-1,peace,0,60,union,0,1596,0,49,0.0,0,0,9,0,0,1,49,50,4,7,0,1,106,22,4,0
strong_defence,90,switzerland-1,switzerland,1,300,,30792,30792,28,28,0.1094,0,0,23,0,0,2,29,1759,3,5,0,1,328,264,0,0
strong_defence,90,hegemony-1,hegemony,1,300,,91274,91274,83,83,0.3242,0,0,0,0,0,0,82,0,2,2,0,0,298,0,0,0
strong_defence,90,retaliation-1,retaliation,1,300,,173902,173902,145,145,0.5664,1,93,82,48,48,11,58,8615,3,6,0,0,600,264,4,1
strong_defence,90,random-1,random,0,159,collapsed,0,5840,0,46,0.0,0,114,93,14,14,48,45,16162,2,2,0,2,10,0,0,0
strong_defence,91,peace-1,peace,0,104,union,0,12266,0,60,0.0,0,0,2,0,0,0,59,9,4,7,0,1,165,46,4,0
strong_defence,91,switzerland-1,switzerland,1,300,,74783,74783,68,68,0.2656,0,0,0,0,0,0,67,0,3,4,0,0,326,266,0,0
strong_defence,91,hegemony-1,hegemony,1,300,,53880,53880,49,49,0.1914,0,67,38,26,26,6,28,628,3,2,0,0,269,0,0,0
strong_defence,91,retaliation-1,retaliation,1,300,,166757,166757,139,139,0.543,1,21,8,14,14,1,65,176,4,7,0,1,537,240,4,1
strong_defence,91,random-1,random,0,84,collapsed,0,439,0,27,0.0,0,48,88,7,7,40,36,1073,4,2,0,2,29,0,0,0
strong_defence,92,peace-1,peace,1,300,,81450,99151,71,96,0.2773,0,0,214,0,0,33,53,44248,3,6,0,2,537,226,1,1
strong_defence,92,switzerland-1,switzerland,1,300,,39595,39595,33,33,0.1289,0,0,0,0,0,0,32,0,2,3,0,0,548,260,0,0
strong_defence,92,hegemony-1,hegemony,1,300,,58786,58786,49,49,0.1914,0,22,18,7,7,4,45,2042,3,4,0,2,571,0,0,0
strong_defence,92,retaliation-1,retaliation,0,111,union,0,9669,0,52,0.0,0,58,33,12,12,9,46,3212,4,7,0,2,220,106,1,0
strong_defence,92,random-1,random,1,300,,91532,91532,103,103,0.4023,1,225,40,35,35,8,75,66535,2,2,0,2,12,0,0,0
strong_defence,93,peace-1,peace,1,300,,93573,93573,78,78,0.3047,1,0,0,0,0,0,77,0,2,3,0,0,500,242,0,0
strong_defence,93,switzerland-1,switzerland,1,300,,92274,92274,71,71,0.2773,0,0,3,0,0,0,70,23,4,5,0,0,777,492,0,0
strong_defence,93,hegemony-1,hegemony,1,300,,77968,77968,60,60,0.2344,0,57,23,23,23,4,40,406,4,3,0,0,720,0,0,0
strong_defence,93,retaliation-1,retaliation,1,300,,56383,56383,47,47,0.1836,0,52,14,21,21,4,29,320,3,3,0,0,547,250,0,0
strong_defence,93,random-1,random,0,79,collapsed,0,352,0,26,0.0,0,40,109,8,8,44,39,883,3,0,0,0,0,0,0,0
strong_defence,94,peace-1,peace,1,300,,129565,129565,108,108,0.4219,1,0,38,0,0,1,48,3584,4,6,0,0,612,266,1,1
strong_defence,94,switzerland-1,switzerland,1,300,,45094,45094,41,41,0.1602,0,0,0,0,0,0,40,0,2,4,0,0,352,294,0,0
strong_defence,94,hegemony-1,hegemony,1,300,,117601,117601,107,107,0.418,0,99,35,46,46,7,67,3225,3,3,0,1,315,0,0,0
strong_defence,94,retaliation-1,retaliation,0,91,union,0,6167,0,60,0.0,0,38,11,16,16,4,47,658,4,7,0,1,176,72,1,0
strong_defence,94,random-1,random,0,152,collapsed,0,4311,0,47,0.0,0,84,137,12,12,62,68,11919,3,2,0,2,19,0,0,0
strong_defence,95,peace-1,peace,1,300,,145168,145168,121,121,0.4727,1,0,0,0,0,0,78,0,2,5,0,0,527,249,1,1
strong_defence,95,switzerland-1,switzerland,1,300,,94767,94767,79,79,0.3086,0,0,30,0,0,1,79,183,4,5,0,1,562,242,0,0
strong_defence,95,hegemony-1,hegemony,1,300,,67180,67180,56,56,0.2188,0,58,14,28,28,1,28,331,3,2,0,0,497,0,0,0
strong_defence,95,retaliation-1,retaliation,0,64,union,0,2026,0,42,0.0,0,0,0,0,0,0,41,0,3,5,0,0,75,17,1,0
strong_defence,95,random-1,random,0,78,collapsed,0,297,0,22,0.0,0,44,58,2,2,28,33,778,2,1,0,1,13,0,0,0
strong_defence,96,peace-1,peace,1,300,,125978,125978,105,105,0.4102,1,0,0,0,0,0,57,0,3,6,0,0,625,243,8,1
strong_defence,96,switzerland-1,switzerland,1,300,,79173,79173,66,66,0.2578,0,0,44,0,0,6,71,1642,3,4,0,1,508,224,0,0
strong_defence,96,hegemony-1,hegemony,1,300,,101929,101929,85,85,0.332,0,103,57,46,46,6,44,4105,4,3,0,0,583,0,0,0
strong_defence,96,retaliation-1,retaliation,0,98,union,0,9370,0,47,0.0,0,0,0,0,0,0,46,0,3,5,0,0,170,19,8,0
strong_defence,96,random-1,random,0,143,collapsed,0,3422,0,40,0.0,0,101,103,12,12,46,41,9029,3,2,0,1,118,0,0,0
strong_defence,97,peace-1,peace,1,300,,147564,147564,123,123,0.4805,1,0,17,0,0,0,70,646,4,7,0,1,593,245,3,1
strong_defence,97,switzerland-1,switzerland,1,300,,74365,74365,62,62,0.2422,0,0,53,0,0,2,63,2393,4,5,0,1,459,230,0,0
strong_defence,97,hegemony-1,hegemony,1,300,,85116,85116,71,71,0.2773,0,122,23,36,36,3,37,2905,3,2,0,0,424,0,0,0
strong_defence,97,retaliation-1,retaliation,0,66,union,0,2246,0,52,0.0,0,0,0,0,0,0,51,0,2,4,0,0,72,15,3,0
strong_defence,97,random-1,random,0,144,collapsed,0,3235,0,47,0.0,0,93,122,5,5,36,51,9534,3,2,0,2,44,0,0,0
strong_defence,98,peace-1,peace,1,300,,153374,153374,130,130,0.5078,1,0,39,0,0,0,100,467,4,7,0,1,564,241,3,1
strong_defence,98,switzerland-1,switzerland,1,300,,57590,57590,48,48,0.1875,0,0,0,0,0,0,47,0,4,5,0,0,614,231,0,0
strong_defence,98,hegemony-1,hegemony,1,300,,93573,93573,78,78,0.3047,0,0,0,0,0,0,77,0,2,2,0,0,535,0,0,0
strong_defence,98,retaliation-1,retaliation,0,61,union,0,871,0,29,0.0,0,44,23,21,21,7,14,337,3,5,0,1,57,10,3,0
strong_defence,98,random-1,random,0,94,collapsed,0,381,0,24,0.0,0,62,44,7,7,21,32,1322,3,3,0,2,60,0,0,0
strong_defence,99,peace-1,peace,1,300,,157153,157153,131,131,0.5117,1,0,0,0,0,0,69,0,3,6,0,0,572,246,4,1
strong_defence,99,switzerland-1,switzerland,1,300,,74383,74383,62,62,0.2422,0,0,6,0,0,0,61,51,3,4,0,1,542,226,0,0
strong_defence,99,hegemony-1,hegemony,1,300,,75577,75577,63,63,0.2461,0,56,20,28,28,0,34,365,4,3,0,0,582,0,0,0
strong_defence,99,retaliation-1,retaliation,0,91,union,0,6249,0,61,0.0,0,28,6,10,10,1,51,170,3,5,0,1,102,20,4,0
strong_defence,99,random-1,random,0,76,collapsed,0,421,0,30,0.0,0,32,84,1,1,38,44,821,3,2,0,2,24,0,0,0
weak_defence,0,peace-1,peace,0,62,union,0,983,0,39,0.0,0,0,30,0,0,20,54,230,2,3,0,0,41,11,1,0
weak_defence,0,switzerland-1,switzerland,0,153,conquered,0,2650,0,45,0.0,0,0,94,0,0,55,54,4051,3,4,0,2,130,71,0,0
weak_defence,0,hegemony-1,hegemony,1,300,,67097,80520,78,101,0.3047,0,266,183,138,138,95,34,85140,4,2,0,2,28,0,0,0
weak_defence,0,retaliation-1,retaliation,1,300,,162840,162840,178,178,0.6953,1,194,123,133,133,46,55,65863,4,6,0,1,170,82,1,1
weak_defence,0,random-1,random,0,202,conquered,0,31502,0,84,0.0,0,148,178,65,65,120,54,52849,3,1,0,1,5,0,0,0
weak_defence,1,peace-1,peace,1,300,,76570,151462,78,137,0.3047,0,0,110,0,0,59,100,38922,3,7,0,2,256,128,2,1
weak_defence,1,switzerland-1,switzerland,0,192,conquered,0,19364,0,61,0.0,0,0,131,0,0,72,71,21043,4,5,0,2,173,118,0,0
weak_defence,1,hegemony-1,hegemony,1,300,,165515,165515,178,178,0.6953,1,268,17,149,149,4,32,46150,3,2,0,2,75,0,0,0
weak_defence,1,retaliation-1,retaliation,0,62,union,0,1287,0,37,0.0,0,41,19,22,22,7,20,348,4,4,0,0,61,10,2,0
weak_defence,1,random-1,random,0,50,collapsed,0,215,0,18,0.0,0,21,53,5,5,34,29,354,4,2,0,2,5,0,0,0
weak_defence,2,peace-1,peace,1,300,,24984,52631,23,61,0.0898,0,0,74,0,0,38,60,23018,3,4,0,1,390,241,0,0
weak_defence,2,switzerland-1,switzerland,1,300,,67488,93410,63,97,0.2461,0,0,88,0,0,42,104,28809,3,4,0,1,410,241,0,0
weak_defence,2,hegemony-1,hegemony,0,157,collapsed,0,1669,0,27,0.0,0,141,70,45,45,40,16,6303,4,2,0,0,219,0,0,0
weak_defence,2,retaliation-1,retaliation,0,26,collapsed,0,139,0,8,0.0,0,19,19,5,5,12,7,177,1,0,0,0,0,0,0,0
weak_defence,2,random-1,random,1,300,,157373,157373,170,170,0.6641,1,213,122,115,115,33,87,46576,3,2,0,2,41,0,0,0
weak_defence,3,peace-1,peace,0,58,union,0,219,0,23,0.0,0,0,46,0,0,30,51,180,3,3,0,0,39,10,3,0
weak_defence,3,switzerland-1,switzerland,0,119,conquered,0,2102,0,41,0.0,0,0,78,0,0,47,46,3296,3,3,0,1,88,39,0,0
weak_defence,3,hegemony-1,hegemony,1,300,,96069,97417,110,112,0.4297,0,277,178,164,164,78,23,79734,4,2,0,2,40,0,0,0
weak_defence,3,retaliation-1,retaliation,1,300,,131370,131750,144,145,0.5625,1,211,123,129,129,60,52,68795,3,7,0,2,156,49,3,1
weak_defence,3,random-1,random,0,192,collapsed,0,20505,0,76,0.0,0,114,177,46,46,124,78,39150,3,1,0,1,11,0,0,0
weak_defence,4,peace-1,peace,0,66,union,0,1248,0,45,0.0,0,0,30,0,0,14,58,179,4,5,0,1,100,12,6,0
weak_defence,4,switzerland-1,switzerland,0,188,conquered,0,18272,0,64,0.0,0,0,126,0,0,79,78,20408,4,5,0,2,252,121,0,0
weak_defence,4,hegemony-1,hegemony,1,300,,91473,110396,104,125,0.4062,0,274,115,144,144,67,26,83937,4,3,0,3,129,0,0,0
weak_defence,4,retaliation-1,retaliation,1,300,,138591,143222,152,154,0.5938,1,141,124,88,88,47,65,61768,4,8,0,3,290,133,6,1
weak_defence,4,random-1,random,0,46,collapsed,0,226,0,18,0.0,0,21,41,6,6,31,25,335,4,3,0,3,23,0,0,0
weak_defence,5,peace-1,peace,1,300,,80876,94553,82,86,0.3203,0,0,12,0,0,4,85,3703,2,3,0,1,371,128,0,0
weak_defence,5,switzerland-1,switzerland,0,172,conquered,0,12238,0,58,0.0,0,0,119,0,0,71,70,14728,4,6,0,2,322,247,0,0
weak_defence,5,hegemony-1,hegemony,1,300,,164951,165175,171,171,0.668,1,268,121,175,175,37,32,66815,4,3,0,3,362,0,0,0
weak_defence,5,retaliation-1,retaliation,0,288,collapsed,0,47324,0,48,0.0,0,134,118,53,53,81,30,68035,3,4,0,2,286,119,0,0
weak_defence,5,random-1,random,0,51,conquered,0,295,0,23,0.0,0,17,49,5,5,40,34,395,3,2,0,2,7,0,0,0
weak_defence,6,peace-1,peace,0,65,union,0,2141,0,57,0.0,0,0,0,0,0,0,56,0,3,4,0,0,60,12,3,0
weak_defence,6,switzerland-1,switzerland,0,184,conquered,0,13844,0,58,0.0,0,0,136,0,0,77,76,17315,3,4,0,2,183,98,0,0
weak_defence,6,hegemony-1,hegemony,1,300,,100026,104724,113,119,0.4414,0,279,132,164,164,73,21,81221,4,2,0,2,203,0,0,0
weak_defence,6,retaliation-1,retaliation,1,300,,129579,151980,143,146,0.5586,1,126,118,74,74,61,72,67672,3,5,0,1,323,110,3,1
weak_defence,6,random-1,random,0,77,collapsed,0,458,0,25,0.0,0,48,67,18,18,45,28,918,3,1,0,1,5,0,0,0
weak_defence,7,peace-1,peace,0,58,union,0,1521,0,53,0.0,0,0,2,0,0,0,52,9,3,5,0,1,50,10,3,0
weak_defence,7,switzerland-1,switzerland,0,92,conquered,0,640,0,35,0.0,0,0,87,0,0,57,56,957,4,3,0,0,46,10,0,0
weak_defence,7,hegemony-1,hegemony,1,300,,56561,79792,67,100,0.2617,0,271,180,138,138,101,29,94772,3,1,0,1,108,0,0,0
weak_defence,7,retaliation-1,retaliation,1,300,,173392,173392,189,189,0.7383,1,230,199,150,150,79,64,81175,3,6,0,1,189,20,3,1
weak_defence,7,random-1,random,0,142,collapsed,0,7367,0,62,0.0,0,90,123,38,38,89,52,13548,3,1,0,1,3,0,0,0
weak_defence,8,peace-1,peace,0,78,union,0,1658,0,45,0.0,0,0,39,0,0,23,67,239,4,5,0,1,82,16,3,0
weak_defence,8,switzerland-1,switzerland,0,193,conquered,0,18678,0,68,0.0,0,0,124,0,0,72,71,21377,4,5,0,2,166,100,0,0
weak_defence,8,hegemony-1,hegemony,1,300,,120164,122822,133,137,0.5195,1,273,111,166,166,61,27,79172,4,2,0,2,83,0,0,0
weak_defence,8,retaliation-1,retaliation,1,300,,109687,133491,123,126,0.4805,0,163,125,92,92,62,47,64188,4,6,0,1,233,116,3,1
weak_defence,8,random-1,random,0,78,collapsed,0,500,0,27,0.0,0,37,74,8,8,48,41,917,4,2,0,2,10,0,0,0
weak_defence,9,peace-1,peace,0,184,union,0,52699,0,52,0.0,0,0,34,0,0,10,60,3427,4,7,0,2,314,94,7,0
weak_defence,9,switzerland-1,switzerland,0,106,conquered,0,1292,0,39,0.0,0,0,83,0,0,53,52,1771,4,5,0,1,169,97,0,0
weak_defence,9,hegemony-1,hegemony,1,300,,86332,94374,98,110,0.3828,0,256,174,142,142,89,44,90280,4,1,0,1,140,0,0,0
weak_defence,9,retaliation-1,retaliation,1,300,,141002,141002,156,156,0.6094,1,237,194,144,144,91,51,85098,4,6,0,1,141,69,7,1
weak_defence,9,random-1,random,0,135,collapsed,0,3365,0,42,0.0,0,78,86,25,25,68,55,7439,4,3,0,3,32,0,0,0
weak_defence,10,peace-1,peace,0,70,conquered,0,215,0,21,0.0,0,0,62,0,0,43,42,353,3,3,0,1,47,13,0,0
weak_defence,10,switzerland-1,switzerland,1,300,,81575,81575,68,74,0.2656,0,0,28,0,0,10,77,1221,3,4,0,1,492,234,0,0
weak_defence,10,hegemony-1,hegemony,1,300,,80443,83542,86,93,0.3359,0,284,179,154,154,85,16,92877,4,2,0,1,316,0,0,0
weak_defence,10,retaliation-1,retaliation,1,300,,97154,97810,102,104,0.3984,1,234,188,125,125,81,57,90389,4,6,0,2,424,247,0,0
weak_defence,10,random-1,random,0,137,collapsed,0,5333,0,60,0.0,0,76,137,31,31,91,60,10789,4,3,0,3,37,0,0,0
weak_defence,11,peace-1,peace,0,93,union,0,5752,0,50,0.0,0,0,28,0,0,10,52,373,4,6,0,0,125,36,0,0
weak_defence,11,switzerland-1,switzerland,1,300,,56091,56091,51,51,0.1992,0,0,0,0,0,0,50,0,2,4,0,0,338,280,0,0
weak_defence,11,hegemony-1,hegemony,1,300,,2237,44317,9,77,0.0352,0,259,209,97,97,130,41,98880,3,2,0,1,92,0,0,0
weak_defence,11,retaliation-1,retaliation,1,300,,196415,196415,196,196,0.7656,1,198,200,136,136,51,67,72359,4,7,0,2,418,278,0,1
weak_defence,11,random-1,random,0,114,collapsed,0,2414,0,40,0.0,0,72,92,23,23,65,42,4440,3,1,0,1,21,0,0,0
weak_defence,12,peace-1,peace,1,300,,56603,107266,58,146,0.2266,0,0,201,0,0,106,110,55903,3,6,0,1,142,13,4,1
weak_defence,12,switzerland-1,switzerland,0,68,conquered,0,177,0,18,0.0,0,0,54,0,0,46,45,297,4,5,0,1,94,26,0,0
weak_defence,12,hegemony-1,hegemony,1,300,,185501,185501,198,198,0.7734,1,281,25,183,183,5,19,44328,4,1,0,1,71,0,0,0
weak_defence,12,retaliation-1,retaliation,0,88,union,0,4513,0,53,0.0,0,47,24,25,25,11,38,866,4,6,0,1,98,31,4,0
weak_defence,12,random-1,random,0,109,collapsed,0,1457,0,39,0.0,0,63,87,18,18,58,44,3304,3,2,0,2,17,0,0,0
weak_defence,13,peace-1,peace,0,54,union,0,837,0,37,0.0,0,0,23,0,0,10,46,120,3,4,0,0,55,13,5,0
weak_defence,13,switzerland-1,switzerland,0,195,conquered,0,21673,0,64,0.0,0,0,125,0,0,75,74,22554,3,4,0,2,166,118,0,0
weak_defence,13,hegemony-1,hegemony,1,300,,124994,127588,138,142,0.5391,1,269,109,160,160,54,31,76159,4,3,0,3,87,0,0,0
weak_defence,13,retaliation-1,retaliation,1,300,,104931,138338,118,125,0.4609,0,161,129,89,89,69,60,64641,3,6,0,2,266,131,5,1
weak_defence,13,random-1,random,0,88,conquered,0,779,0,33,0.0,0,47,91,21,21,62,40,1581,3,1,0,1,8,0,0,0
weak_defence,14,peace-1,peace,0,94,union,0,339,0,25,0.0,0,0,77,0,0,53,54,533,4,6,0,1,115,54,7,0
weak_defence,14,switzerland-1,switzerland,1,300,,7624,19257,7,54,0.0273,0,0,96,0,0,60,66,15140,3,5,0,1,337,268,0,0
weak_defence,14,hegemony-1,hegemony,1,300,,659,31892,8,64,0.0312,0,277,223,126,126,142,23,85298,3,1,0,1,37,0,0,0
weak_defence,14,retaliation-1,retaliation,1,300,,40303,56481,52,77,0.2031,0,213,302,117,117,141,73,101988,4,7,0,2,354,256,7,1
weak_defence,14,random-1,random,1,300,,173755,174155,189,190,0.7383,1,264,56,176,176,23,35,50169,4,3,0,3,17,0,0,0
weak_defence,15,peace-1,peace,1,300,,38492,88631,40,113,0.1562,0,0,205,0,0,80,69,47244,4,7,0,2,180,68,3,1
weak_defence,15,switzerland-1,switzerland,0,96,conquered,0,228,0,24,0.0,0,0,83,0,0,69,68,459,3,3,0,0,118,50,0,0
weak_defence,15,hegemony-1,hegemony,1,300,,203666,203666,216,216,0.8438,1,280,27,199,199,4,20,37464,4,1,0,1,37,0,0,0
weak_defence,15,retaliation-1,retaliation,0,78,union,0,3161,0,50,0.0,0,38,13,19,19,6,36,478,3,4,0,1,60,18,3,0
weak_defence,15,random-1,random,0,200,collapsed,0,12169,0,53,0.0,0,137,127,29,29,88,62,33069,4,3,0,2,69,0,0,0
weak_defence,16,peace-1,peace,0,201,conquered,0,17862,0,54,0.0,0,0,142,0,0,90,89,21374,3,4,0,2,145,45,0,0
weak_defence,16,switzerland-1,switzerland,0,95,conquered,0,1226,0,37,0.0,0,0,63,0,0,45,44,1553,2,3,0,1,78,45,0,0
weak_defence,16,hegemony-1,hegemony,1,300,,101287,104627,114,120,0.4453,0,279,188,172,172,80,21,82706,4,2,0,2,57,0,0,0
weak_defence,16,retaliation-1,retaliation,0,31,collapsed,0,177,0,13,0.0,0,16,19,3,3,18,15,189,2,1,0,1,7,0,0,0
weak_defence,16,random-1,random,1,300,,128721,129938,142,144,0.5547,1,216,99,99,99,41,83,69104,3,2,0,2,25,0,0,0
weak_defence,17,peace-1,peace,1,300,,16076,35476,15,58,0.0586,0,0,133,0,0,66,80,21716,3,3,0,1,265,231,0,0
weak_defence,17,switzerland-1,switzerland,1,300,,15483,65411,15,59,0.0586,0,0,82,0,0,47,61,31662,4,4,0,1,511,231,0,0
weak_defence,17,hegemony-1,hegemony,1,300,,81053,81053,94,94,0.3672,0,271,123,130,130,66,29,58779,4,1,0,1,233,0,0,0
weak_defence,17,retaliation-1,retaliation,0,51,collapsed,0,177,0,13,0.0,0,37,36,15,15,27,14,351,2,1,0,0,18,0,0,0
weak_defence,17,random-1,random,1,300,,113172,113172,127,127,0.4961,1,235,169,129,129,68,65,70409,3,1,0,1,5,0,0,0
weak_defence,18,peace-1,peace,0,71,union,0,286,0,23,0.0,0,0,55,0,0,40,47,325,3,5,0,0,69,11,2,0
weak_defence,18,switzerland-1,switzerland,1,300,,1095,60060,1,65,0.0039,0,0,106,0,0,66,66,38675,4,5,0,1,458,257,0,0
weak_defence,18,hegemony-1,hegemony,1,300,,156183,160023,169,169,0.6602,1,275,101,186,186,43,25,57463,4,4,0,4,261,0,0,0
weak_defence,18,retaliation-1,retaliation,1,300,,83978,113916,86,96,0.3359,0,118,66,72,72,36,41,40867,4,8,0,3,437,268,2,1
weak_defence,18,random-1,random,0,183,collapsed,0,17018,0,66,0.0,0,109,174,40,40,113,73,34396,3,2,0,2,11,0,0,0
weak_defence,19,peace-1,peace,0,79,union,0,4136,0,66,0.0,0,0,0,0,0,0,65,0,2,5,0,0,94,34,4,0
weak_defence,19,switzerland-1,switzerland,0,242,conquered,0,38515,0,67,0.0,0,0,156,0,0,68,67,37281,4,5,0,2,301,187,0,0
weak_defence,19,hegemony-1,hegemony,1,300,,128135,128135,142,142,0.5547,1,271,99,139,139,27,29,63150,3,2,0,2,249,0,0,0
weak_defence,19,retaliation-1,retaliation,1,300,,103641,149340,114,126,0.4453,0,58,57,19,19,30,58,37247,3,5,0,1,437,173,4,1
weak_defence,19,random-1,random,0,83,collapsed,0,359,0,23,0.0,0,45,62,9,9,42,38,949,2,1,0,1,17,0,0,0
weak_defence,20,peace-1,peace,0,229,conquered,0,41823,0,65,0.0,0,0,115,0,0,74,73,33986,3,4,0,2,262,157,0,0
weak_defence,20,switzerland-1,switzerland,0,215,conquered,0,6277,0,57,0.0,0,0,124,0,0,72,71,9105,4,6,0,2,267,176,0,0
weak_defence,20,hegemony-1,hegemony,1,300,,73083,81454,85,97,0.332,0,273,190,152,152,95,27,84216,4,2,0,2,89,0,0,0
weak_defence,20,retaliation-1,retaliation,0,67,collapsed,0,258,0,19,0.0,0,45,44,14,14,34,22,575,2,2,0,0,50,19,0,0
weak_defence,20,random-1,random,1,300,,156656,156656,171,171,0.668,1,238,83,143,143,34,61,63264,3,2,0,2,18,0,0,0
weak_defence,21,peace-1,peace,0,86,union,0,3359,0,55,0.0,0,0,45,0,0,18,64,460,3,5,0,2,65,16,3,0
weak_defence,21,switzerland-1,switzerland,0,200,conquered,0,26332,0,68,0.0,0,0,116,0,0,70,69,26788,2,3,0,1,218,131,0,0
weak_defence,21,hegemony-1,hegemony,1,300,,114834,119341,127,132,0.4961,0,281,112,155,155,48,19,77186,4,4,0,4,195,0,0,0
weak_defence,21,retaliation-1,retaliation,1,300,,115340,145028,129,132,0.5039,1,99,100,45,45,43,79,58181,3,7,0,2,328,147,3,1
weak_defence,21,random-1,random,0,44,collapsed,0,198,0,16,0.0,0,22,29,4,4,25,22,273,2,1,0,1,4,0,0,0
weak_defence,22,peace-1,peace,1,300,,22799,74522,24,91,0.0938,0,0,183,0,0,89,82,43447,4,8,0,3,291,119,9,1
weak_defence,22,switzerland-1,switzerland,0,143,conquered,0,3577,0,47,0.0,0,0,110,0,0,70,69,5451,3,4,0,2,142,101,0,0
weak_defence,22,hegemony-1,hegemony,1,300,,110282,110282,122,122,0.4766,1,264,124,147,147,62,36,62531,4,3,0,3,117,0,0,0
weak_defence,22,retaliation-1,retaliation,0,64,union,0,970,0,30,0.0,0,32,28,14,14,15,30,382,2,3,0,0,49,18,9,0
weak_defence,22,random-1,random,1,300,,97044,97044,110,110,0.4297,0,266,117,137,137,62,34,78512,3,2,0,2,7,0,0,0
weak_defence,23,peace-1,peace,1,300,,81462,137978,83,116,0.3242,0,0,66,0,0,33,86,22931,2,7,0,2,340,163,5,1
weak_defence,23,switzerland-1,switzerland,0,234,conquered,0,37255,0,83,0.0,0,0,186,0,0,112,111,36103,2,3,0,1,209,153,0,0
weak_defence,23,hegemony-1,hegemony,1,300,,161294,161294,173,173,0.6758,1,279,19,158,158,7,21,42248,4,3,0,3,145,0,0,0
weak_defence,23,retaliation-1,retaliation,0,51,union,0,680,0,29,0.0,0,35,22,18,18,4,14,247,4,4,0,1,41,10,5,0
weak_defence,23,random-1,random,0,34,conquered,0,189,0,14,0.0,0,15,36,2,2,22,19,228,2,1,0,1,1,0,0,0
weak_defence,24,peace-1,peace,0,65,union,0,146,0,22,0.0,0,0,53,0,0,41,59,155,3,4,0,0,56,11,3,0
weak_defence,24,switzerland-1,switzerland,0,262,conquered,0,61837,0,68,0.0,0,0,111,0,0,72,71,39277,4,4,0,1,343,188,0,0
weak_defence,24,hegemony-1,hegemony,1,300,,164246,171845,176,176,0.6875,1,287,118,200,200,38,13,58264,4,3,0,3,283,0,0,0
weak_defence,24,retaliation-1,retaliation,1,300,,70577,102827,80,87,0.3125,0,58,46,35,35,24,49,27794,4,8,0,3,454,199,3,1
weak_defence,24,random-1,random,0,173,collapsed,0,12131,0,57,0.0,0,112,129,33,33,93,60,24789,3,1,0,1,16,0,0,0
weak_defence,25,peace-1,peace,0,59,union,0,1428,0,48,0.0,0,0,9,0,0,4,49,68,3,5,0,1,76,10,5,0
weak_defence,25,switzerland-1,switzerland,0,87,conquered,0,379,0,28,0.0,0,0,77,0,0,57,56,652,4,3,0,0,68,18,0,0
weak_defence,25,hegemony-1,hegemony,1,300,,49792,67822,62,90,0.2422,0,265,186,135,135,109,35,91047,3,0,0,0,0,0,0,0
weak_defence,25,retaliation-1,retaliation,1,300,,169757,169757,185,185,0.7227,1,229,213,147,147,74,65,77308,4,5,0,0,81,28,5,1
weak_defence,25,random-1,random,0,123,collapsed,0,4596,0,52,0.0,0,84,93,28,28,66,38,7546,4,1,0,1,11,0,0,0
weak_defence,26,peace-1,peace,0,52,union,0,588,0,30,0.0,0,0,27,0,0,16,45,166,4,5,0,1,63,15,4,0
weak_defence,26,switzerland-1,switzerland,0,150,conquered,0,7480,0,60,0.0,0,0,131,0,0,71,70,9644,3,3,0,1,115,72,0,0
weak_defence,26,hegemony-1,hegemony,1,300,,104134,107333,117,123,0.457,0,270,142,151,151,65,30,78503,4,0,0,0,0,0,0,0
weak_defence,26,retaliation-1,retaliation,1,300,,117702,117702,132,132,0.5156,1,240,184,131,131,77,47,76303,3,5,0,1,161,87,4,1
weak_defence,26,random-1,random,0,178,conquered,0,15924,0,59,0.0,0,125,151,43,43,96,52,29015,4,3,0,3,29,0,0,0
weak_defence,27,peace-1,peace,0,80,conquered,0,454,0,26,0.0,0,0,69,0,0,39,38,712,2,1,0,1,11,0,0,0
weak_defence,27,switzerland-1,switzerland,0,156,conquered,0,7703,0,62,0.0,0,0,134,0,0,72,71,10808,3,3,0,1,143,78,0,0
weak_defence,27,hegemony-1,hegemony,1,300,,114639,115786,126,127,0.4922,0,274,168,168,168,69,26,72944,4,2,0,2,266,0,0,0
weak_defence,27,retaliation-1,retaliation,1,300,,120483,129565,127,130,0.4961,1,117,41,69,69,18,75,38183,3,4,0,2,352,78,0,0
weak_defence,27,random-1,random,0,281,collapsed,0,57972,0,88,0.0,0,242,221,95,95,134,39,101902,4,2,0,2,26,0,0,0
weak_defence,28,peace-1,peace,0,111,union,0,2907,0,41,0.0,0,0,91,0,0,44,59,2004,4,6,0,1,152,87,1,0
weak_defence,28,switzerland-1,switzerland,1,300,,2803,68283,3,61,0.0117,0,0,94,0,0,58,60,38515,4,7,1,2,513,308,0,0
weak_defence,28,hegemony-1,hegemony,1,300,,121601,121601,125,125,0.4883,0,261,100,140,140,54,38,47837,4,2,0,1,219,0,0,0
weak_defence,28,retaliation-1,retaliation,1,300,,153144,153144,128,128,0.5,1,156,70,93,93,30,48,22278,4,7,0,1,439,259,1,1
weak_defence,28,random-1,random,0,211,collapsed,0,27531,0,73,0.0,0,164,226,80,80,127,47,52819,4,4,1,3,51,4,0,0
weak_defence,29,peace-1,peace,1,300,,32530,50653,30,59,0.1172,0,0,74,0,0,32,61,18274,3,5,1,1,359,231,0,0
weak_defence,29,switzerland-1,switzerland,1,300,,22828,71957,21,82,0.082,0,0,107,0,0,65,85,40078,3,4,0,1,377,229,0,0
weak_defence,29,hegemony-1,hegemony,0,132,collapsed,0,1328,0,34,0.0,0,114,83,47,47,45,18,3883,4,2,0,0,168,0,0,0
weak_defence,29,retaliation-1,retaliation,0,74,collapsed,0,188,0,15,0.0,0,58,58,25,25,40,16,593,2,0,0,0,0,0,0,0
weak_defence,29,random-1,random,1,300,,191467,191467,205,205,0.8008,1,206,56,117,117,7,94,47219,4,3,1,2,52,2,0,0
weak_defence,30,peace-1,peace,0,81,union,0,4091,0,56,0.0,0,0,11,0,0,3,56,131,4,7,0,1,121,12,2,0
weak_defence,30,switzerland-1,switzerland,0,92,conquered,0,639,0,29,0.0,0,0,87,0,0,49,48,881,4,5,0,1,118,53,0,0
weak_defence,30,hegemony-1,hegemony,1,300,,40625,70920,50,92,0.1953,0,282,163,127,127,96,18,92252,4,2,0,1,186,0,0,0
weak_defence,30,retaliation-1,retaliation,1,300,,189534,189534,206,206,0.8047,1,207,186,141,141,54,64,73455,3,6,0,1,259,63,2,1
weak_defence,30,random-1,random,0,160,conquered,0,10841,0,71,0.0,0,93,135,30,30,96,65,20976,3,2,0,2,8,0,0,0
weak_defence,31,peace-1,peace,1,300,,3763,69847,4,112,0.0156,0,0,175,0,0,110,80,56761,4,6,0,2,176,21,6,1
weak_defence,31,switzerland-1,switzerland,0,119,conquered,0,1871,0,35,0.0,0,0,74,0,0,61,60,2373,3,2,0,0,78,0,0,0
weak_defence,31,hegemony-1,hegemony,1,300,,209970,209970,224,224,0.875,1,260,6,183,183,0,40,41243,4,1,0,1,54,0,0,0
weak_defence,31,retaliation-1,retaliation,0,65,union,0,1101,0,33,0.0,0,50,23,30,30,9,11,280,3,3,0,0,51,21,6,0
weak_defence,31,random-1,random,0,72,collapsed,0,185,0,19,0.0,0,32,64,11,11,44,40,500,4,2,0,1,21,0,0,0
weak_defence,32,peace-1,peace,1,300,,48127,109798,49,111,0.1914,0,0,169,0,0,73,77,45664,3,6,0,1,289,83,1,1
weak_defence,32,switzerland-1,switzerland,0,121,conquered,0,1391,0,38,0.0,0,0,87,0,0,58,57,2104,4,4,0,1,115,69,0,0
weak_defence,32,hegemony-1,hegemony,1,300,,192702,192702,206,206,0.8047,1,261,46,178,178,12,39,41613,3,2,0,2,162,0,0,0
weak_defence,32,retaliation-1,retaliation,0,64,union,0,1614,0,44,0.0,0,32,18,16,16,4,31,325,3,5,0,1,65,14,1,0
weak_defence,32,random-1,random,0,189,collapsed,0,11212,0,50,0.0,0,135,108,31,31,78,51,27552,3,3,0,3,29,0,0,0
weak_defence,33,peace-1,peace,1,300,,95048,164219,97,142,0.3789,0,0,97,0,0,45,81,32591,2,5,0,1,333,124,4,1
weak_defence,33,switzerland-1,switzerland,0,203,conquered,0,21330,0,63,0.0,0,0,143,0,0,72,71,24076,4,5,0,2,180,115,0,0
weak_defence,33,hegemony-1,hegemony,1,300,,147289,147289,159,159,0.6211,1,277,33,142,142,7,23,47065,3,2,0,2,179,0,0,0
weak_defence,33,retaliation-1,retaliation,0,64,union,0,2042,0,60,0.0,0,0,0,0,0,0,59,0,3,5,0,0,47,9,4,0
weak_defence,33,random-1,random,0,59,collapsed,0,216,0,18,0.0,0,38,42,10,10,28,21,472,2,1,0,1,1,0,0,0
weak_defence,34,peace-1,peace,0,81,union,0,3544,0,64,0.0,0,0,27,0,0,9,72,292,3,5,0,2,82,13,3,0
weak_defence,34,switzerland-1,switzerland,0,149,conquered,0,9048,0,43,0.0,0,0,67,0,0,43,42,10344,3,4,0,2,169,97,0,0
weak_defence,34,hegemony-1,hegemony,1,300,,51908,78023,62,102,0.2422,0,267,157,128,128,100,33,97902,4,4,0,4,97,0,0,0
weak_defence,34,retaliation-1,retaliation,1,300,,177985,177985,194,194,0.7578,1,185,156,122,122,60,67,73964,4,7,0,2,204,110,3,1
weak_defence,34,random-1,random,0,65,collapsed,0,300,0,24,0.0,0,23,68,6,6,44,42,520,4,2,0,2,22,0,0,0
weak_defence,35,peace-1,peace,1,300,,1000,39906,1,78,0.0039,0,0,132,0,0,82,55,33822,4,7,0,2,269,178,4,1
weak_defence,35,switzerland-1,switzerland,0,244,conquered,0,16135,0,69,0.0,0,0,160,0,0,87,86,20089,3,3,0,1,226,164,0,0
weak_defence,35,hegemony-1,hegemony,1,300,,64816,76808,76,93,0.2969,0,269,131,134,134,90,31,77280,4,1,0,1,22,0,0,0
weak_defence,35,retaliation-1,retaliation,0,55,union,0,651,0,27,0.0,0,32,31,20,20,16,22,351,3,3,0,0,44,14,4,0
weak_defence,35,random-1,random,1,300,,163460,163460,179,179,0.6992,1,243,90,160,160,39,57,64953,4,2,0,2,33,0,0,0
weak_defence,36,peace-1,peace,0,267,conquered,0,19326,0,49,0.0,0,0,118,0,0,66,65,20623,3,4,0,2,372,199,0,0
weak_defence,36,switzerland-1,switzerland,0,266,conquered,0,66192,0,77,0.0,0,0,166,0,0,81,80,51677,4,6,0,2,484,302,0,0
weak_defence,36,hegemony-1,hegemony,1,300,,60113,69173,72,85,0.2812,0,272,198,145,145,102,28,69569,4,2,0,2,244,0,0,0
weak_defence,36,retaliation-1,retaliation,0,159,collapsed,0,2286,0,27,0.0,0,127,133,51,51,80,30,6878,2,2,0,0,133,103,0,0
weak_defence,36,random-1,random,1,300,,168623,168623,184,184,0.7188,1,249,33,147,147,14,50,52962,3,2,0,2,23,0,0,0
weak_defence,37,peace-1,peace,0,147,union,0,7340,0,42,0.0,0,0,104,0,0,71,88,4676,4,6,0,1,176,103,8,0
weak_defence,37,switzerland-1,switzerland,0,229,conquered,0,46253,0,48,0.0,0,0,75,0,0,52,51,27976,4,6,0,2,424,253,0,0
weak_defence,37,hegemony-1,hegemony,1,300,,135428,138199,148,153,0.5781,1,257,96,157,157,53,43,72768,4,2,0,2,144,0,0,0
weak_defence,37,retaliation-1,retaliation,1,300,,94819,110713,108,109,0.4219,0,170,128,108,108,52,33,50149,4,7,0,2,287,178,8,1
weak_defence,37,random-1,random,0,102,collapsed,0,660,0,27,0.0,0,63,87,25,25,62,39,1975,4,3,0,3,35,0,0,0
weak_defence,38,peace-1,peace,0,54,union,0,443,0,28,0.0,0,0,34,0,0,22,43,190,2,3,0,0,43,14,1,0
weak_defence,38,switzerland-1,switzerland,0,208,conquered,0,30156,0,56,0.0,0,0,95,0,0,57,56,27653,3,4,0,2,222,137,0,0
weak_defence,38,hegemony-1,hegemony,1,300,,129271,131824,142,145,0.5547,1,273,116,159,159,45,27,74097,4,4,0,4,142,0,0,0
weak_defence,38,retaliation-1,retaliation,1,300,,101081,133740,114,116,0.4453,0,143,106,81,81,49,59,56203,4,7,0,2,327,151,1,1
weak_defence,38,random-1,random,0,116,collapsed,0,2491,0,52,0.0,0,47,112,14,14,81,68,4616,3,2,0,2,14,0,0,0
weak_defence,39,peace-1,peace,0,222,conquered,0,917,0,20,0.0,0,0,74,0,0,58,57,965,3,3,0,1,184,146,0,0
weak_defence,39,switzerland-1,switzerland,0,197,conquered,0,7261,0,55,0.0,0,0,118,0,0,79,78,9701,4,6,0,2,364,271,0,0
weak_defence,39,hegemony-1,hegemony,1,300,,9867,74027,17,92,0.0664,0,285,272,162,162,161,15,112858,4,2,0,2,176,0,0,0
weak_defence,39,retaliation-1,retaliation,1,300,,60679,68467,76,79,0.2969,0,112,120,72,72,52,55,56941,3,4,0,2,306,125,0,0
weak_defence,39,random-1,random,1,300,,148903,148903,163,163,0.6367,1,252,65,148,148,32,46,55125,4,3,0,3,18,0,0,0
weak_defence,40,peace-1,peace,0,80,union,0,1146,0,40,0.0,0,0,59,0,0,34,66,362,2,3,0,0,40,11,2,0
weak_defence,40,switzerland-1,switzerland,1,300,,35191,35191,32,56,0.125,0,0,53,0,0,33,64,1563,3,4,0,2,313,258,0,0
weak_defence,40,hegemony-1,hegemony,1,300,,54281,71120,66,88,0.2578,0,280,204,145,145,100,20,85902,4,3,0,3,71,0,0,0
weak_defence,40,retaliation-1,retaliation,1,300,,157909,157909,158,159,0.6172,1,165,108,110,110,40,54,59513,4,8,0,3,386,269,2,1
weak_defence,40,random-1,random,0,210,conquered,0,22790,0,74,0.0,0,162,183,65,65,113,47,48847,3,2,0,2,14,0,0,0
weak_defence,41,peace-1,peace,0,175,union,0,64727,0,62,0.0,0,0,0,0,0,0,61,684,3,6,0,1,297,97,4,0
weak_defence,41,switzerland-1,switzerland,0,149,conquered,0,4747,0,36,0.0,0,0,101,0,0,65,64,5601,4,5,0,0,344,198,0,0
weak_defence,41,hegemony-1,hegemony,1,300,,57377,84313,68,105,0.2656,0,274,171,142,142,101,26,94100,4,2,0,2,162,0,0,0
weak_defence,41,retaliation-1,retaliation,1,300,,172469,172469,188,188,0.7344,1,233,190,146,146,73,52,76273,4,7,0,2,200,119,4,1
weak_defence,41,random-1,random,0,113,collapsed,0,1747,0,36,0.0,0,60,105,19,19,68,50,3514,3,2,0,1,91,0,0,0
weak_defence,42,peace-1,peace,1,300,,87264,126022,89,123,0.3477,0,0,94,0,0,42,76,20312,4,8,0,3,333,225,2,1
weak_defence,42,switzerland-1,switzerland,0,256,conquered,0,51756,0,69,0.0,0,0,109,0,0,69,68,41090,3,4,0,0,291,233,0,0
weak_defence,42,hegemony-1,hegemony,1,300,,155294,155294,167,167,0.6523,1,274,50,156,156,16,26,46936,4,2,0,2,39,0,0,0
weak_defence,42,retaliation-1,retaliation,0,88,union,0,4562,0,59,0.0,0,25,26,13,13,15,55,941,3,5,0,0,110,52,2,0
weak_defence,42,random-1,random,0,60,collapsed,0,177,0,18,0.0,0,26,46,3,3,30,34,383,2,1,0,1,11,0,0,0
weak_defence,43,peace-1,peace,1,300,,116556,116556,106,137,0.4141,0,0,92,0,0,31,51,19283,3,6,0,1,410,265,4,1
weak_defence,43,switzerland-1,switzerland,1,300,,10282,75693,10,72,0.0391,0,0,103,0,0,62,71,41387,3,4,0,0,351,292,0,0
weak_defence,43,hegemony-1,hegemony,1,300,,126548,126548,140,140,0.5469,1,280,51,142,142,23,20,52632,4,2,0,2,107,0,0,0
weak_defence,43,retaliation-1,retaliation,0,106,union,0,12440,0,85,0.0,0,32,26,25,25,8,67,1083,4,7,0,2,166,55,4,0
weak_defence,43,random-1,random,0,90,conquered,0,573,0,28,0.0,0,48,88,19,19,62,42,1375,2,1,0,1,16,0,0,0
weak_defence,44,peace-1,peace,0,88,conquered,0,335,0,27,0.0,0,0,76,0,0,57,56,573,2,1,0,1,17,0,0,0
weak_defence,44,switzerland-1,switzerland,1,300,,61185,61185,51,58,0.1992,0,0,26,0,0,9,59,1138,3,4,0,1,477,236,0,0
weak_defence,44,hegemony-1,hegemony,1,300,,113131,113131,111,111,0.4336,1,279,206,179,179,90,21,81398,4,2,0,0,481,0,0,0
weak_defence,44,retaliation-1,retaliation,1,300,,74383,74383,62,62,0.2422,0,9,1,6,6,0,55,175,3,4,0,1,554,236,0,0
weak_defence,44,random-1,random,1,300,,21773,38776,32,68,0.125,0,240,219,105,105,134,60,93781,4,3,0,3,37,0,0,0
weak_defence,45,peace-1,peace,0,192,union,0,76589,0,72,0.0,0,0,0,0,0,0,71,0,3,6,0,0,320,143,10,0
weak_defence,45,switzerland-1,switzerland,1,300,,96800,97310,88,88,0.3438,0,0,0,0,0,0,87,0,4,5,0,0,537,390,0,0
weak_defence,45,hegemony-1,hegemony,0,147,collapsed,0,2128,0,31,0.0,0,131,110,58,58,69,16,7431,4,2,0,0,208,0,0,0
weak_defence,45,retaliation-1,retaliation,1,300,,184684,184684,168,168,0.6562,1,115,109,79,79,38,54,5754,4,6,0,1,346,277,10,1
weak_defence,45,random-1,random,0,51,collapsed,0,156,0,16,0.0,0,16,43,2,2,32,35,260,3,1,0,1,11,0,0,0
weak_defence,46,peace-1,peace,0,60,union,0,674,0,34,0.0,0,0,39,0,0,22,52,221,4,5,0,1,69,13,2,0
weak_defence,46,switzerland-1,switzerland,0,188,conquered,0,9949,0,56,0.0,0,0,118,0,0,67,66,13516,3,4,0,2,203,105,0,0
weak_defence,46,hegemony-1,hegemony,1,300,,105151,112102,118,128,0.4609,0,270,127,153,153,66,30,78012,4,2,0,2,58,0,0,0
weak_defence,46,retaliation-1,retaliation,1,300,,124637,130533,138,140,0.5391,1,220,155,138,138,75,43,69859,3,6,0,2,200,118,2,1
weak_defence,46,random-1,random,0,164,collapsed,0,8818,0,53,0.0,0,102,153,51,51,112,62,19813,4,3,0,3,46,0,0,0
weak_defence,47,peace-1,peace,0,136,conquered,0,3125,0,34,0.0,0,0,86,0,0,62,61,3825,3,1,0,0,102,0,0,0
weak_defence,47,switzerland-1,switzerland,1,300,,74383,74383,62,62,0.2422,0,0,3,0,0,2,63,33,4,4,0,0,629,246,0,0
weak_defence,47,hegemony-1,hegemony,1,300,,132100,132594,134,135,0.5234,1,271,180,171,171,67,29,86955,4,2,0,1,293,0,0,0
weak_defence,47,retaliation-1,retaliation,1,300,,52790,67727,60,84,0.2344,0,228,179,109,109,95,45,94473,3,4,0,2,331,246,0,0
weak_defence,47,random-1,random,0,97,collapsed,0,839,0,30,0.0,0,39,90,10,10,64,57,1672,4,1,0,1,15,0,0,0
weak_defence,48,peace-1,peace,1,300,,84821,143463,86,121,0.3359,0,0,67,0,0,35,54,23764,3,7,0,2,372,213,5,1
weak_defence,48,switzerland-1,switzerland,0,233,conquered,0,37813,0,81,0.0,0,0,134,0,0,82,81,36483,4,5,0,2,274,192,0,0
weak_defence,48,hegemony-1,hegemony,1,300,,157676,157676,170,170,0.6641,1,272,47,163,163,21,27,46776,4,4,0,4,182,0,0,0
weak_defence,48,retaliation-1,retaliation,0,99,union,0,7737,0,66,0.0,0,46,34,30,30,14,49,1344,4,6,0,2,126,21,5,0
weak_defence,48,random-1,random,0,68,collapsed,0,352,0,23,0.0,0,27,63,10,10,51,41,647,3,2,0,2,28,0,0,0
weak_defence,49,peace-1,peace,1,300,,75481,114677,70,123,0.2734,0,0,111,0,0,57,82,38230,4,7,0,1,379,267,20,1
weak_defence,49,switzerland-1,switzerland,1,300,,1058,24430,1,60,0.0039,0,0,102,0,0,60,60,24905,3,5,0,1,338,256,0,0
weak_defence,49,hegemony-1,hegemony,0,89,collapsed,0,481,0,25,0.0,0,65,61,20,20,43,24,1185,2,1,0,0,49,0,0,0
weak_defence,49,retaliation-1,retaliation,0,118,union,0,5783,0,46,0.0,0,86,91,48,48,31,26,2438,4,5,0,0,115,39,20,0
weak_defence,49,random-1,random,1,300,,172423,172423,185,185,0.7227,1,239,25,128,128,5,61,51429,3,2,0,2,11,0,0,0
weak_defence,50,peace-1,peace,1,300,,91938,122940,93,114,0.3633,0,0,57,0,0,25,56,15910,3,6,0,1,349,83,2,1
weak_defence,50,switzerland-1,switzerland,0,115,conquered,0,1244,0,34,0.0,0,0,93,0,0,68,67,1841,4,4,0,1,161,58,0,0
weak_defence,50,hegemony-1,hegemony,1,300,,149663,149663,161,161,0.6289,1,273,159,185,185,51,26,58395,4,2,0,1,263,0,0,0
weak_defence,50,retaliation-1,retaliation,0,103,union,0,9105,0,61,0.0,0,50,20,27,27,12,45,1197,4,6,0,1,185,25,2,0
weak_defence,50,random-1,random,0,267,collapsed,0,23991,0,62,0.0,0,208,202,71,71,127,59,70465,3,2,0,2,20,0,0,0
weak_defence,51,peace-1,peace,0,66,conquered,0,198,0,21,0.0,0,0,62,0,0,38,37,322,4,3,0,1,80,0,0,0
weak_defence,51,switzerland-1,switzerland,1,300,,1047,69622,1,68,0.0039,0,0,134,0,0,78,78,43779,4,5,0,2,479,256,0,0
weak_defence,51,hegemony-1,hegemony,1,300,,148107,150383,152,153,0.5938,1,289,93,182,182,42,11,52455,4,2,0,2,401,0,0,0
weak_defence,51,retaliation-1,retaliation,1,300,,110381,125769,103,105,0.4023,0,57,18,38,38,6,70,14328,4,5,0,2,597,256,0,0
weak_defence,51,random-1,random,0,199,collapsed,0,25086,0,67,0.0,0,142,181,59,59,115,56,45145,4,3,0,3,37,0,0,0
weak_defence,52,peace-1,peace,1,300,,37696,76885,35,103,0.1367,0,0,149,0,0,85,82,42646,4,7,0,1,397,266,2,1
weak_defence,52,switzerland-1,switzerland,1,300,,21497,41311,20,63,0.0781,0,0,88,0,0,53,72,20282,2,3,0,1,278,236,0,0
weak_defence,52,hegemony-1,hegemony,0,116,collapsed,0,259,0,17,0.0,0,101,99,38,38,53,15,1080,2,1,0,0,57,0,0,0
weak_defence,52,retaliation-1,retaliation,0,131,union,0,1103,0,38,0.0,0,106,102,53,53,39,22,1994,3,4,0,1,83,30,2,0
weak_defence,52,random-1,random,1,300,,188241,188241,201,201,0.7852,1,238,7,139,139,0,61,46431,3,3,0,3,43,0,0,0
weak_defence,53,peace-1,peace,1,300,,33343,72237,31,86,0.1211,0,0,111,0,0,62,92,36670,4,6,0,1,383,267,0,0
weak_defence,53,switzerland-1,switzerland,1,300,,34461,60372,32,73,0.125,0,0,90,0,0,42,73,24840,3,4,0,1,302,239,0,0
weak_defence,53,hegemony-1,hegemony,0,118,collapsed,0,723,0,22,0.0,0,96,61,29,29,37,22,2433,3,1,0,0,42,0,0,0
weak_defence,53,retaliation-1,retaliation,0,93,collapsed,0,297,0,19,0.0,0,70,56,22,22,31,22,1049,4,3,0,0,86,28,0,0
weak_defence,53,random-1,random,1,300,,180191,180191,193,193,0.7539,1,228,76,128,128,7,71,48688,4,2,0,2,21,0,0,0
weak_defence,54,peace-1,peace,1,300,,81692,127962,83,120,0.3242,0,0,87,0,0,44,79,24154,4,6,0,2,295,10,5,1
weak_defence,54,switzerland-1,switzerland,0,81,conquered,0,216,0,23,0.0,0,0,62,0,0,55,54,375,3,2,0,0,62,0,0,0
weak_defence,54,hegemony-1,hegemony,1,300,,160191,160191,173,173,0.6758,1,278,146,195,195,45,22,55346,3,1,0,1,207,0,0,0
weak_defence,54,retaliation-1,retaliation,0,60,union,0,1494,0,46,0.0,0,16,6,8,8,4,42,149,2,3,0,0,39,10,5,0
weak_defence,54,random-1,random,0,238,collapsed,0,22164,0,59,0.0,0,180,173,59,59,114,57,55857,4,2,0,1,53,0,0,0
weak_defence,55,peace-1,peace,1,300,,140381,169299,128,145,0.5,1,0,45,0,0,17,74,15435,3,6,0,1,491,247,1,1
weak_defence,55,switzerland-1,switzerland,1,300,,69381,93469,65,78,0.2539,0,0,33,0,0,13,77,11559,3,5,0,1,623,334,0,0
weak_defence,55,hegemony-1,hegemony,1,300,,52012,52012,63,63,0.2461,0,221,117,96,96,54,20,39093,4,2,0,2,416,0,0,0
weak_defence,55,retaliation-1,retaliation,0,156,union,0,34442,0,70,0.0,0,101,102,51,51,34,52,9245,3,5,0,0,172,113,1,0
weak_defence,55,random-1,random,0,50,collapsed,0,146,0,14,0.0,0,16,41,3,3,32,34,251,1,0,0,0,0,0,0,0
weak_defence,56,peace-1,peace,0,54,union,0,907,0,32,0.0,0,0,11,0,0,9,36,113,3,5,0,1,53,14,5,0
weak_defence,56,switzerland-1,switzerland,0,260,conquered,0,47755,0,91,0.0,0,0,167,0,0,94,93,45448,3,3,0,1,260,191,0,0
weak_defence,56,hegemony-1,hegemony,1,300,,152155,154506,164,165,0.6406,1,268,62,152,152,21,32,56484,4,3,0,2,246,0,0,0
weak_defence,56,retaliation-1,retaliation,1,300,,82278,123388,92,103,0.3594,0,68,54,40,40,27,50,27329,3,6,0,1,500,205,5,1
weak_defence,56,random-1,random,0,90,collapsed,0,878,0,36,0.0,0,49,91,20,20,61,41,1649,3,1,0,1,7,0,0,0
weak_defence,57,peace-1,peace,0,250,conquered,0,25855,0,50,0.0,0,0,117,0,0,58,57,25712,3,4,0,2,308,154,0,0
weak_defence,57,switzerland-1,switzerland,0,270,conquered,0,46336,0,72,0.0,0,0,145,0,0,79,78,39369,4,6,0,2,416,230,0,0
weak_defence,57,hegemony-1,hegemony,1,300,,62821,73586,74,90,0.2891,0,263,190,136,136,100,37,76350,4,2,0,2,235,0,0,0
weak_defence,57,retaliation-1,retaliation,0,125,collapsed,0,1080,0,27,0.0,0,94,97,36,36,61,26,3258,2,2,0,0,105,76,0,0
weak_defence,57,random-1,random,1,300,,161030,161030,177,177,0.6914,1,249,57,141,141,15,50,54852,3,2,0,2,18,0,0,0
weak_defence,58,peace-1,peace,1,300,,110374,150865,112,126,0.4375,0,0,41,0,0,17,83,11086,2,6,0,1,380,224,4,1
weak_defence,58,switzerland-1,switzerland,0,266,conquered,0,45638,0,83,0.0,0,0,191,0,0,89,88,45287,2,2,0,0,244,215,0,0
weak_defence,58,hegemony-1,hegemony,1,300,,134662,134662,144,144,0.5625,1,283,31,141,141,15,17,48977,3,2,0,2,112,0,0,0
weak_defence,58,retaliation-1,retaliation,0,63,union,0,1585,0,45,0.0,0,18,16,11,11,6,39,252,3,4,0,1,52,9,4,0
weak_defence,58,random-1,random,0,47,collapsed,0,157,0,13,0.0,0,18,40,7,7,32,29,245,2,0,0,0,0,0,0,0
weak_defence,59,peace-1,peace,0,60,union,0,1633,0,47,0.0,0,0,7,0,0,0,46,36,3,6,1,1,80,14,2,0
weak_defence,59,switzerland-1,switzerland,0,180,conquered,0,14516,0,55,0.0,0,0,106,0,0,62,61,17514,3,4,0,2,213,138,0,0
weak_defence,59,hegemony-1,hegemony,1,300,,96800,103650,109,122,0.4258,0,272,139,149,149,69,28,85373,4,2,0,2,174,0,0,0
weak_defence,59,retaliation-1,retaliation,1,300,,133241,141817,147,147,0.5742,1,129,121,70,70,51,80,67455,4,6,0,2,358,149,2,1
weak_defence,59,random-1,random,0,81,collapsed,0,465,0,28,0.0,0,40,68,10,10,47,40,1059,4,4,1,3,61,3,0,0
weak_defence,60,peace-1,peace,0,104,union,0,5045,0,45,0.0,0,0,55,0,0,27,66,866,4,6,0,1,167,17,4,0
weak_defence,60,switzerland-1,switzerland,0,110,conquered,0,1054,0,34,0.0,0,0,89,0,0,65,64,1547,3,3,0,0,133,58,0,0
weak_defence,60,hegemony-1,hegemony,1,300,,109629,112634,124,129,0.4844,0,276,146,170,170,71,24,79297,4,2,0,1,139,0,0,0
weak_defence,60,retaliation-1,retaliation,1,300,,119874,126270,132,142,0.5156,1,233,218,128,128,98,61,84755,4,7,0,2,215,75,4,1
weak_defence,60,random-1,random,0,178,conquered,0,17176,0,56,0.0,0,141,142,58,58,95,36,28855,3,2,0,2,8,0,0,0
weak_defence,61,peace-1,peace,0,171,conquered,0,10500,0,56,0.0,0,0,135,0,0,82,81,12961,2,2,0,0,140,110,0,0
weak_defence,61,switzerland-1,switzerland,0,267,conquered,0,60246,0,59,0.0,0,0,129,0,0,66,65,38601,4,6,0,2,478,280,0,0
weak_defence,61,hegemony-1,hegemony,1,300,,158033,170750,168,171,0.6562,1,268,38,158,158,23,32,57473,3,2,0,2,242,0,0,0
weak_defence,61,retaliation-1,retaliation,1,300,,78021,104113,88,90,0.3438,0,117,67,79,79,26,34,21249,3,4,0,2,319,170,0,0
weak_defence,61,random-1,random,0,111,collapsed,0,1038,0,36,0.0,0,63,79,16,16,56,47,2757,2,2,0,2,11,0,0,0
weak_defence,62,peace-1,peace,0,58,union,0,580,0,26,0.0,0,0,30,0,0,18,41,189,4,6,0,1,80,16,5,0
weak_defence,62,switzerland-1,switzerland,1,300,,42677,95265,40,81,0.1562,0,0,82,0,0,41,80,30944,3,4,0,1,467,245,0,0
weak_defence,62,hegemony-1,hegemony,1,300,,69950,69950,84,84,0.3281,0,267,147,128,128,78,33,71679,4,1,0,1,177,0,0,0
weak_defence,62,retaliation-1,retaliation,1,300,,144679,144679,132,132,0.5156,1,179,129,109,109,50,48,39118,4,4,0,0,306,257,5,1
weak_defence,62,random-1,random,0,117,collapsed,0,2412,0,51,0.0,0,66,124,25,25,75,51,4616,3,1,0,1,2,0,0,0
weak_defence,63,peace-1,peace,0,67,union,0,2295,0,48,0.0,0,0,2,0,0,1,47,25,3,6,0,1,103,25,3,0
weak_defence,63,switzerland-1,switzerland,0,104,conquered,0,793,0,29,0.0,0,0,81,0,0,49,48,1239,4,5,0,1,137,74,0,0
weak_defence,63,hegemony-1,hegemony,1,300,,57625,74194,69,95,0.2695,0,263,177,134,134,103,37,89780,3,1,0,1,91,0,0,0
weak_defence,63,retaliation-1,retaliation,1,300,,172096,172096,187,187,0.7305,1,219,189,144,144,70,65,79632,3,6,0,1,218,67,3,1
weak_defence,63,random-1,random,0,150,collapsed,0,8936,0,67,0.0,0,93,126,34,34,89,56,17045,3,2,0,2,23,0,0,0
weak_defence,64,peace-1,peace,1,300,,84262,128916,86,165,0.3359,0,0,215,0,0,97,103,53128,4,7,0,2,193,20,2,1
weak_defence,64,switzerland-1,switzerland,0,109,conquered,0,1518,0,36,0.0,0,0,78,0,0,44,43,2138,4,5,0,1,166,62,0,0
weak_defence,64,hegemony-1,hegemony,1,300,,157875,157875,170,170,0.6641,1,266,1,137,137,1,33,46835,4,2,0,2,87,0,0,0
weak_defence,64,retaliation-1,retaliation,0,111,union,0,14175,0,79,0.0,0,68,20,47,47,6,37,735,4,7,0,2,143,62,2,0
weak_defence,64,random-1,random,0,97,collapsed,0,682,0,28,0.0,0,55,75,15,15,51,41,1729,4,3,0,3,47,0,0,0
weak_defence,65,peace-1,peace,0,128,conquered,0,2109,0,39,0.0,0,0,103,0,0,73,72,2916,3,2,0,0,117,88,0,0
weak_defence,65,switzerland-1,switzerland,1,300,,50393,50393,42,42,0.1641,0,0,0,0,0,0,41,0,4,6,0,0,670,323,0,0
weak_defence,65,hegemony-1,hegemony,1,300,,163371,163371,164,164,0.6406,1,275,171,201,201,63,25,78567,4,2,0,1,376,0,0,0
weak_defence,65,retaliation-1,retaliation,1,300,,33548,58049,42,86,0.1641,0,167,160,63,63,111,89,97443,2,3,0,1,364,235,0,0
weak_defence,65,random-1,random,0,32,collapsed,0,142,0,10,0.0,0,14,22,3,3,20,18,168,3,1,0,0,13,0,0,0
weak_defence,66,peace-1,peace,1,300,,98690,114242,91,119,0.3555,0,0,116,0,0,48,86,21024,4,7,0,1,302,227,2,1
weak_defence,66,switzerland-1,switzerland,1,300,,19122,55591,18,75,0.0703,0,0,148,0,0,62,79,36212,4,6,0,1,412,302,0,0
weak_defence,66,hegemony-1,hegemony,0,95,collapsed,0,466,0,22,0.0,0,72,71,28,28,50,23,1314,3,2,0,0,62,0,0,0
weak_defence,66,retaliation-1,retaliation,0,130,union,0,11449,0,52,0.0,0,71,72,50,50,28,29,1001,3,5,0,0,154,95,2,0
weak_defence,66,random-1,random,1,300,,134773,134773,147,147,0.5742,1,264,0,110,110,0,36,51783,2,2,0,2,6,0,0,0
weak_defence,67,peace-1,peace,1,300,,43781,95544,47,110,0.1836,0,0,205,0,0,91,105,48070,2,5,0,2,275,108,0,1
weak_defence,67,switzerland-1,switzerland,0,159,conquered,0,6960,0,54,0.0,0,0,137,0,0,57,56,11087,3,3,0,1,153,101,0,0
weak_defence,67,hegemony-1,hegemony,1,300,,25013,26209,37,44,0.1445,0,271,95,75,75,68,29,64533,3,1,0,1,134,0,0,0
weak_defence,67,retaliation-1,retaliation,0,65,union,0,1101,0,33,0.0,0,37,38,21,21,15,25,499,4,6,0,1,94,21,0,0
weak_defence,67,random-1,random,1,300,,158474,158474,172,172,0.6719,1,263,96,156,156,21,36,59839,4,3,0,3,40,0,0,0
weak_defence,68,peace-1,peace,0,77,union,0,2214,0,51,0.0,0,0,35,0,0,20,70,333,4,6,0,1,97,9,4,0
weak_defence,68,switzerland-1,switzerland,0,204,conquered,0,25631,0,67,0.0,0,0,128,0,0,77,76,26830,3,4,0,1,208,121,0,0
weak_defence,68,hegemony-1,hegemony,1,300,,105843,119809,118,130,0.4609,0,286,100,160,160,57,14,77585,4,4,0,4,200,0,0,0
weak_defence,68,retaliation-1,retaliation,1,300,,124001,146358,138,138,0.5391,1,109,101,68,68,45,63,54792,4,8,0,3,345,130,4,1
weak_defence,68,random-1,random,0,40,collapsed,0,157,0,17,0.0,0,10,41,1,1,30,30,209,3,2,0,1,22,0,0,0
weak_defence,69,peace-1,peace,0,157,union,0,34500,0,42,0.0,0,0,17,0,0,6,41,500,4,6,0,1,265,26,6,0
weak_defence,69,switzerland-1,switzerland,0,98,conquered,0,512,0,27,0.0,0,0,77,0,0,58,57,808,4,4,0,0,162,11,0,0
weak_defence,69,hegemony-1,hegemony,1,300,,77634,83065,92,107,0.3594,0,278,175,157,157,88,22,86945,4,1,0,1,128,0,0,0
weak_defence,69,retaliation-1,retaliation,1,300,,146261,151798,158,167,0.6172,1,223,172,121,121,58,58,78584,4,6,0,2,127,37,6,1
weak_defence,69,random-1,random,0,164,collapsed,0,10751,0,66,0.0,0,94,154,32,32,100,69,22001,4,3,0,2,84,0,0,0
weak_defence,70,peace-1,peace,1,300,,1000,48588,1,62,0.0039,0,0,140,0,0,82,82,39323,3,4,0,2,364,218,0,0
weak_defence,70,switzerland-1,switzerland,0,284,conquered,0,22602,0,49,0.0,0,0,103,0,0,57,56,22408,4,6,0,2,500,288,0,0
weak_defence,70,hegemony-1,hegemony,1,300,,48813,66508,58,83,0.2266,0,251,188,118,118,99,38,77963,4,2,0,2,227,0,0,0
weak_defence,70,retaliation-1,retaliation,0,118,collapsed,0,438,0,21,0.0,0,93,93,37,37,57,25,1935,2,2,0,0,99,70,0,0
weak_defence,70,random-1,random,1,300,,180005,180005,197,197,0.7695,1,243,63,150,150,10,56,54095,3,2,0,2,42,0,0,0
weak_defence,71,peace-1,peace,0,70,union,0,1730,0,46,0.0,0,0,19,0,0,13,58,149,3,5,0,1,87,20,15,0
weak_defence,71,switzerland-1,switzerland,0,122,conquered,0,1438,0,43,0.0,0,0,92,0,0,57,56,2226,4,4,0,1,101,41,0,0
weak_defence,71,hegemony-1,hegemony,1,300,,91768,102597,104,118,0.4062,0,265,153,146,146,78,35,85857,3,1,0,1,95,0,0,0
weak_defence,71,retaliation-1,retaliation,1,300,,138086,138393,152,154,0.5938,1,224,203,131,131,88,62,85291,3,6,0,1,208,61,15,1
weak_defence,71,random-1,random,0,158,collapsed,0,10996,0,58,0.0,0,114,136,54,54,95,44,19653,3,2,0,2,21,0,0,0
weak_defence,72,peace-1,peace,1,300,,74881,112121,69,133,0.2695,0,0,161,0,0,80,80,44032,4,6,0,1,341,257,6,1
weak_defence,72,switzerland-1,switzerland,1,300,,25830,37997,24,54,0.0938,0,0,75,0,0,37,60,15681,3,5,0,1,362,295,0,0
weak_defence,72,hegemony-1,hegemony,0,92,collapsed,0,385,0,21,0.0,0,66,71,22,22,45,26,1149,3,0,0,0,0,0,0,0
weak_defence,72,retaliation-1,retaliation,0,139,union,0,16778,0,68,0.0,0,97,77,57,57,27,37,3577,4,5,0,0,144,86,6,0
weak_defence,72,random-1,random,1,300,,149245,149245,162,162,0.6328,1,248,27,123,123,13,51,52117,4,2,0,2,35,0,0,0
weak_defence,73,peace-1,peace,0,57,union,0,731,0,32,0.0,0,0,29,0,0,15,46,150,3,4,0,1,63,16,1,0
weak_defence,73,switzerland-1,switzerland,0,192,conquered,0,21481,0,60,0.0,0,0,127,0,0,75,74,22221,3,4,0,1,192,138,0,0
weak_defence,73,hegemony-1,hegemony,1,300,,124991,125561,140,141,0.5469,1,275,110,161,161,47,25,75911,4,2,0,2,106,0,0,0
weak_defence,73,retaliation-1,retaliation,1,300,,104794,141634,116,129,0.4531,0,161,126,91,91,61,53,66759,4,7,0,2,309,154,1,1
weak_defence,73,random-1,random,0,83,collapsed,0,499,0,30,0.0,0,23,67,2,2,56,60,872,4,3,0,2,32,0,0,0
weak_defence,74,peace-1,peace,1,300,,74306,111353,69,125,0.2695,0,0,127,0,0,64,73,35878,3,6,0,1,301,231,3,1
weak_defence,74,switzerland-1,switzerland,1,300,,2192,30580,2,62,0.0078,0,0,115,0,0,62,63,28627,3,5,0,1,323,258,0,0
weak_defence,74,hegemony-1,hegemony,0,49,collapsed,0,204,0,16,0.0,0,33,34,12,12,26,16,335,1,0,0,0,0,0,0,0
weak_defence,74,retaliation-1,retaliation,0,94,union,0,5047,0,59,0.0,0,34,33,26,26,12,44,254,3,5,0,0,104,45,3,0
weak_defence,74,random-1,random,1,300,,172438,172438,185,185,0.7227,1,242,0,126,126,0,58,50624,2,2,0,2,18,0,0,0
weak_defence,75,peace-1,peace,1,300,,27501,88086,29,95,0.1133,0,0,156,0,0,76,79,45626,4,8,0,3,365,184,0,1
weak_defence,75,switzerland-1,switzerland,0,227,conquered,0,7324,0,34,0.0,0,0,63,0,0,35,34,9323,2,3,0,1,197,165,0,0
weak_defence,75,hegemony-1,hegemony,1,300,,98256,98256,109,109,0.4258,1,260,95,124,124,56,40,53765,3,2,0,2,114,0,0,0
weak_defence,75,retaliation-1,retaliation,0,74,union,0,949,0,28,0.0,0,43,44,19,19,25,30,721,2,3,0,0,49,19,0,0
weak_defence,75,random-1,random,1,300,,93319,93319,107,107,0.418,0,243,188,132,132,83,57,84542,3,2,0,2,11,0,0,0
weak_defence,76,peace-1,peace,1,300,,92379,92379,84,84,0.3281,0,0,0,0,0,0,83,0,2,3,0,0,341,86,0,0
weak_defence,76,switzerland-1,switzerland,0,159,conquered,0,5521,0,52,0.0,0,0,125,0,0,83,82,7073,4,5,0,1,242,182,0,0
weak_defence,76,hegemony-1,hegemony,1,300,,129053,129533,133,134,0.5195,1,278,162,176,176,66,22,77145,4,2,0,1,288,0,0,0
weak_defence,76,retaliation-1,retaliation,1,300,,28153,55614,39,68,0.1523,0,199,171,98,98,92,32,83755,3,4,0,2,192,96,0,0
weak_defence,76,random-1,random,0,88,collapsed,0,734,0,30,0.0,0,53,72,16,16,49,33,1578,3,2,0,2,7,0,0,0
weak_defence,77,peace-1,peace,0,48,union,0,526,0,30,0.0,0,0,23,0,0,14,43,132,4,4,0,0,45,11,4,0
weak_defence,77,switzerland-1,switzerland,0,173,conquered,0,9349,0,58,0.0,0,0,132,0,0,90,89,12856,3,3,0,1,135,98,0,0
weak_defence,77,hegemony-1,hegemony,1,300,,102962,103090,117,117,0.457,0,270,173,167,167,81,30,78148,4,0,0,0,0,0,0,0
weak_defence,77,retaliation-1,retaliation,1,300,,126256,128193,139,143,0.543,1,252,194,153,153,89,44,76609,3,5,0,1,168,109,4,1
weak_defence,77,random-1,random,0,189,conquered,0,15882,0,54,0.0,0,142,142,56,56,102,45,31658,4,2,0,2,8,0,0,0
weak_defence,78,peace-1,peace,0,61,union,0,1012,0,33,0.0,0,0,28,0,0,13,41,152,3,5,0,0,74,15,7,0
weak_defence,78,switzerland-1,switzerland,0,157,conquered,0,2576,0,44,0.0,0,0,119,0,0,80,79,4470,4,5,0,2,172,98,0,0
weak_defence,78,hegemony-1,hegemony,1,300,,69425,83276,82,103,0.3203,0,274,185,148,148,93,26,88015,4,1,0,1,13,0,0,0
weak_defence,78,retaliation-1,retaliation,1,300,,160221,161133,174,176,0.6797,1,226,153,148,148,62,58,73844,4,5,0,1,170,109,7,1
weak_defence,78,random-1,random,0,171,conquered,0,15568,0,58,0.0,0,124,139,56,56,104,47,25938,3,2,0,2,17,0,0,0
weak_defence,79,peace-1,peace,0,78,union,0,2715,0,55,0.0,0,0,26,0,0,12,66,222,4,6,0,1,117,11,1,0
weak_defence,79,switzerland-1,switzerland,0,96,conquered,0,693,0,32,0.0,0,0,70,0,0,58,57,1049,3,3,0,0,93,25,0,0
weak_defence,79,hegemony-1,hegemony,1,300,,136721,136721,152,152,0.5938,1,267,133,176,176,58,33,63249,4,1,0,1,53,0,0,0
weak_defence,79,retaliation-1,retaliation,1,300,,73742,75726,89,120,0.3477,0,250,385,143,143,155,45,105139,4,6,0,2,122,36,1,1
weak_defence,79,random-1,random,0,286,conquered,0,26586,0,44,0.0,0,251,154,73,73,109,35,64021,3,2,0,2,7,0,0,0
weak_defence,80,peace-1,peace,0,103,conquered,0,674,0,29,0.0,0,0,85,0,0,57,56,1003,3,3,0,1,87,56,0,0
weak_defence,80,switzerland-1,switzerland,1,300,,74380,74380,62,64,0.2422,0,0,12,0,0,6,67,940,4,6,0,1,614,291,0,0
weak_defence,80,hegemony-1,hegemony,1,300,,108808,108808,114,114,0.4453,1,266,182,164,164,85,34,83414,4,1,0,0,232,0,0,0
weak_defence,80,retaliation-1,retaliation,1,300,,59005,66921,65,77,0.2539,0,248,199,131,131,107,40,88397,3,3,0,1,279,235,0,0
weak_defence,80,random-1,random,0,136,collapsed,0,4176,0,42,0.0,0,94,130,42,42,82,42,9168,4,3,0,3,44,0,0,0
weak_defence,81,peace-1,peace,0,240,conquered,0,21674,0,54,0.0,0,0,150,0,0,85,84,26178,3,3,0,1,233,198,0,0
weak_defence,81,switzerland-1,switzerland,1,300,,3915,38711,4,62,0.0156,0,0,109,0,0,64,67,28417,3,4,0,2,285,198,0,0
weak_defence,81,hegemony-1,hegemony,1,300,,45146,61217,55,77,0.2148,0,262,192,127,127,111,38,78056,4,1,0,1,52,0,0,0
weak_defence,81,retaliation-1,retaliation,0,96,collapsed,0,522,0,26,0.0,0,68,74,22,22,47,27,1541,2,0,0,0,0,0,0,0
weak_defence,81,random-1,random,1,300,,180543,180543,197,197,0.7695,1,262,67,177,177,19,38,51543,4,2,0,2,12,0,0,0
weak_defence,82,peace-1,peace,1,300,,62611,97577,58,108,0.2266,0,0,113,0,0,53,110,38054,4,4,0,0,311,231,0,0
weak_defence,82,switzerland-1,switzerland,1,300,,6508,27097,6,55,0.0234,0,0,99,0,0,59,64,22254,3,3,0,0,341,231,0,0
weak_defence,82,hegemony-1,hegemony,0,103,collapsed,0,586,0,25,0.0,0,81,85,38,38,45,22,1682,4,2,0,0,98,0,0,0
weak_defence,82,retaliation-1,retaliation,0,83,collapsed,0,333,0,21,0.0,0,64,70,27,27,44,18,885,3,2,0,1,48,0,0,0
weak_defence,82,random-1,random,1,300,,179205,179205,192,192,0.75,1,245,23,137,137,1,55,49282,4,1,0,1,14,0,0,0
weak_defence,83,peace-1,peace,1,300,,4341,52496,4,82,0.0156,0,0,191,0,0,102,73,45212,2,5,0,0,258,200,4,1
weak_defence,83,switzerland-1,switzerland,1,300,,1879,63727,2,74,0.0078,0,0,166,0,0,86,87,45416,3,4,0,2,390,189,0,0
weak_defence,83,hegemony-1,hegemony,1,300,,28447,30571,41,45,0.1602,0,190,88,69,69,57,28,50821,3,1,0,1,164,0,0,0
weak_defence,83,retaliation-1,retaliation,0,83,union,0,1389,0,32,0.0,0,58,61,34,34,28,25,898,4,3,0,0,40,11,4,0
weak_defence,83,random-1,random,1,300,,193829,193829,209,209,0.8164,1,262,4,170,170,0,38,41972,4,1,0,1,8,0,0,0
weak_defence,84,peace-1,peace,0,292,conquered,0,77203,0,64,0.0,0,0,99,0,0,64,63,41820,3,5,0,1,561,343,0,0
weak_defence,84,switzerland-1,switzerland,1,300,,82442,104391,83,87,0.3242,0,0,8,0,0,4,86,2965,3,5,0,1,586,345,0,0
weak_defence,84,hegemony-1,hegemony,1,300,,169246,170527,171,171,0.668,1,258,130,171,171,43,42,49576,4,2,0,2,340,0,0,0
weak_defence,84,retaliation-1,retaliation,0,190,collapsed,0,9667,0,40,0.0,0,160,130,66,66,87,23,24654,4,5,0,1,268,200,0,0
weak_defence,84,random-1,random,0,67,collapsed,0,398,0,28,0.0,0,27,78,9,9,48,40,683,2,1,0,1,7,0,0,0
weak_defence,85,peace-1,peace,0,87,union,0,1077,0,29,0.0,0,0,54,0,0,39,53,504,4,6,0,1,93,31,9,0
weak_defence,85,switzerland-1,switzerland,1,300,,35721,82439,34,70,0.1328,0,0,84,0,0,36,69,29518,3,4,0,1,447,225,0,0
weak_defence,85,hegemony-1,hegemony,1,300,,90328,90328,103,103,0.4023,0,266,138,137,137,69,34,72694,4,2,0,2,185,0,0,0
weak_defence,85,retaliation-1,retaliation,1,300,,130418,130418,119,119,0.4648,1,167,115,99,99,47,51,40073,4,6,0,2,318,234,9,1
weak_defence,85,random-1,random,0,129,collapsed,0,3384,0,46,0.0,0,84,126,34,34,79,45,7546,3,2,0,2,15,0,0,0
weak_defence,86,peace-1,peace,0,73,union,0,636,0,32,0.0,0,0,60,0,0,37,57,379,4,5,0,1,71,11,2,0
weak_defence,86,switzerland-1,switzerland,1,300,,10917,32986,10,64,0.0391,0,0,108,0,0,60,69,23987,3,4,0,1,295,237,0,0
weak_defence,86,hegemony-1,hegemony,0,148,collapsed,0,4324,0,43,0.0,0,130,98,55,55,69,18,10279,2,0,0,0,0,0,0,0
weak_defence,86,retaliation-1,retaliation,1,300,,148614,150229,147,151,0.5742,1,220,183,130,130,77,72,73554,2,5,0,0,307,248,2,1
weak_defence,86,random-1,random,1,300,,84425,88835,99,107,0.3867,0,260,161,145,145,87,40,90980,3,2,0,2,19,0,0,0
weak_defence,87,peace-1,peace,1,300,,91010,129154,93,114,0.3633,0,0,76,0,0,32,73,14787,3,7,0,2,326,217,8,1
weak_defence,87,switzerland-1,switzerland,0,260,conquered,0,52221,0,87,0.0,0,0,143,0,0,87,86,46793,3,5,0,1,292,232,0,0
weak_defence,87,hegemony-1,hegemony,1,300,,153270,153270,163,163,0.6367,1,283,33,160,160,15,17,48653,4,3,0,3,50,0,0,0
weak_defence,87,retaliation-1,retaliation,0,79,union,0,3321,0,52,0.0,0,35,23,23,23,10,37,529,4,6,0,1,108,45,8,0
weak_defence,87,random-1,random,0,61,collapsed,0,236,0,22,0.0,0,22,65,6,6,45,39,452,2,1,0,1,2,0,0,0
weak_defence,88,peace-1,peace,1,300,,64464,101623,60,113,0.2344,0,0,151,0,0,82,74,40984,4,7,0,2,343,220,2,1
weak_defence,88,switzerland-1,switzerland,1,300,,16353,33696,15,63,0.0586,0,0,102,0,0,53,67,21027,4,6,0,1,415,310,0,0
weak_defence,88,hegemony-1,hegemony,0,118,collapsed,0,832,0,24,0.0,0,94,89,32,32,54,24,2584,3,2,0,0,95,0,0,0
weak_defence,88,retaliation-1,retaliation,0,155,union,0,25021,0,67,0.0,0,89,94,54,54,32,44,2616,4,6,0,0,206,114,2,0
weak_defence,88,random-1,random,1,300,,168518,168518,181,181,0.707,1,253,0,135,135,0,45,50593,3,3,0,3,51,0,0,0
weak_defence,89,peace-1,peace,0,118,union,0,2925,0,43,0.0,0,0,99,0,0,64,84,1528,3,5,0,0,108,49,9,0
weak_defence,89,switzerland-1,switzerland,1,300,,101968,101968,85,85,0.332,0,0,6,0,0,0,84,43,4,6,0,1,595,291,0,0
weak_defence,89,hegemony-1,hegemony,1,300,,108735,108735,113,113,0.4414,1,278,180,167,167,77,22,86580,2,1,0,0,236,0,0,0
weak_defence,89,retaliation-1,retaliation,1,300,,51330,66895,58,86,0.2266,0,233,208,115,115,106,27,95908,3,5,0,0,339,280,9,1
weak_defence,89,random-1,random,0,74,collapsed,0,297,0,22,0.0,0,35,53,3,3,38,39,679,2,1,0,1,10,0,0,0
weak_defence,90,peace-1,peace,1,300,,52353,88297,54,87,0.2109,0,0,181,0,0,72,102,34527,4,8,0,3,395,231,1,1
weak_defence,90,switzerland-1,switzerland,0,268,conquered,0,22763,0,29,0.0,0,0,52,0,0,29,28,16641,4,5,0,1,298,234,0,0
weak_defence,90,hegemony-1,hegemony,1,300,,48230,54556,59,65,0.2305,0,274,111,101,101,69,26,64365,4,2,0,2,102,0,0,0
weak_defence,90,retaliation-1,retaliation,0,63,union,0,599,0,24,0.0,0,37,41,18,18,20,24,479,3,5,0,0,88,27,1,0
weak_defence,90,random-1,random,1,300,,128878,128878,143,143,0.5586,1,229,155,122,122,51,71,69486,3,2,0,2,7,0,0,0
weak_defence,91,peace-1,peace,1,300,,147617,147617,128,135,0.5,1,0,53,0,0,10,70,9527,4,8,0,1,453,253,11,1
weak_defence,91,switzerland-1,switzerland,1,300,,28302,72876,27,75,0.1055,0,0,123,0,0,48,74,40481,3,4,0,0,347,289,0,0
weak_defence,91,hegemony-1,hegemony,1,300,,91684,91684,101,101,0.3945,0,279,81,118,118,39,21,57343,4,2,0,1,103,0,0,0
weak_defence,91,retaliation-1,retaliation,0,122,union,0,15708,0,67,0.0,0,65,59,42,42,30,54,3280,4,5,0,0,132,70,11,0
weak_defence,91,random-1,random,0,59,collapsed,0,193,0,17,0.0,0,25,53,5,5,38,34,410,3,1,0,0,35,0,0,0
weak_defence,92,peace-1,peace,0,69,conquered,0,319,0,24,0.0,0,0,55,0,0,42,41,452,2,1,0,1,24,0,0,0
weak_defence,92,switzerland-1,switzerland,0,262,conquered,0,57874,0,52,0.0,0,0,87,0,0,52,51,34677,3,4,0,1,461,222,0,0
weak_defence,92,hegemony-1,hegemony,1,300,,121817,126092,134,140,0.5234,1,274,136,167,167,60,26,68979,4,2,0,2,261,0,0,0
weak_defence,92,retaliation-1,retaliation,1,300,,109873,126414,122,122,0.4766,0,140,69,82,82,33,72,34717,3,3,0,1,365,222,0,0
weak_defence,92,random-1,random,0,160,collapsed,0,7697,0,62,0.0,0,96,163,34,34,96,63,17997,4,2,0,1,87,0,0,0
weak_defence,93,peace-1,peace,0,211,conquered,0,24712,0,66,0.0,0,0,145,0,0,88,87,26755,2,2,0,0,177,148,0,0
weak_defence,93,switzerland-1,switzerland,1,300,,58800,62532,49,49,0.1914,0,0,4,0,0,0,48,17,4,6,0,1,709,392,0,0
weak_defence,93,hegemony-1,hegemony,1,300,,165020,165020,167,167,0.6523,1,270,110,177,177,41,30,64400,4,3,0,2,303,0,0,0
weak_defence,93,retaliation-1,retaliation,1,300,,17694,55653,25,48,0.0977,0,112,92,47,47,61,38,57338,3,4,0,2,326,244,0,0
weak_defence,93,random-1,random,0,48,collapsed,0,198,0,17,0.0,0,11,42,1,1,35,37,257,3,1,0,1,3,0,0,0
weak_defence,94,peace-1,peace,0,82,conquered,0,258,0,24,0.0,0,0,67,0,0,53,52,445,4,4,0,0,130,28,0,0
weak_defence,94,switzerland-1,switzerland,1,300,,49193,49193,41,41,0.1602,0,0,0,0,0,0,40,0,3,5,0,0,572,288,0,0
weak_defence,94,hegemony-1,hegemony,1,300,,127880,129461,130,133,0.5078,1,277,165,183,183,77,23,84139,4,1,0,0,226,0,0,0
weak_defence,94,retaliation-1,retaliation,1,300,,63427,64211,71,76,0.2773,0,239,207,129,129,111,52,89032,4,3,0,0,334,260,0,0
weak_defence,94,random-1,random,0,132,collapsed,0,3272,0,48,0.0,0,57,134,24,24,95,73,6817,3,1,0,0,28,0,0,0
weak_defence,95,peace-1,peace,1,300,,63502,141743,65,133,0.2539,0,0,121,0,0,68,74,44067,3,5,0,1,288,104,1,1
weak_defence,95,switzerland-1,switzerland,0,178,conquered,0,13296,0,63,0.0,0,0,134,0,0,80,79,15262,3,4,0,2,138,90,0,0
weak_defence,95,hegemony-1,hegemony,1,300,,178682,178682,191,191,0.7461,1,279,12,173,173,4,21,43778,4,2,0,2,144,0,0,0
weak_defence,95,retaliation-1,retaliation,0,66,union,0,2243,0,58,0.0,0,0,0,0,0,0,57,0,2,4,0,0,66,14,1,0
weak_defence,95,random-1,random,0,46,collapsed,0,157,0,12,0.0,0,21,33,4,4,25,25,250,2,1,0,1,2,0,0,0
weak_defence,96,peace-1,peace,1,300,,61715,92647,57,113,0.2227,0,0,122,0,0,61,79,34555,3,6,0,0,301,225,12,1
weak_defence,96,switzerland-1,switzerland,1,300,,25457,50748,24,72,0.0938,0,0,112,0,0,57,80,26582,3,4,0,1,253,204,0,0
weak_defence,96,hegemony-1,hegemony,0,47,collapsed,0,196,0,15,0.0,0,34,33,12,12,25,13,323,3,1,0,0,11,0,0,0
weak_defence,96,retaliation-1,retaliation,0,79,union,0,1425,0,38,0.0,0,55,40,32,32,16,21,571,4,4,0,0,54,21,12,0
weak_defence,96,random-1,random,1,300,,162759,162759,175,175,0.6836,1,240,22,122,122,7,59,50694,3,1,0,1,9,0,0,0
weak_defence,97,peace-1,peace,1,300,,62450,122985,64,133,0.25,0,0,134,0,0,75,91,47793,3,5,0,1,264,113,7,1
weak_defence,97,switzerland-1,switzerland,0,163,conquered,0,9395,0,44,0.0,0,0,110,0,0,51,50,12143,3,4,0,2,158,104,0,0
weak_defence,97,hegemony-1,hegemony,1,300,,168616,168616,181,181,0.707,1,278,15,163,163,5,22,46682,4,3,0,2,120,0,0,0
weak_defence,97,retaliation-1,retaliation,0,76,union,0,3570,0,47,0.0,0,0,0,0,0,0,46,0,3,6,0,0,103,43,7,0
weak_defence,97,random-1,random,0,70,collapsed,0,263,0,21,0.0,0,34,53,10,10,42,36,632,3,2,0,1,29,0,0,0
weak_defence,98,peace-1,peace,0,71,union,0,2424,0,54,0.0,0,0,10,0,0,4,57,58,4,6,0,1,98,33,7,0
weak_defence,98,switzerland-1,switzerland,0,150,conquered,0,2602,0,42,0.0,0,0,127,0,0,101,100,3749,3,3,0,0,148,94,0,0
weak_defence,98,hegemony-1,hegemony,1,300,,109921,112412,123,128,0.4805,0,273,147,170,170,75,27,84276,3,1,0,1,45,0,0,0
weak_defence,98,retaliation-1,retaliation,1,300,,118683,121017,132,135,0.5156,1,184,162,107,107,73,43,80610,4,6,0,2,202,97,7,1
weak_defence,98,random-1,random,0,52,collapsed,0,200,0,16,0.0,0,26,37,8,8,32,26,345,2,2,0,2,9,0,0,0
weak_defence,99,peace-1,peace,0,80,union,0,4185,0,66,0.0,0,0,3,0,0,2,67,67,3,5,0,1,85,10,2,0
weak_defence,99,switzerland-1,switzerland,0,188,conquered,0,18058,0,57,0.0,0,0,119,0,0,64,63,20550,3,4,0,2,184,89,0,0
weak_defence,99,hegemony-1,hegemony,1,300,,107279,111312,120,127,0.4688,0,269,129,145,145,57,31,80129,4,4,0,4,162,0,0,0
weak_defence,99,retaliation-1,retaliation,1,300,,123017,144648,136,138,0.5312,1,125,111,64,64,49,54,63923,3,7,0,3,244,99,2,1
weak_defence,99,random-1,random,0,74,collapsed,0,354,0,26,0.0,0,30,62,5,5,42,44,691,3,2,0,2,13,0,0,0
slow_growth,0,peace-1,peace,0,60,union,0,221,0,46,0.0,0,0,24,0,0,10,55,41,2,3,0,0,39,10,4,0
slow_growth,0,switzerland-1,switzerland,0,145,conquered,0,295,0,55,0.0,0,0,134,0,0,62,61,404,3,3,0,1,106,62,0,0
slow_growth,0,hegemony-1,hegemony,1,300,,18579,18579,95,95,0.3711,0,154,47,74,74,15,35,634,4,2,0,1,193,0,0,0
slow_growth,0,retaliation-1,retaliation,1,300,,44325,44325,161,161,0.6289,1,96,42,69,69,7,52,480,4,8,0,2,336,72,4,1
slow_growth,0,random-1,random,0,186,collapsed,0,697,0,65,0.0,0,134,137,41,41,90,51,1271,3,2,0,2,8,0,0,0
slow_growth,1,peace-1,peace,1,300,,47094,47094,135,135,0.5273,1,0,3,0,0,1,93,6,3,6,0,1,448,139,4,1
slow_growth,1,switzerland-1,switzerland,0,215,conquered,0,791,0,69,0.0,0,0,165,0,0,76,75,1143,3,4,0,2,174,130,0,0
slow_growth,1,hegemony-1,hegemony,1,300,,23625,23625,121,121,0.4727,0,184,8,90,90,1,31,931,3,2,0,1,254,0,0,0
slow_growth,1,retaliation-1,retaliation,0,59,union,0,266,0,42,0.0,0,28,8,16,16,2,27,56,3,4,0,0,41,9,4,0
slow_growth,1,random-1,random,0,50,collapsed,0,134,0,18,0.0,0,24,52,4,4,30,26,140,4,2,0,2,5,0,0,0
slow_growth,2,peace-1,peace,1,300,,14925,14925,49,71,0.1914,0,0,85,0,0,23,71,1938,2,3,0,1,273,242,0,0
slow_growth,2,switzerland-1,switzerland,1,300,,11631,11631,52,99,0.2031,0,0,133,0,0,52,103,2772,3,4,0,1,316,242,0,0
slow_growth,2,hegemony-1,hegemony,0,77,collapsed,0,118,0,24,0.0,0,60,42,15,15,24,17,197,3,1,0,0,28,0,0,0
slow_growth,2,retaliation-1,retaliation,0,30,collapsed,0,114,0,8,0.0,0,23,23,6,6,13,7,122,1,0,0,0,0,0,0,0
slow_growth,2,random-1,random,1,300,,16214,16214,155,155,0.6055,1,237,37,93,93,2,63,5057,3,2,0,2,19,0,0,0
slow_growth,3,peace-1,peace,0,63,union,0,126,0,29,0.0,0,0,49,0,0,29,52,80,2,3,0,0,42,13,6,0
slow_growth,3,switzerland-1,switzerland,0,250,conquered,0,1537,0,47,0.0,0,0,127,0,0,53,52,1941,3,4,0,2,234,169,0,0
slow_growth,3,hegemony-1,hegemony,1,300,,20733,20733,138,138,0.5391,1,230,39,124,124,12,25,2128,4,4,0,3,132,0,0,0
slow_growth,3,retaliation-1,retaliation,1,300,,30963,30963,118,118,0.4609,0,68,19,49,49,7,51,270,4,8,0,2,365,182,6,1
slow_growth,3,random-1,random,0,176,collapsed,0,564,0,67,0.0,0,101,165,35,35,107,74,1040,3,3,0,3,33,0,0,0
slow_growth,4,peace-1,peace,0,70,union,0,221,0,48,0.0,0,0,29,0,0,13,60,54,4,5,0,1,110,15,8,0
slow_growth,4,switzerland-1,switzerland,0,220,conquered,0,845,0,69,0.0,0,0,158,0,0,79,78,1239,4,4,0,2,282,0,0,0
slow_growth,4,hegemony-1,hegemony,1,300,,13552,13552,103,127,0.4023,0,274,82,121,121,45,26,7109,4,3,0,3,160,0,0,0
slow_growth,4,retaliation-1,retaliation,1,300,,30297,30297,153,154,0.5977,1,115,98,67,67,26,63,4958,4,7,0,3,363,15,8,1
slow_growth,4,random-1,random,0,52,collapsed,0,134,0,19,0.0,0,25,47,6,6,31,27,144,4,3,0,3,25,0,0,0
slow_growth,5,peace-1,peace,1,300,,11957,11957,50,90,0.1953,0,0,120,0,0,43,92,4208,2,3,0,1,269,131,0,0
slow_growth,5,switzerland-1,switzerland,0,175,conquered,0,419,0,52,0.0,0,0,121,0,0,62,61,612,4,5,0,1,332,253,0,0
slow_growth,5,hegemony-1,hegemony,1,300,,22452,22452,157,157,0.6133,1,265,5,123,123,2,35,4977,4,2,0,1,371,0,0,0
slow_growth,5,retaliation-1,retaliation,1,300,,21845,21845,49,49,0.1914,0,27,11,18,18,0,30,42,3,4,0,1,414,122,0,0
slow_growth,5,random-1,random,0,57,collapsed,0,149,0,22,0.0,0,21,56,2,2,36,36,143,3,2,0,2,22,0,0,0
slow_growth,6,peace-1,peace,1,300,,50896,50896,134,134,0.5234,1,0,0,0,0,0,75,0,3,6,0,0,526,197,9,1
slow_growth,6,switzerland-1,switzerland,0,269,conquered,0,1336,0,61,0.0,0,0,206,0,0,75,74,2121,3,4,0,2,292,182,0,0
slow_growth,6,hegemony-1,hegemony,1,300,,12428,12428,122,122,0.4766,0,247,31,106,106,7,22,2108,4,3,0,1,366,0,0,0
slow_growth,6,retaliation-1,retaliation,0,66,union,0,358,0,58,0.0,0,0,0,0,0,0,57,0,3,4,0,0,83,15,9,0
slow_growth,6,random-1,random,0,98,collapsed,0,142,0,28,0.0,0,69,79,19,19,43,28,274,3,1,0,1,5,0,0,0
slow_growth,7,peace-1,peace,0,59,union,0,309,0,53,0.0,0,0,2,0,0,0,52,2,3,5,0,1,52,11,2,0
slow_growth,7,switzerland-1,switzerland,0,102,conquered,0,153,0,36,0.0,0,0,91,0,0,55,54,175,3,2,0,0,50,17,0,0
slow_growth,7,hegemony-1,hegemony,1,300,,3814,4532,47,100,0.1836,0,272,169,108,108,90,28,7011,3,1,0,1,108,0,0,0
slow_growth,7,retaliation-1,retaliation,1,300,,35126,35126,209,209,0.8164,1,230,209,141,141,50,64,5071,2,5,0,1,193,28,2,1
slow_growth,7,random-1,random,0,141,collapsed,0,398,0,57,0.0,0,86,117,28,28,82,55,626,3,1,0,1,3,0,0,0
slow_growth,8,peace-1,peace,0,84,union,0,152,0,43,0.0,0,0,56,0,0,34,76,93,4,5,0,0,80,19,3,0
slow_growth,8,switzerland-1,switzerland,0,214,conquered,0,896,0,68,0.0,0,0,145,0,0,73,72,1215,4,4,0,1,187,138,0,0
slow_growth,8,hegemony-1,hegemony,1,300,,18394,18394,125,139,0.4883,0,274,88,141,141,43,26,6922,4,2,0,2,89,0,0,0
slow_growth,8,retaliation-1,retaliation,1,300,,23143,23143,131,132,0.5117,1,141,103,77,77,31,41,5308,4,5,0,1,264,141,3,1
slow_growth,8,random-1,random,0,81,collapsed,0,136,0,23,0.0,0,41,64,6,6,43,39,183,4,0,0,0,0,0,0,0
slow_growth,9,peace-1,peace,1,300,,20260,20260,49,54,0.1914,0,0,17,0,0,6,54,58,3,4,0,1,396,93,0,0
slow_growth,9,switzerland-1,switzerland,0,138,conquered,0,228,0,45,0.0,0,0,106,0,0,53,52,302,4,5,0,1,237,165,0,0
slow_growth,9,hegemony-1,hegemony,1,300,,13425,13425,117,117,0.457,1,253,155,126,126,57,47,4682,4,1,0,0,260,0,0,0
slow_growth,9,retaliation-1,retaliation,1,300,,8283,8283,90,95,0.3516,0,240,190,112,112,70,47,4864,3,3,0,1,106,72,0,0
slow_growth,9,random-1,random,0,128,collapsed,0,216,0,42,0.0,0,74,99,16,16,68,53,434,4,3,0,3,33,0,0,0
slow_growth,10,peace-1,peace,0,83,union,0,118,0,28,0.0,0,0,78,0,0,37,42,137,3,4,0,1,72,26,2,0
slow_growth,10,switzerland-1,switzerland,0,282,conquered,0,1097,0,82,0.0,0,0,246,0,0,91,90,2252,3,3,0,1,266,215,0,0
slow_growth,10,hegemony-1,hegemony,1,300,,13319,13319,134,134,0.5234,1,282,32,126,126,11,18,3047,4,2,0,2,138,0,0,0
slow_growth,10,retaliation-1,retaliation,1,300,,14803,14803,122,125,0.4766,0,210,113,108,108,40,47,2304,4,7,0,2,437,241,2,1
slow_growth,10,random-1,random,0,243,collapsed,0,748,0,63,0.0,0,184,207,59,59,114,59,2103,4,2,0,2,39,0,0,0
slow_growth,11,peace-1,peace,0,89,union,0,420,0,50,0.0,0,0,30,0,0,9,52,56,4,6,0,0,92,28,0,0
slow_growth,11,switzerland-1,switzerland,1,300,,22898,22898,52,52,0.2031,0,0,0,0,0,0,51,0,2,4,0,0,334,276,0,0
slow_growth,11,hegemony-1,hegemony,1,300,,21249,21249,73,73,0.2852,0,71,21,36,36,5,41,156,3,2,0,0,221,0,0,0
slow_growth,11,retaliation-1,retaliation,1,300,,45350,45350,131,131,0.5117,1,33,15,25,25,2,63,72,4,7,0,1,552,274,0,1
slow_growth,11,random-1,random,0,111,collapsed,0,233,0,44,0.0,0,66,104,16,16,61,45,373,3,1,0,1,5,0,0,0
slow_growth,12,peace-1,peace,1,300,,45969,45969,141,141,0.5508,1,0,37,0,0,2,81,115,3,6,0,0,365,55,0,1
slow_growth,12,switzerland-1,switzerland,0,96,conquered,0,126,0,26,0.0,0,0,83,0,0,46,45,133,4,4,0,0,123,65,0,0
slow_growth,12,hegemony-1,hegemony,1,300,,18158,18158,115,115,0.4492,0,134,59,82,82,15,47,334,4,1,0,0,252,0,0,0
slow_growth,12,retaliation-1,retaliation,0,89,union,0,474,0,61,0.0,0,37,15,19,19,8,49,104,4,5,0,0,114,56,0,0
slow_growth,12,random-1,random,0,156,collapsed,0,283,0,41,0.0,0,117,94,30,30,60,38,640,3,0,0,0,0,0,0,0
slow_growth,13,peace-1,peace,0,55,union,0,193,0,39,0.0,0,0,27,0,0,9,47,45,3,4,0,0,63,14,6,0
slow_growth,13,switzerland-1,switzerland,1,300,,784,784,3,57,0.0117,0,0,135,0,0,65,67,827,3,2,0,0,266,225,0,0
slow_growth,13,hegemony-1,hegemony,1,300,,23390,23390,117,117,0.457,0,166,9,88,88,2,30,680,4,1,0,0,184,0,0,0
slow_growth,13,retaliation-1,retaliation,1,300,,40689,40689,136,136,0.5312,1,63,15,37,37,6,65,122,3,5,0,0,473,239,6,1
slow_growth,13,random-1,random,0,93,collapsed,0,186,0,37,0.0,0,49,92,14,14,57,44,275,3,0,0,0,0,0,0,0
slow_growth,14,peace-1,peace,0,92,union,0,137,0,32,0.0,0,0,87,0,0,48,55,131,4,6,0,1,99,38,8,0
slow_growth,14,switzerland-1,switzerland,1,300,,4702,4702,17,60,0.0664,0,0,105,0,0,53,69,1288,4,5,0,1,319,250,0,0
slow_growth,14,hegemony-1,hegemony,0,251,collapsed,0,700,0,60,0.0,0,230,170,94,94,105,20,2031,4,1,0,1,31,0,0,0
slow_growth,14,retaliation-1,retaliation,1,300,,3325,3416,66,84,0.2578,0,205,254,86,86,105,76,4910,3,6,0,1,335,246,8,1
slow_growth,14,random-1,random,1,300,,23214,23214,166,166,0.6484,1,265,84,144,144,13,34,3784,3,2,0,2,14,0,0,0
slow_growth,15,peace-1,peace,0,76,union,0,351,0,50,0.0,0,0,14,0,0,7,54,29,4,7,0,1,130,37,1,0
slow_growth,15,switzerland-1,switzerland,0,117,conquered,0,120,0,39,0.0,0,0,109,0,0,69,68,163,4,4,0,1,110,67,0,0
slow_growth,15,hegemony-1,hegemony,1,300,,4583,4583,63,83,0.2461,0,283,162,123,123,78,17,5082,3,1,0,1,68,0,0,0
slow_growth,15,retaliation-1,retaliation,1,300,,17202,17202,143,143,0.5586,1,235,372,117,117,82,59,5810,3,5,0,2,147,52,1,1
slow_growth,15,random-1,random,0,269,collapsed,0,784,0,58,0.0,0,212,73,35,35,39,56,2599,4,3,0,3,25,0,0,0
slow_growth,16,peace-1,peace,1,300,,21206,21206,73,73,0.2852,0,0,42,0,0,6,78,243,3,3,0,0,521,250,0,0
slow_growth,16,switzerland-1,switzerland,1,300,,24794,24794,60,60,0.2344,0,0,2,0,0,0,59,14,3,4,0,1,565,250,0,0
slow_growth,16,hegemony-1,hegemony,1,300,,13474,13474,122,122,0.4766,1,170,84,100,100,22,43,470,4,2,0,0,505,0,0,0
slow_growth,16,retaliation-1,retaliation,0,38,collapsed,0,127,0,14,0.0,0,22,26,7,7,21,16,118,2,1,0,1,7,0,0,0
slow_growth,16,random-1,random,0,190,collapsed,0,353,0,57,0.0,0,107,145,21,21,79,82,927,4,2,0,2,28,0,0,0
slow_growth,17,peace-1,peace,1,300,,8780,8780,32,57,0.125,0,0,102,0,0,33,64,1462,3,4,0,2,266,231,0,0
slow_growth,17,switzerland-1,switzerland,1,300,,20046,20046,81,93,0.3164,0,0,82,0,0,15,95,2263,4,5,0,1,419,231,0,0
slow_growth,17,hegemony-1,hegemony,0,173,collapsed,0,169,0,43,0.0,0,139,88,38,38,46,34,547,4,2,0,1,145,0,0,0
slow_growth,17,retaliation-1,retaliation,0,57,collapsed,0,126,0,14,0.0,0,41,43,11,11,24,16,157,2,1,0,0,13,0,0,0
slow_growth,17,random-1,random,1,300,,9234,9234,142,142,0.5547,1,228,93,83,83,14,72,5524,3,2,0,2,7,0,0,0
slow_growth,18,peace-1,peace,0,69,union,0,126,0,29,0.0,0,0,54,0,0,29,51,86,3,4,0,0,61,9,3,0
slow_growth,18,switzerland-1,switzerland,1,300,,23853,23853,71,72,0.2773,0,0,20,0,0,4,74,57,4,6,0,2,466,223,0,0
slow_growth,18,hegemony-1,hegemony,0,211,collapsed,0,784,0,57,0.0,0,192,125,68,68,76,19,1691,3,2,0,1,161,0,0,0
slow_growth,18,retaliation-1,retaliation,1,300,,41824,41824,185,185,0.7227,1,73,71,56,56,9,55,814,3,10,0,2,377,245,7,2
slow_growth,18,random-1,random,0,137,union,0,613,0,63,0.0,0,72,67,24,24,30,64,397,3,4,0,1,47,13,4,0
slow_growth,19,peace-1,peace,0,82,union,0,490,0,64,0.0,0,0,0,0,0,0,63,0,2,5,0,0,100,39,6,0
slow_growth,19,switzerland-1,switzerland,1,300,,16237,16433,49,65,0.1914,0,0,65,0,0,17,65,3142,4,6,0,3,415,245,0,0
slow_growth,19,hegemony-1,hegemony,1,300,,14361,14361,82,82,0.3203,0,125,43,59,59,8,30,3550,3,3,0,2,357,0,0,0
slow_growth,19,retaliation-1,retaliation,1,300,,50483,50483,125,125,0.4883,1,0,0,0,0,0,60,0,3,5,0,0,555,232,6,1
slow_growth,19,random-1,random,0,84,collapsed,0,142,0,24,0.0,0,46,63,9,9,43,38,202,2,1,0,1,17,0,0,0
slow_growth,20,peace-1,peace,1,300,,9502,9502,36,72,0.1406,0,0,95,0,0,44,79,2126,3,4,0,1,506,242,0,0
slow_growth,20,switzerland-1,switzerland,0,300,conquered,0,479,0,61,0.0,0,0,155,0,0,68,67,808,4,6,0,2,358,264,0,0
slow_growth,20,hegemony-1,hegemony,0,296,collapsed,0,1159,0,72,0.0,0,270,134,86,86,77,24,3684,4,2,0,1,251,0,0,0
slow_growth,20,retaliation-1,retaliation,0,70,collapsed,0,142,0,19,0.0,0,47,49,14,14,34,23,181,2,2,0,0,53,22,0,0
slow_growth,20,random-1,random,1,300,,22718,22718,192,192,0.75,1,232,116,137,137,14,68,4016,3,2,0,2,18,0,0,0
slow_growth,21,peace-1,peace,0,83,union,0,313,0,53,0.0,0,0,35,0,0,15,67,61,3,5,0,2,65,16,11,0
slow_growth,21,switzerland-1,switzerland,0,212,conquered,0,827,0,65,0.0,0,0,141,0,0,73,72,1171,2,3,0,1,210,139,0,0
slow_growth,21,hegemony-1,hegemony,1,300,,25584,25584,124,124,0.4844,0,196,15,109,109,2,16,1015,4,4,0,3,285,0,0,0
slow_growth,21,retaliation-1,retaliation,1,300,,43465,43465,132,132,0.5156,1,0,0,0,0,0,78,0,3,7,0,1,442,155,11,1
slow_growth,21,random-1,random,0,46,collapsed,0,131,0,16,0.0,0,26,31,5,5,24,20,128,2,1,0,1,4,0,0,0
slow_growth,22,peace-1,peace,1,300,,16382,16382,61,85,0.2383,0,0,121,0,0,47,85,1407,4,8,0,2,375,131,5,1
slow_growth,22,switzerland-1,switzerland,0,163,conquered,0,249,0,51,0.0,0,0,129,0,0,72,71,393,3,3,0,1,156,121,0,0
slow_growth,22,hegemony-1,hegemony,1,300,,6385,6389,83,96,0.3242,0,265,152,115,115,68,35,4523,4,2,0,1,184,0,0,0
slow_growth,22,retaliation-1,retaliation,0,55,union,0,169,0,28,0.0,0,25,24,10,10,17,28,104,2,3,0,0,40,10,5,0
slow_growth,22,random-1,random,1,300,,12680,12680,112,112,0.4375,1,268,132,119,119,40,32,4970,3,2,0,2,7,0,0,0
slow_growth,23,peace-1,peace,1,300,,38355,38355,111,111,0.4336,0,0,0,0,0,0,85,3,3,7,0,1,404,184,4,1
slow_growth,23,switzerland-1,switzerland,0,254,conquered,0,1040,0,80,0.0,0,0,201,0,0,108,107,1599,2,3,0,1,232,175,0,0
slow_growth,23,hegemony-1,hegemony,1,300,,21881,21881,145,145,0.5664,1,230,12,128,128,8,24,1232,4,3,0,2,187,0,0,0
slow_growth,23,retaliation-1,retaliation,0,50,union,0,138,0,24,0.0,0,33,24,19,19,11,16,106,3,4,0,1,40,9,4,0
slow_growth,23,random-1,random,0,38,conquered,0,129,0,16,0.0,0,19,45,6,6,26,19,129,2,1,0,1,1,0,0,0
slow_growth,24,peace-1,peace,0,74,union,0,117,0,28,0.0,0,0,60,0,0,42,58,80,3,4,0,0,69,16,5,0
slow_growth,24,switzerland-1,switzerland,1,300,,24819,24819,69,71,0.2695,0,0,16,0,0,2,70,59,4,6,1,1,548,222,0,0
slow_growth,24,hegemony-1,hegemony,1,300,,10940,10940,79,79,0.3086,0,182,109,96,96,36,18,797,4,3,0,1,417,0,0,0
slow_growth,24,retaliation-1,retaliation,1,300,,29559,29559,108,108,0.4219,1,49,18,35,35,1,56,285,4,8,0,2,486,238,5,1
slow_growth,24,random-1,random,0,197,collapsed,0,700,0,61,0.0,0,143,171,39,39,89,53,1383,3,3,1,2,42,0,0,0
slow_growth,25,peace-1,peace,0,58,union,0,284,0,52,0.0,0,0,9,0,0,2,53,14,3,5,0,1,67,9,4,0
slow_growth,25,switzerland-1,switzerland,0,105,conquered,0,129,0,34,0.0,0,0,93,0,0,58,57,165,4,3,0,0,86,37,0,0
slow_growth,25,hegemony-1,hegemony,1,300,,1836,2788,38,81,0.1484,0,264,181,108,108,107,36,5552,3,1,0,1,68,0,0,0
slow_growth,25,retaliation-1,retaliation,1,300,,26904,26904,191,191,0.7461,1,233,277,142,142,67,63,4363,3,6,0,1,168,46,4,1
slow_growth,25,random-1,random,0,165,collapsed,0,303,0,46,0.0,0,126,63,25,25,41,39,705,3,1,0,1,5,0,0,0
slow_growth,26,peace-1,peace,0,61,union,0,167,0,31,0.0,0,0,40,0,0,22,49,79,4,5,0,1,78,21,3,0
slow_growth,26,switzerland-1,switzerland,0,193,conquered,0,628,0,63,0.0,0,0,127,0,0,70,69,803,3,4,0,2,180,112,0,0
slow_growth,26,hegemony-1,hegemony,1,300,,15668,15668,117,134,0.457,0,267,110,134,134,51,33,6450,4,3,0,3,75,0,0,0
slow_growth,26,retaliation-1,retaliation,1,300,,22080,22080,139,139,0.543,1,194,156,99,99,40,51,5441,3,7,0,3,249,133,3,1
slow_growth,26,random-1,random,0,138,collapsed,0,277,0,47,0.0,0,85,113,20,20,70,52,543,4,3,0,3,24,0,0,0
slow_growth,27,peace-1,peace,0,109,conquered,0,149,0,39,0.0,0,0,107,0,0,59,58,203,4,4,0,1,132,39,0,0
slow_growth,27,switzerland-1,switzerland,0,252,conquered,0,557,0,60,0.0,0,0,151,0,0,68,67,785,4,5,0,1,341,218,0,0
slow_growth,27,hegemony-1,hegemony,1,300,,5638,5638,77,78,0.3008,0,277,118,123,123,70,23,3943,4,2,0,1,312,0,0,0
slow_growth,27,retaliation-1,retaliation,1,300,,23320,23320,113,113,0.4414,1,101,49,52,52,9,69,3539,4,5,0,1,532,179,0,0
slow_growth,27,random-1,random,1,300,,5807,6388,66,119,0.2578,0,265,218,128,128,97,34,8052,4,2,0,2,35,0,0,0
slow_growth,28,peace-1,peace,0,94,union,0,205,0,39,0.0,0,0,77,0,0,40,59,153,4,6,0,1,125,59,2,0
slow_growth,28,switzerland-1,switzerland,1,300,,24807,24807,59,59,0.2305,0,0,0,0,0,0,58,0,4,6,0,0,619,292,0,0
slow_growth,28,hegemony-1,hegemony,1,300,,11215,11215,85,85,0.332,0,149,93,78,78,34,40,643,4,2,0,0,322,0,0,0
slow_growth,28,retaliation-1,retaliation,1,300,,27621,27621,112,112,0.4375,1,96,41,47,47,8,52,450,3,6,0,0,416,253,2,1
slow_growth,28,random-1,random,0,188,collapsed,0,684,0,73,0.0,0,144,178,49,49,92,44,1226,3,2,0,1,58,0,0,0
slow_growth,29,peace-1,peace,1,300,,13687,13848,39,58,0.1523,0,0,63,0,0,21,59,2291,3,4,0,1,397,229,0,0
slow_growth,29,switzerland-1,switzerland,1,300,,16358,16358,59,71,0.2305,0,0,93,0,0,19,77,2309,3,4,0,1,416,229,0,0
slow_growth,29,hegemony-1,hegemony,0,180,collapsed,0,199,0,44,0.0,0,153,89,44,44,52,26,598,4,3,0,1,262,0,0,0
slow_growth,29,retaliation-1,retaliation,0,55,collapsed,0,129,0,15,0.0,0,40,39,11,11,25,15,154,1,0,0,0,0,0,0,0
slow_growth,29,random-1,random,1,300,,8841,8841,158,158,0.6172,1,205,114,81,81,19,95,6319,3,3,0,3,45,0,0,0
slow_growth,30,peace-1,peace,0,81,union,0,441,0,56,0.0,0,0,11,0,0,2,56,19,4,7,0,1,121,12,2,0
slow_growth,30,switzerland-1,switzerland,0,95,conquered,0,125,0,30,0.0,0,0,90,0,0,49,48,154,4,5,0,1,121,56,0,0
slow_growth,30,hegemony-1,hegemony,1,300,,19866,19866,93,93,0.3633,0,156,23,82,82,8,18,412,4,2,0,0,323,0,0,0
slow_growth,30,retaliation-1,retaliation,1,300,,45110,45110,163,163,0.6367,1,86,60,56,56,14,65,469,3,6,0,0,399,66,2,1
slow_growth,30,random-1,random,0,171,collapsed,0,612,0,72,0.0,0,103,161,29,29,94,67,1060,3,2,0,2,8,0,0,0
slow_growth,31,peace-1,peace,1,300,,23087,23087,108,145,0.4219,0,0,157,0,0,51,122,3605,4,6,0,2,231,24,1,1
slow_growth,31,switzerland-1,switzerland,0,143,conquered,0,206,0,44,0.0,0,0,114,0,0,63,62,312,2,1,0,0,84,0,0,0
slow_growth,31,hegemony-1,hegemony,1,300,,21900,21900,148,148,0.5781,1,268,0,115,115,0,32,4382,3,1,0,1,86,0,0,0
slow_growth,31,retaliation-1,retaliation,0,68,union,0,151,0,36,0.0,0,53,33,32,32,10,13,126,2,3,0,0,54,24,1,0
slow_growth,31,random-1,random,0,73,collapsed,0,128,0,15,0.0,0,37,54,10,10,33,36,159,3,1,0,1,7,0,0,0
slow_growth,32,peace-1,peace,1,300,,35155,35155,103,103,0.4023,0,0,55,0,0,11,79,267,3,6,0,0,400,82,4,1
slow_growth,32,switzerland-1,switzerland,0,121,conquered,0,163,0,38,0.0,0,0,95,0,0,60,59,216,4,4,0,1,116,69,0,0
slow_growth,32,hegemony-1,hegemony,1,300,,21836,21836,153,153,0.5977,1,197,91,128,128,22,46,954,3,1,0,0,259,0,0,0
slow_growth,32,retaliation-1,retaliation,0,64,union,0,225,0,36,0.0,0,32,16,10,10,7,30,91,3,5,0,1,68,13,4,0
slow_growth,32,random-1,random,0,226,collapsed,0,623,0,67,0.0,0,170,142,46,46,84,54,1706,3,2,0,2,13,0,0,0
slow_growth,33,peace-1,peace,0,74,union,0,419,0,62,0.0,0,0,0,0,0,0,61,0,2,4,0,0,77,18,2,0
slow_growth,33,switzerland-1,switzerland,1,300,,14906,14906,48,60,0.1875,0,0,67,0,0,17,64,976,4,6,0,3,324,220,0,0
slow_growth,33,hegemony-1,hegemony,1,300,,11038,11038,64,64,0.25,0,116,38,49,49,9,23,1778,3,3,0,2,296,0,0,0
slow_growth,33,retaliation-1,retaliation,1,300,,52763,52763,144,144,0.5625,1,0,0,0,0,0,81,0,3,6,0,0,538,238,2,1
slow_growth,33,random-1,random,0,79,collapsed,0,126,0,22,0.0,0,51,62,11,11,34,28,201,2,1,0,1,1,0,0,0
slow_growth,34,peace-1,peace,1,300,,48540,48540,171,171,0.668,1,0,1,0,0,0,111,7,3,6,0,1,354,120,6,1
slow_growth,34,switzerland-1,switzerland,0,182,conquered,0,548,0,40,0.0,0,0,102,0,0,42,41,788,3,4,0,2,204,128,0,0
slow_growth,34,hegemony-1,hegemony,1,300,,13715,13715,85,85,0.332,0,155,28,69,69,13,28,909,4,3,0,2,234,0,0,0
slow_growth,34,retaliation-1,retaliation,0,93,union,0,455,0,59,0.0,0,57,33,32,32,7,33,146,4,5,0,0,131,70,6,0
slow_growth,34,random-1,random,0,67,collapsed,0,151,0,25,0.0,0,26,74,4,4,43,41,165,4,2,0,1,15,0,0,0
slow_growth,35,peace-1,peace,1,300,,8124,8124,28,79,0.1094,0,0,183,0,0,55,56,3068,4,8,0,2,425,235,4,1
slow_growth,35,switzerland-1,switzerland,1,300,,13728,13728,51,78,0.1992,0,0,92,0,0,37,87,1494,3,4,0,1,510,221,0,0
slow_growth,35,hegemony-1,hegemony,1,300,,1975,2202,44,49,0.1719,0,157,45,35,35,22,30,2498,4,4,0,2,373,0,0,0
slow_growth,35,retaliation-1,retaliation,0,55,union,0,156,0,26,0.0,0,32,31,14,14,11,22,116,3,3,0,0,44,14,4,0
slow_growth,35,random-1,random,1,300,,13681,13681,133,133,0.5195,1,244,82,91,91,15,56,6640,4,3,0,3,26,0,0,0
slow_growth,36,peace-1,peace,1,300,,6359,6359,56,82,0.2188,0,0,150,0,0,68,66,1547,4,7,0,1,447,242,3,1
slow_growth,36,switzerland-1,switzerland,1,300,,14994,14994,54,77,0.2109,0,0,94,0,0,27,80,2231,4,5,0,0,518,379,0,0
slow_growth,36,hegemony-1,hegemony,0,165,collapsed,0,160,0,30,0.0,0,135,139,43,43,70,29,435,4,2,0,0,212,0,0,0
slow_growth,36,retaliation-1,retaliation,0,204,union,0,315,0,57,0.0,0,154,138,70,70,45,31,598,4,5,0,0,218,157,3,0
slow_growth,36,random-1,random,1,300,,16949,16949,146,146,0.5703,1,252,20,102,102,5,48,4309,4,1,0,1,13,0,0,0
slow_growth,37,peace-1,peace,0,159,conquered,0,320,0,49,0.0,0,0,123,0,0,69,68,439,2,2,0,0,130,101,0,0
slow_growth,37,switzerland-1,switzerland,1,300,,3671,5391,16,81,0.0625,0,0,151,0,0,69,84,4931,4,6,0,2,499,337,0,0
slow_growth,37,hegemony-1,hegemony,1,300,,25653,25653,172,172,0.6719,1,262,0,134,134,0,37,4345,3,2,0,1,158,0,0,0
slow_growth,37,retaliation-1,retaliation,1,300,,20620,20620,68,68,0.2656,0,64,43,41,41,6,32,144,3,4,0,1,339,236,0,0
slow_growth,37,random-1,random,0,90,collapsed,0,157,0,27,0.0,0,55,64,10,10,41,35,235,2,2,0,2,20,0,0,0
slow_growth,38,peace-1,peace,0,64,union,0,142,0,33,0.0,0,0,40,0,0,20,50,70,2,3,0,0,53,23,1,0
slow_growth,38,switzerland-1,switzerland,1,300,,19002,19002,44,50,0.1719,0,0,18,0,0,7,50,46,2,3,0,1,279,243,0,0
slow_growth,38,hegemony-1,hegemony,1,300,,718,2383,24,84,0.0938,0,272,193,101,101,106,28,5814,3,1,0,1,16,0,0,0
slow_growth,38,retaliation-1,retaliation,1,300,,26962,26962,188,188,0.7344,1,222,175,140,140,39,55,4004,4,6,0,1,341,266,1,1
slow_growth,38,random-1,random,0,134,collapsed,0,329,0,56,0.0,0,62,130,17,17,86,71,514,3,1,0,1,7,0,0,0
slow_growth,39,peace-1,peace,0,117,conquered,0,126,0,30,0.0,0,0,87,0,0,52,51,144,4,4,0,1,159,50,0,0
slow_growth,39,switzerland-1,switzerland,0,246,conquered,0,616,0,70,0.0,0,0,180,0,0,76,75,985,4,6,0,2,325,233,0,0
slow_growth,39,hegemony-1,hegemony,1,300,,3266,3283,50,76,0.1953,0,286,145,115,115,80,14,5019,4,2,0,1,274,0,0,0
slow_growth,39,retaliation-1,retaliation,1,300,,25429,25429,95,95,0.3711,0,52,11,39,39,3,58,1738,4,5,0,1,544,183,0,0
slow_growth,39,random-1,random,1,300,,12831,12831,111,131,0.4336,1,244,159,121,121,64,53,6438,4,3,0,3,24,0,0,0
slow_growth,40,peace-1,peace,0,78,union,0,159,0,44,0.0,0,0,55,0,0,26,65,83,2,3,0,0,39,10,5,0
slow_growth,40,switzerland-1,switzerland,1,300,,7746,7746,37,63,0.1445,0,0,111,0,0,42,78,518,3,4,0,2,305,258,0,0
slow_growth,40,hegemony-1,hegemony,0,210,collapsed,0,368,0,43,0.0,0,181,83,53,53,53,19,1053,4,3,0,2,118,0,0,0
slow_growth,40,retaliation-1,retaliation,1,300,,32100,32100,185,185,0.7227,1,143,115,97,97,13,60,3587,4,7,0,1,433,268,5,1
slow_growth,40,random-1,random,1,300,,806,3001,33,102,0.1289,0,251,211,89,89,105,48,6795,3,1,0,1,7,0,0,0
slow_growth,41,peace-1,peace,1,300,,37614,37614,137,152,0.5352,1,0,74,0,0,16,63,1915,3,6,0,1,337,134,13,1
slow_growth,41,switzerland-1,switzerland,0,176,conquered,0,291,0,45,0.0,0,0,134,0,0,70,69,421,4,6,0,0,377,290,0,0
slow_growth,41,hegemony-1,hegemony,1,300,,16372,16372,119,119,0.4648,0,241,26,105,105,12,25,3164,4,2,0,2,278,0,0,0
slow_growth,41,retaliation-1,retaliation,0,193,union,0,2955,0,89,0.0,0,74,50,45,45,9,52,293,4,7,0,2,355,157,13,0
slow_growth,41,random-1,random,0,93,collapsed,0,180,0,36,0.0,0,48,79,10,10,53,43,265,3,3,0,1,71,39,0,0
slow_growth,42,peace-1,peace,1,300,,44964,44964,129,129,0.5039,1,0,3,0,0,0,60,7,4,8,0,2,591,294,1,1
slow_growth,42,switzerland-1,switzerland,1,300,,25234,25234,68,68,0.2656,0,0,0,0,0,0,67,0,2,4,0,0,380,320,0,0
slow_growth,42,hegemony-1,hegemony,1,300,,8467,8467,59,59,0.2305,0,102,81,52,52,28,34,336,3,3,0,2,238,0,0,0
slow_growth,42,retaliation-1,retaliation,0,120,union,0,716,0,69,0.0,0,43,42,19,19,17,65,195,3,6,0,1,178,114,1,0
slow_growth,42,random-1,random,0,75,collapsed,0,127,0,23,0.0,0,41,60,9,9,35,34,181,2,1,0,1,5,0,0,0
slow_growth,43,peace-1,peace,1,300,,49198,49198,141,141,0.5508,1,0,2,0,0,0,67,5,4,8,0,2,589,261,1,1
slow_growth,43,switzerland-1,switzerland,1,300,,25348,25348,69,69,0.2695,0,0,0,0,0,0,68,0,2,4,0,0,347,289,0,0
slow_growth,43,hegemony-1,hegemony,1,300,,13229,13229,46,47,0.1797,0,80,41,39,39,15,21,205,3,2,0,1,255,0,0,0
slow_growth,43,retaliation-1,retaliation,0,102,union,0,610,0,73,0.0,0,28,32,17,17,7,62,100,4,6,0,1,122,48,1,0
slow_growth,43,random-1,random,0,102,collapsed,0,145,0,31,0.0,0,55,88,16,16,50,47,259,3,2,0,2,21,0,0,0
slow_growth,44,peace-1,peace,0,86,conquered,0,127,0,25,0.0,0,0,79,0,0,58,57,124,3,2,0,1,40,0,0,0
slow_growth,44,switzerland-1,switzerland,1,300,,17465,17465,44,57,0.1719,0,0,36,0,0,15,58,136,4,5,0,1,563,236,0,0
slow_growth,44,hegemony-1,hegemony,1,300,,20003,20003,156,156,0.6094,1,233,147,161,161,33,27,1704,4,2,0,0,510,0,0,0
slow_growth,44,retaliation-1,retaliation,1,300,,24304,24304,56,56,0.2188,0,0,0,0,0,0,55,0,2,3,0,0,540,236,0,0
slow_growth,44,random-1,random,0,252,collapsed,0,932,0,73,0.0,0,189,160,50,50,105,62,2492,3,2,0,2,35,0,0,0
slow_growth,45,peace-1,peace,1,300,,27930,27930,90,90,0.3516,1,0,0,0,0,0,89,0,2,3,0,0,503,235,0,0
slow_growth,45,switzerland-1,switzerland,1,300,,28005,28005,89,89,0.3477,0,0,0,0,0,0,88,0,3,5,0,0,685,396,0,0
slow_growth,45,hegemony-1,hegemony,1,300,,3261,3261,77,77,0.3008,0,181,159,102,102,55,29,575,4,2,0,0,470,0,0,0
slow_growth,45,retaliation-1,retaliation,0,200,collapsed,0,190,0,34,0.0,0,174,159,64,64,84,22,626,3,2,0,0,190,161,0,0
slow_growth,45,random-1,random,0,39,collapsed,0,119,0,16,0.0,0,11,48,2,2,29,28,109,2,0,0,0,0,0,0,0
slow_growth,46,peace-1,peace,0,64,union,0,142,0,33,0.0,0,0,40,0,0,19,51,70,4,5,0,1,68,14,7,0
slow_growth,46,switzerland-1,switzerland,0,193,conquered,0,533,0,49,0.0,0,0,129,0,0,60,59,768,3,4,0,2,188,108,0,0
slow_growth,46,hegemony-1,hegemony,1,300,,12846,12846,106,122,0.4141,0,271,115,132,132,56,29,6677,4,3,0,3,146,0,0,0
slow_growth,46,retaliation-1,retaliation,1,300,,25661,25661,144,145,0.5625,1,183,130,104,104,42,48,5497,3,7,0,3,299,122,7,1
slow_growth,46,random-1,random,0,135,collapsed,0,299,0,52,0.0,0,74,114,17,17,76,61,530,4,3,0,3,25,0,0,0
slow_growth,47,peace-1,peace,0,145,union,0,297,0,45,0.0,0,0,92,0,0,51,71,216,4,4,0,0,151,11,2,0
slow_growth,47,switzerland-1,switzerland,1,300,,23724,23724,56,56,0.2188,0,0,5,0,0,1,56,7,4,4,0,0,626,245,0,0
slow_growth,47,hegemony-1,hegemony,1,300,,9830,9830,96,103,0.375,0,268,175,127,127,64,32,5205,4,2,0,1,298,0,0,0
slow_growth,47,retaliation-1,retaliation,1,300,,12140,12140,104,107,0.4062,1,223,174,102,102,62,42,4969,4,7,0,2,388,256,2,1
slow_growth,47,random-1,random,0,109,collapsed,0,167,0,38,0.0,0,56,101,13,13,64,53,292,4,1,0,1,15,0,0,0
slow_growth,48,peace-1,peace,1,300,,35593,35593,119,119,0.4648,1,0,0,0,0,0,64,0,3,6,0,0,650,319,0,1
slow_growth,48,switzerland-1,switzerland,1,300,,27626,27626,85,85,0.332,0,0,0,0,0,0,84,0,3,5,0,0,561,263,0,0
slow_growth,48,hegemony-1,hegemony,1,300,,6269,6269,52,52,0.2031,0,144,120,61,61,40,30,667,4,3,0,1,551,0,0,0
slow_growth,48,retaliation-1,retaliation,0,174,union,0,792,0,59,0.0,0,132,115,57,57,42,38,644,4,7,0,2,166,60,0,0
slow_growth,48,random-1,random,0,65,collapsed,0,148,0,27,0.0,0,28,69,8,8,44,37,172,2,1,0,1,4,0,0,0
slow_growth,49,peace-1,peace,1,300,,18943,18943,74,87,0.2891,0,0,67,0,0,20,93,2460,4,5,0,1,438,242,0,0
slow_growth,49,switzerland-1,switzerland,1,300,,6016,6079,20,60,0.0781,0,0,110,0,0,41,60,2395,3,5,0,1,327,262,0,0
slow_growth,49,hegemony-1,hegemony,0,180,collapsed,0,186,0,48,0.0,0,140,101,43,43,43,40,576,3,1,0,0,140,0,0,0
slow_growth,49,retaliation-1,retaliation,0,107,collapsed,0,166,0,29,0.0,0,78,102,24,24,50,28,289,4,3,0,0,63,20,0,0
slow_growth,49,random-1,random,1,300,,15532,15532,162,162,0.6328,1,225,63,91,91,4,74,5692,4,2,0,2,20,0,0,0
slow_growth,50,peace-1,peace,1,300,,45174,45174,121,122,0.4727,0,0,9,0,0,1,56,28,3,6,0,0,346,70,7,1
slow_growth,50,switzerland-1,switzerland,0,108,conquered,0,149,0,35,0.0,0,0,90,0,0,55,54,194,4,5,0,1,149,81,0,0
slow_growth,50,hegemony-1,hegemony,1,300,,22721,22721,135,135,0.5273,1,165,91,106,106,11,39,590,4,1,0,0,218,0,0,0
slow_growth,50,retaliation-1,retaliation,0,99,union,0,573,0,65,0.0,0,52,11,24,24,3,43,112,4,6,0,1,118,49,7,0
slow_growth,50,random-1,random,0,190,collapsed,0,374,0,54,0.0,0,117,133,18,18,78,73,907,3,2,0,2,19,0,0,0
slow_growth,51,peace-1,peace,0,73,union,0,114,0,26,0.0,0,0,65,0,0,31,38,109,4,6,0,1,98,33,8,0
slow_growth,51,switzerland-1,switzerland,1,300,,210,435,1,59,0.0039,0,0,161,0,0,67,67,782,4,6,0,2,376,275,0,0
slow_growth,51,hegemony-1,hegemony,0,243,collapsed,0,501,0,46,0.0,0,229,96,74,74,57,10,1716,4,3,0,2,168,0,0,0
slow_growth,51,retaliation-1,retaliation,1,300,,23486,23486,137,137,0.5352,1,123,80,66,66,27,89,4174,3,7,0,1,460,270,8,1
slow_growth,51,random-1,random,1,300,,9001,9001,101,111,0.3945,0,241,191,116,116,74,58,5956,3,2,0,2,12,0,0,0
slow_growth,52,peace-1,peace,1,300,,14438,14438,66,110,0.2578,0,0,144,0,0,48,82,2729,3,6,0,1,316,253,8,1
slow_growth,52,switzerland-1,switzerland,1,300,,14532,14532,48,70,0.1875,0,0,78,0,0,25,72,1716,2,3,0,1,278,236,0,0
slow_growth,52,hegemony-1,hegemony,0,57,collapsed,0,126,0,15,0.0,0,44,42,12,12,25,13,165,1,0,0,0,0,0,0,0
slow_growth,52,retaliation-1,retaliation,0,106,union,0,130,0,33,0.0,0,80,58,30,30,21,21,243,3,4,0,1,47,17,8,0
slow_growth,52,random-1,random,1,300,,14812,14812,142,142,0.5547,1,236,38,82,82,5,64,4996,3,3,0,3,19,0,0,0
slow_growth,53,peace-1,peace,1,300,,25398,25398,76,76,0.2969,0,0,17,0,0,1,76,412,4,6,1,1,598,254,0,0
slow_growth,53,switzerland-1,switzerland,1,300,,15000,15000,61,74,0.2383,0,0,117,0,0,21,81,1521,3,4,0,1,510,239,0,0
slow_growth,53,hegemony-1,hegemony,1,300,,1973,1973,87,87,0.3398,1,253,113,90,90,51,47,1175,4,2,0,0,485,0,0,0
slow_growth,53,retaliation-1,retaliation,0,54,collapsed,0,134,0,16,0.0,0,36,36,6,6,22,18,148,3,1,0,0,19,0,0,0
slow_growth,53,random-1,random,0,277,collapsed,0,1330,0,79,0.0,0,211,217,67,67,68,65,4075,4,3,1,2,68,15,0,0
slow_growth,54,peace-1,peace,1,300,,41919,41919,114,116,0.4453,0,0,38,0,0,11,79,153,4,6,0,1,358,9,4,1
slow_growth,54,switzerland-1,switzerland,0,94,conquered,0,121,0,29,0.0,0,0,87,0,0,58,57,129,3,2,0,1,68,0,0,0
slow_growth,54,hegemony-1,hegemony,1,300,,21109,21109,142,142,0.5547,1,203,101,130,130,18,29,886,3,1,0,0,254,0,0,0
slow_growth,54,retaliation-1,retaliation,0,59,union,0,293,0,45,0.0,0,21,6,10,10,1,35,41,2,4,0,1,39,9,4,0
slow_growth,54,random-1,random,0,217,collapsed,0,587,0,64,0.0,0,151,143,34,34,86,66,1433,4,3,0,3,11,0,0,0
slow_growth,55,peace-1,peace,0,193,conquered,0,634,0,60,0.0,0,0,138,0,0,66,65,880,2,3,0,1,181,133,0,0
slow_growth,55,switzerland-1,switzerland,1,300,,25608,25608,65,65,0.2539,0,0,0,0,0,0,64,0,3,5,0,0,712,378,0,0
slow_growth,55,hegemony-1,hegemony,1,300,,8645,8645,89,108,0.3477,0,287,119,128,128,51,11,6495,4,3,0,2,442,0,0,0
slow_growth,55,retaliation-1,retaliation,1,300,,17716,17716,102,103,0.3984,1,104,106,50,50,31,82,5067,3,4,0,2,424,245,0,0
slow_growth,55,random-1,random,0,52,collapsed,0,117,0,17,0.0,0,16,44,1,1,31,36,114,2,1,0,1,3,0,0,0
slow_growth,56,peace-1,peace,0,54,union,0,240,0,33,0.0,0,0,6,0,0,4,36,16,3,5,0,1,53,14,5,0
slow_growth,56,switzerland-1,switzerland,1,300,,17790,17790,70,93,0.2734,0,0,91,0,0,26,95,1620,2,3,0,1,308,232,0,0
slow_growth,56,hegemony-1,hegemony,1,300,,11885,11885,76,76,0.2969,0,158,30,57,57,9,27,2177,4,3,0,1,291,0,0,0
slow_growth,56,retaliation-1,retaliation,1,300,,45075,45075,110,110,0.4297,1,33,13,26,26,3,53,61,3,6,0,0,579,246,5,1
slow_growth,56,random-1,random,0,93,collapsed,0,189,0,36,0.0,0,49,100,16,16,57,44,273,2,1,0,1,7,0,0,0
slow_growth,57,peace-1,peace,1,300,,20312,20312,93,119,0.3633,0,0,131,0,0,38,71,2440,4,7,0,2,375,224,20,1
slow_growth,57,switzerland-1,switzerland,1,300,,5325,5325,20,66,0.0781,0,0,119,0,0,54,73,2246,4,6,0,1,395,273,0,0
slow_growth,57,hegemony-1,hegemony,0,125,collapsed,0,179,0,30,0.0,0,96,86,29,29,53,29,326,3,2,0,1,136,0,0,0
slow_growth,57,retaliation-1,retaliation,0,128,union,0,333,0,59,0.0,0,86,96,53,53,29,34,258,3,5,0,0,166,105,20,0
slow_growth,57,random-1,random,1,300,,18553,18553,143,143,0.5586,1,250,0,92,92,0,50,4688,2,2,0,2,18,0,0,0
slow_growth,58,peace-1,peace,1,300,,39860,39860,118,118,0.4609,1,0,6,0,0,1,74,13,3,7,0,1,482,286,1,1
slow_growth,58,switzerland-1,switzerland,1,300,,27961,27961,89,89,0.3477,0,0,0,0,0,0,88,0,2,3,0,0,506,250,0,0
slow_growth,58,hegemony-1,hegemony,1,300,,10667,10667,49,49,0.1914,0,86,59,46,46,23,25,273,4,4,0,2,374,0,0,0
slow_growth,58,retaliation-1,retaliation,0,94,union,0,308,0,45,0.0,0,47,46,20,20,18,41,184,3,4,0,1,82,36,1,0
slow_growth,58,random-1,random,0,46,collapsed,0,119,0,13,0.0,0,17,39,6,6,30,29,112,2,0,0,0,0,0,0,0
slow_growth,59,peace-1,peace,0,61,union,0,302,0,54,0.0,0,0,10,0,0,1,54,13,3,5,0,1,64,12,2,0
slow_growth,59,switzerland-1,switzerland,0,240,conquered,0,1369,0,63,0.0,0,0,157,0,0,66,65,1893,3,4,0,2,275,199,0,0
slow_growth,59,hegemony-1,hegemony,1,300,,18447,18447,122,122,0.4766,0,208,19,93,93,4,32,1720,4,3,0,1,306,0,0,0
slow_growth,59,retaliation-1,retaliation,1,300,,49187,49187,134,134,0.5234,1,20,5,15,15,0,64,22,4,7,0,1,548,211,2,1
slow_growth,59,random-1,random,0,82,collapsed,0,147,0,28,0.0,0,42,79,5,5,42,40,217,4,3,0,3,43,0,0,0
slow_growth,60,peace-1,peace,0,86,union,0,272,0,52,0.0,0,0,49,0,0,19,64,84,4,6,0,1,110,17,7,0
slow_growth,60,switzerland-1,switzerland,0,136,conquered,0,189,0,47,0.0,0,0,110,0,0,68,67,268,3,3,0,0,135,85,0,0
slow_growth,60,hegemony-1,hegemony,1,300,,13801,13801,107,124,0.418,0,273,131,137,137,58,27,5742,4,2,0,1,156,0,0,0
slow_growth,60,retaliation-1,retaliation,1,300,,19841,19841,149,154,0.582,1,225,211,103,103,61,60,5631,4,7,0,2,287,102,7,1
slow_growth,60,random-1,random,0,172,collapsed,0,500,0,54,0.0,0,138,135,40,40,74,34,969,3,2,0,2,12,0,0,0
slow_growth,61,peace-1,peace,0,188,conquered,0,443,0,51,0.0,0,0,151,0,0,75,74,628,2,2,0,0,161,132,0,0
slow_growth,61,switzerland-1,switzerland,1,300,,24052,24052,70,70,0.2734,0,0,25,0,0,2,71,34,4,6,0,1,649,337,0,0
slow_growth,61,hegemony-1,hegemony,1,300,,14790,14790,118,119,0.4609,1,263,110,123,123,43,37,5785,3,2,0,1,330,0,0,0
slow_growth,61,retaliation-1,retaliation,1,300,,9187,9187,68,78,0.2656,0,177,133,88,88,54,33,5637,3,4,0,2,318,205,0,0
slow_growth,61,random-1,random,0,92,collapsed,0,142,0,26,0.0,0,46,67,8,8,45,45,207,2,2,0,2,8,0,0,0
slow_growth,62,peace-1,peace,0,52,union,0,239,0,40,0.0,0,0,6,0,0,2,41,14,4,6,0,1,70,12,1,0
slow_growth,62,switzerland-1,switzerland,0,287,conquered,0,2649,0,84,0.0,0,0,199,0,0,84,83,3907,3,3,0,0,270,223,0,0
slow_growth,62,hegemony-1,hegemony,1,300,,18238,18238,148,148,0.5781,1,244,12,107,107,3,43,3254,4,2,0,0,273,0,0,0
slow_growth,62,retaliation-1,retaliation,1,300,,45082,45082,108,108,0.4219,0,32,12,27,27,3,43,52,4,7,0,1,565,235,1,1
slow_growth,62,random-1,random,0,72,collapsed,0,165,0,33,0.0,0,30,77,8,8,50,42,197,3,2,0,2,10,0,0,0
slow_growth,63,peace-1,peace,0,68,union,0,358,0,48,0.0,0,0,5,0,0,1,47,9,3,6,0,1,96,27,2,0
slow_growth,63,switzerland-1,switzerland,0,101,conquered,0,160,0,31,0.0,0,0,92,0,0,59,58,171,4,5,0,1,135,72,0,0
slow_growth,63,hegemony-1,hegemony,1,300,,25239,25239,107,107,0.418,0,115,29,72,72,6,40,271,3,1,0,0,253,0,0,0
slow_growth,63,retaliation-1,retaliation,1,300,,47868,47868,149,149,0.582,1,73,38,46,46,7,62,288,3,6,0,0,378,65,2,1
slow_growth,63,random-1,random,0,144,collapsed,0,464,0,61,0.0,0,97,121,33,33,78,47,707,3,2,0,2,14,0,0,0
slow_growth,64,peace-1,peace,0,102,union,0,612,0,73,0.0,0,0,33,0,0,5,77,57,4,7,0,2,142,43,1,0
slow_growth,64,switzerland-1,switzerland,0,204,conquered,0,916,0,41,0.0,0,0,123,0,0,43,42,1214,4,5,0,1,256,178,0,0
slow_growth,64,hegemony-1,hegemony,1,300,,15824,15824,96,96,0.375,0,176,7,69,69,2,28,1238,4,3,0,2,201,0,0,0
slow_growth,64,retaliation-1,retaliation,1,300,,47805,47805,160,160,0.625,1,40,6,23,23,2,65,63,4,8,0,2,400,159,1,1
slow_growth,64,random-1,random,0,76,collapsed,0,163,0,30,0.0,0,34,81,6,6,46,41,199,4,3,0,3,41,0,0,0
slow_growth,65,peace-1,peace,0,189,conquered,0,439,0,51,0.0,0,0,151,0,0,77,76,634,4,4,0,1,265,148,0,0
slow_growth,65,switzerland-1,switzerland,1,300,,22837,22837,47,47,0.1836,0,0,0,0,0,0,46,0,4,6,0,0,746,397,0,0
slow_growth,65,hegemony-1,hegemony,1,300,,10909,10909,96,116,0.375,0,287,118,135,135,53,13,6337,4,3,0,2,416,0,0,0
slow_growth,65,retaliation-1,retaliation,1,300,,17688,17688,113,113,0.4414,1,109,111,51,51,34,95,4982,3,4,0,1,503,249,0,0
slow_growth,65,random-1,random,0,42,collapsed,0,116,0,13,0.0,0,17,33,2,2,24,25,109,3,1,0,0,24,0,0,0
slow_growth,66,peace-1,peace,1,300,,23811,23811,99,125,0.3867,0,0,117,0,0,41,81,1767,3,6,0,1,286,226,4,1
slow_growth,66,switzerland-1,switzerland,1,300,,7774,7774,34,72,0.1328,0,0,147,0,0,45,78,2690,4,6,0,1,391,298,0,0
slow_growth,66,hegemony-1,hegemony,0,78,collapsed,0,148,0,21,0.0,0,54,55,15,15,37,24,200,2,1,0,0,29,0,0,0
slow_growth,66,retaliation-1,retaliation,0,126,union,0,534,0,58,0.0,0,55,54,37,37,15,35,156,3,5,0,0,150,90,4,0
slow_growth,66,random-1,random,1,300,,16280,16280,123,123,0.4805,1,264,0,86,86,0,36,4696,2,2,0,2,6,0,0,0
slow_growth,67,peace-1,peace,1,300,,10688,10688,41,82,0.1602,0,0,156,0,0,66,80,2027,2,5,0,2,391,250,3,1
slow_growth,67,switzerland-1,switzerland,1,300,,5874,5874,20,60,0.0781,0,0,107,0,0,48,67,2275,3,4,0,1,421,243,0,0
slow_growth,67,hegemony-1,hegemony,1,300,,3708,3838,46,51,0.1797,0,147,58,34,34,30,41,3470,3,3,0,1,330,0,0,0
slow_growth,67,retaliation-1,retaliation,0,62,union,0,164,0,27,0.0,0,35,32,12,12,10,23,125,4,6,0,0,100,15,3,0
slow_growth,67,random-1,random,1,300,,20500,20500,149,149,0.582,1,256,85,127,127,19,40,6338,4,4,0,4,150,0,0,0
slow_growth,68,peace-1,peace,1,300,,30781,30781,140,140,0.5469,1,0,1,0,0,0,70,15,4,8,0,2,486,222,6,1
slow_growth,68,switzerland-1,switzerland,1,300,,29057,29057,111,111,0.4336,0,0,0,0,0,0,110,0,4,6,0,0,721,381,0,0
slow_growth,68,hegemony-1,hegemony,1,300,,21,239,5,34,0.0195,0,216,188,76,76,90,18,908,4,4,0,3,459,0,0,0
slow_growth,68,retaliation-1,retaliation,0,234,union,0,635,0,68,0.0,0,206,194,106,106,62,24,778,4,7,0,2,262,185,6,0
slow_growth,68,random-1,random,0,42,collapsed,0,119,0,14,0.0,0,9,48,2,2,32,33,101,4,3,0,1,32,0,0,0
slow_growth,69,peace-1,peace,1,300,,39592,39592,118,120,0.4609,0,0,55,0,0,9,49,988,4,6,0,2,380,14,2,1
slow_growth,69,switzerland-1,switzerland,0,118,conquered,0,135,0,37,0.0,0,0,100,0,0,59,58,182,3,3,0,0,157,35,0,0
slow_growth,69,hegemony-1,hegemony,1,300,,27790,27790,138,138,0.5391,1,159,22,98,98,1,40,1312,4,2,0,1,307,0,0,0
slow_growth,69,retaliation-1,retaliation,0,126,union,0,945,0,77,0.0,0,64,31,34,34,7,49,199,4,6,0,0,182,49,2,0
slow_growth,69,random-1,random,0,173,collapsed,0,389,0,58,0.0,0,99,114,15,15,71,74,876,3,1,0,1,12,0,0,0
slow_growth,70,peace-1,peace,1,300,,8643,8643,33,69,0.1289,0,0,114,0,0,46,78,2042,3,4,0,1,501,235,0,0
slow_growth,70,switzerland-1,switzerland,1,300,,8214,8214,27,48,0.1055,0,0,114,0,0,29,55,2457,4,6,0,1,649,282,0,0
slow_growth,70,hegemony-1,hegemony,1,300,,6445,6445,84,84,0.3281,0,152,88,69,69,30,44,2204,4,2,0,0,502,0,0,0
slow_growth,70,retaliation-1,retaliation,0,95,collapsed,0,146,0,21,0.0,0,73,71,21,21,39,22,235,2,2,0,0,76,47,0,0
slow_growth,70,random-1,random,1,300,,10713,10761,112,119,0.4375,1,243,81,84,84,30,57,7233,3,2,0,2,42,0,0,0
slow_growth,71,peace-1,peace,0,70,union,0,246,0,46,0.0,0,0,20,0,0,13,58,44,3,5,0,1,87,20,15,0
slow_growth,71,switzerland-1,switzerland,0,119,conquered,0,223,0,45,0.0,0,0,106,0,0,57,56,274,4,4,0,1,98,39,0,0
slow_growth,71,hegemony-1,hegemony,1,300,,6432,6581,65,101,0.2539,0,265,158,111,111,82,35,6180,3,1,0,1,83,0,0,0
slow_growth,71,retaliation-1,retaliation,1,300,,23853,23853,172,172,0.6719,1,222,246,122,122,60,63,5129,3,6,0,1,193,59,15,1
slow_growth,71,random-1,random,0,183,collapsed,0,489,0,56,0.0,0,141,98,40,40,61,42,993,3,2,0,2,21,0,0,0
slow_growth,72,peace-1,peace,1,300,,21955,21955,97,135,0.3789,0,0,146,0,0,48,80,2732,3,6,0,1,331,247,8,1
slow_growth,72,switzerland-1,switzerland,1,300,,7194,7194,24,55,0.0938,0,0,89,0,0,37,60,1505,3,5,0,1,345,278,0,0
slow_growth,72,hegemony-1,hegemony,0,83,collapsed,0,148,0,21,0.0,0,60,58,10,10,30,23,211,1,0,0,0,0,0,0,0
slow_growth,72,retaliation-1,retaliation,0,122,union,0,419,0,63,0.0,0,83,67,41,41,12,34,236,4,5,0,0,117,59,8,0
slow_growth,72,random-1,random,1,300,,14900,14900,135,135,0.5273,1,242,25,87,87,11,58,5466,3,2,0,2,35,0,0,0
slow_growth,73,peace-1,peace,0,56,union,0,147,0,29,0.0,0,0,31,0,0,18,46,62,3,4,0,0,64,15,6,0
slow_growth,73,switzerland-1,switzerland,0,230,conquered,0,1047,0,65,0.0,0,0,151,0,0,70,69,1592,3,4,0,2,238,176,0,0
slow_growth,73,hegemony-1,hegemony,1,300,,24680,24680,132,132,0.5156,1,203,4,107,107,3,27,1382,4,2,0,1,219,0,0,0
slow_growth,73,retaliation-1,retaliation,1,300,,38240,38240,124,124,0.4844,0,61,20,47,47,3,50,94,4,7,0,2,441,191,6,1
slow_growth,73,random-1,random,0,98,collapsed,0,166,0,32,0.0,0,29,87,6,6,66,69,216,4,3,0,3,24,0,0,0
slow_growth,74,peace-1,peace,1,300,,18008,18008,72,117,0.2812,0,0,156,0,0,53,74,3113,3,6,0,1,301,232,4,1
slow_growth,74,switzerland-1,switzerland,1,300,,13967,13967,45,67,0.1758,0,0,83,0,0,24,68,1549,3,5,0,1,324,257,0,0
slow_growth,74,hegemony-1,hegemony,0,60,collapsed,0,134,0,16,0.0,0,44,45,14,14,27,16,166,1,0,0,0,0,0,0,0
slow_growth,74,retaliation-1,retaliation,0,94,union,0,249,0,50,0.0,0,45,44,27,27,14,36,137,3,5,0,0,104,45,4,0
slow_growth,74,random-1,random,1,300,,17148,17148,139,139,0.543,1,239,0,77,77,0,61,5721,2,2,0,2,19,0,0,0
slow_growth,75,peace-1,peace,1,300,,19551,19551,94,97,0.3672,0,0,134,0,0,35,100,1836,4,8,0,2,359,265,4,1
slow_growth,75,switzerland-1,switzerland,1,300,,5338,5338,15,34,0.0586,0,0,77,0,0,20,34,1892,2,3,0,1,271,239,0,0
slow_growth,75,hegemony-1,hegemony,0,249,collapsed,0,325,0,48,0.0,0,201,74,38,38,36,35,1192,3,2,0,1,28,0,0,0
slow_growth,75,retaliation-1,retaliation,0,80,union,0,169,0,29,0.0,0,51,51,18,18,19,28,181,2,3,0,0,55,26,4,0
slow_growth,75,random-1,random,1,300,,7096,7096,141,141,0.5508,1,212,128,70,70,16,86,5973,3,2,0,2,11,0,0,0
slow_growth,76,peace-1,peace,1,300,,26483,26483,79,79,0.3086,0,0,0,0,0,0,78,0,2,3,0,0,392,133,0,0
slow_growth,76,switzerland-1,switzerland,0,204,conquered,0,349,0,50,0.0,0,0,163,0,0,82,81,550,4,5,0,1,333,269,0,0
slow_growth,76,hegemony-1,hegemony,1,300,,14674,14674,139,139,0.543,1,278,123,150,150,34,22,3588,4,2,0,1,299,0,0,0
slow_growth,76,retaliation-1,retaliation,1,300,,2334,2834,38,62,0.1484,0,193,153,72,72,67,32,3986,3,4,0,2,239,136,0,0
slow_growth,76,random-1,random,0,131,collapsed,0,191,0,37,0.0,0,90,122,28,28,67,39,436,3,2,0,2,11,0,0,0
slow_growth,77,peace-1,peace,0,66,union,0,162,0,35,0.0,0,0,40,0,0,20,51,74,4,5,0,1,80,28,4,0
slow_growth,77,switzerland-1,switzerland,0,234,conquered,0,854,0,81,0.0,0,0,179,0,0,105,104,1208,3,4,0,2,217,148,0,0
slow_growth,77,hegemony-1,hegemony,1,300,,25584,25584,154,158,0.6016,1,240,34,145,145,15,23,4633,4,3,0,3,196,0,0,0
slow_growth,77,retaliation-1,retaliation,1,300,,29578,29578,102,105,0.3984,0,88,47,50,50,17,36,3790,3,6,0,2,398,176,4,1
slow_growth,77,random-1,random,0,110,collapsed,0,221,0,40,0.0,0,70,98,23,23,61,40,342,4,2,0,2,7,0,0,0
slow_growth,78,peace-1,peace,0,58,union,0,198,0,43,0.0,0,0,32,0,0,10,52,47,3,4,0,0,68,11,6,0
slow_growth,78,switzerland-1,switzerland,1,300,,1693,1693,7,55,0.0273,0,0,118,0,0,61,67,1350,3,4,0,1,300,238,0,0
slow_growth,78,hegemony-1,hegemony,0,190,collapsed,0,340,0,39,0.0,0,165,82,40,40,52,25,945,2,0,0,0,0,0,0,0
slow_growth,78,retaliation-1,retaliation,1,300,,14504,14504,128,133,0.5,1,231,261,109,109,84,59,4950,4,6,0,1,319,249,6,1
slow_growth,78,random-1,random,1,300,,12613,12613,113,113,0.4414,0,246,149,115,115,57,54,5340,2,2,0,2,25,0,0,0
slow_growth,79,peace-1,peace,0,73,union,0,236,0,48,0.0,0,0,21,0,0,15,62,62,4,6,0,1,104,12,5,0
slow_growth,79,switzerland-1,switzerland,0,136,conquered,0,161,0,40,0.0,0,0,108,0,0,62,61,250,3,3,0,0,123,65,0,0
slow_growth,79,hegemony-1,hegemony,1,300,,15121,15121,123,125,0.4805,1,262,149,136,136,52,38,4780,3,1,0,1,98,0,0,0
slow_growth,79,retaliation-1,retaliation,1,300,,11020,11020,107,120,0.418,0,245,283,111,111,100,47,5555,4,6,0,2,203,77,5,1
slow_growth,79,random-1,random,0,190,collapsed,0,327,0,49,0.0,0,150,96,41,41,59,40,915,2,2,0,2,4,0,0,0
slow_growth,80,peace-1,peace,0,155,conquered,0,244,0,44,0.0,0,0,109,0,0,61,60,372,3,3,0,1,139,108,0,0
slow_growth,80,switzerland-1,switzerland,1,300,,25808,25808,72,72,0.2812,0,0,3,0,0,1,72,5,4,6,0,1,623,345,0,0
slow_growth,80,hegemony-1,hegemony,1,300,,12939,12939,110,110,0.4297,1,272,144,140,140,59,28,5664,4,2,0,1,321,0,0,0
slow_growth,80,retaliation-1,retaliation,1,300,,9430,9437,74,86,0.2891,0,165,148,76,76,64,61,5687,3,3,0,1,371,237,0,0
slow_growth,80,random-1,random,0,49,collapsed,0,146,0,21,0.0,0,17,50,7,7,38,32,133,4,2,0,2,6,0,0,0
slow_growth,81,peace-1,peace,0,113,union,0,750,0,65,0.0,0,0,19,0,0,5,69,33,4,7,0,1,194,81,4,0
slow_growth,81,switzerland-1,switzerland,0,206,conquered,0,745,0,55,0.0,0,0,130,0,0,59,58,1018,3,4,0,2,227,164,0,0
slow_growth,81,hegemony-1,hegemony,1,300,,20489,20489,112,112,0.4375,0,171,6,78,78,2,35,928,4,3,0,1,349,0,0,0
slow_growth,81,retaliation-1,retaliation,1,300,,47555,47555,144,144,0.5625,1,40,8,25,25,1,54,60,3,5,0,1,408,103,4,1
slow_growth,81,random-1,random,0,84,collapsed,0,180,0,33,0.0,0,46,94,13,13,49,38,242,4,3,0,3,14,0,0,0
slow_growth,82,peace-1,peace,1,300,,23274,23274,106,130,0.4141,0,0,90,0,0,26,96,1793,4,6,0,1,302,237,5,1
slow_growth,82,switzerland-1,switzerland,1,300,,5244,5244,20,59,0.0781,0,0,129,0,0,45,64,2589,3,4,0,1,321,227,0,0
slow_growth,82,hegemony-1,hegemony,0,77,collapsed,0,143,0,19,0.0,0,58,51,12,12,28,19,192,4,1,0,0,55,0,0,0
slow_growth,82,retaliation-1,retaliation,0,112,union,0,136,0,35,0.0,0,81,83,30,30,26,30,267,3,3,0,0,39,10,5,0
slow_growth,82,random-1,random,1,300,,12110,12110,130,130,0.5078,1,253,39,90,90,7,46,5238,4,2,0,2,17,0,0,0
slow_growth,83,peace-1,peace,1,300,,5853,5853,30,70,0.1172,0,0,140,0,0,73,83,1720,3,5,0,0,160,102,8,1
slow_growth,83,switzerland-1,switzerland,1,300,,11381,11421,51,77,0.1992,0,0,110,0,0,48,98,2501,3,4,0,1,226,88,0,0
slow_growth,83,hegemony-1,hegemony,0,172,collapsed,0,154,0,40,0.0,0,128,69,34,34,29,27,508,3,1,0,0,101,0,0,0
slow_growth,83,retaliation-1,retaliation,0,90,union,0,153,0,27,0.0,0,60,70,20,20,29,27,225,3,4,0,1,59,14,8,0
slow_growth,83,random-1,random,1,300,,23414,23414,175,175,0.6836,1,249,48,128,128,3,49,3919,4,2,0,2,24,0,0,0
slow_growth,84,peace-1,peace,1,300,,37234,37234,107,107,0.418,0,0,0,0,0,0,64,3,3,7,0,1,515,269,4,1
slow_growth,84,switzerland-1,switzerland,1,300,,345,2865,2,74,0.0078,0,0,183,0,0,72,73,4431,3,5,0,1,356,280,0,0
slow_growth,84,hegemony-1,hegemony,1,300,,14100,14100,147,147,0.5742,1,259,59,115,115,10,41,4485,4,4,0,3,224,0,0,0
slow_growth,84,retaliation-1,retaliation,0,112,union,0,346,0,49,0.0,0,66,35,22,22,19,38,230,4,7,0,2,128,43,4,0
slow_growth,84,random-1,random,0,78,collapsed,0,159,0,30,0.0,0,35,83,5,5,41,43,197,2,1,0,1,7,0,0,0
slow_growth,85,peace-1,peace,0,82,union,0,165,0,41,0.0,0,0,58,0,0,30,69,97,4,6,0,1,82,18,5,0
slow_growth,85,switzerland-1,switzerland,1,300,,24895,24895,60,60,0.2344,0,0,0,0,0,0,59,0,3,5,0,0,538,230,0,0
slow_growth,85,hegemony-1,hegemony,1,300,,46,1793,14,72,0.0547,0,270,217,90,90,107,30,4641,4,2,0,1,262,0,0,0
slow_growth,85,retaliation-1,retaliation,1,300,,20761,20761,182,182,0.7109,1,239,194,136,136,48,53,3262,4,7,0,2,322,242,5,1
slow_growth,85,random-1,random,0,127,collapsed,0,274,0,43,0.0,0,84,124,23,23,64,43,481,3,2,0,2,10,0,0,0
slow_growth,86,peace-1,peace,0,77,union,0,138,0,29,0.0,0,0,67,0,0,44,57,110,4,5,0,1,69,15,8,0
slow_growth,86,switzerland-1,switzerland,1,300,,3079,3084,12,57,0.0469,0,0,114,0,0,57,68,1882,3,4,0,1,296,236,0,0
slow_growth,86,hegemony-1,hegemony,0,224,collapsed,0,459,0,51,0.0,0,207,143,77,77,84,17,1360,3,0,0,0,0,0,0,0
slow_growth,86,retaliation-1,retaliation,1,300,,5629,5629,84,97,0.3281,0,213,245,89,89,90,70,4409,3,5,0,0,311,251,8,1
slow_growth,86,random-1,random,1,300,,19793,19793,152,152,0.5938,1,258,109,138,138,29,42,4533,3,2,0,2,12,0,0,0
slow_growth,87,peace-1,peace,0,82,union,0,460,0,61,0.0,0,0,7,0,0,3,63,14,3,6,0,1,102,30,8,0
slow_growth,87,switzerland-1,switzerland,1,300,,25804,25804,73,73,0.2852,0,0,0,0,0,0,72,0,2,4,0,0,328,269,0,0
slow_growth,87,hegemony-1,hegemony,1,300,,18118,18118,57,57,0.2227,0,57,29,37,37,3,22,118,3,3,0,2,242,0,0,0
slow_growth,87,retaliation-1,retaliation,1,300,,49517,49517,126,126,0.4922,1,0,0,0,0,0,64,0,4,8,0,1,564,265,8,1
slow_growth,87,random-1,random,0,64,collapsed,0,127,0,21,0.0,0,29,50,3,3,34,34,150,2,1,0,0,12,0,0,0
slow_growth,88,peace-1,peace,1,300,,23576,23576,100,126,0.3906,0,0,150,0,0,45,74,2275,4,7,0,2,323,227,5,1
slow_growth,88,switzerland-1,switzerland,1,300,,10669,10798,35,64,0.1367,0,0,105,0,0,30,64,2335,3,5,0,1,345,277,0,0
slow_growth,88,hegemony-1,hegemony,0,82,collapsed,0,154,0,23,0.0,0,58,53,13,13,35,24,213,2,1,0,0,31,0,0,0
slow_growth,88,retaliation-1,retaliation,0,116,union,0,505,0,70,0.0,0,53,58,35,35,13,47,156,4,6,0,0,154,76,5,0
slow_growth,88,random-1,random,1,300,,13424,13424,121,121,0.4727,1,255,0,75,75,0,45,5625,3,3,0,3,37,0,0,0
slow_growth,89,peace-1,peace,0,91,union,0,156,0,45,0.0,0,0,69,0,0,42,85,110,3,5,0,0,71,13,7,0
slow_growth,89,switzerland-1,switzerland,1,300,,25529,25529,77,77,0.3008,0,0,7,0,0,3,79,14,4,6,0,1,554,261,0,0
slow_growth,89,hegemony-1,hegemony,1,300,,10634,10634,120,120,0.4688,1,274,202,152,152,59,26,3528,2,1,0,0,229,0,0,0
slow_growth,89,retaliation-1,retaliation,1,300,,3659,3659,57,104,0.2227,0,269,240,103,103,115,24,4520,3,5,0,0,331,272,7,1
slow_growth,89,random-1,random,0,87,collapsed,0,138,0,25,0.0,0,42,67,8,8,44,45,201,2,1,0,1,5,0,0,0
slow_growth,90,peace-1,peace,1,300,,21495,21495,79,92,0.3086,0,0,126,0,0,28,80,1258,4,8,0,2,479,264,1,1
slow_growth,90,switzerland-1,switzerland,1,300,,10938,10938,29,29,0.1133,0,0,49,0,0,7,35,1164,4,6,0,1,356,267,0,0
slow_growth,90,hegemony-1,hegemony,1,300,,2327,2327,93,93,0.3633,1,224,105,66,66,41,67,1207,4,4,0,2,186,0,0,0
slow_growth,90,retaliation-1,retaliation,0,63,union,0,150,0,27,0.0,0,37,41,15,15,14,24,139,3,5,0,0,88,27,1,0
slow_growth,90,random-1,random,0,293,collapsed,0,1330,0,88,0.0,0,232,172,60,60,51,61,4914,3,3,0,3,15,0,0,0
slow_growth,91,peace-1,peace,1,300,,41081,41081,132,138,0.5156,1,0,68,0,0,11,73,244,4,8,0,1,417,244,6,1
slow_growth,91,switzerland-1,switzerland,1,300,,25524,25524,65,65,0.2539,0,0,0,0,0,0,64,0,3,5,0,0,456,263,0,0
slow_growth,91,hegemony-1,hegemony,1,300,,9538,9538,59,59,0.2305,0,140,52,47,47,8,19,561,4,4,0,2,212,0,0,0
slow_growth,91,retaliation-1,retaliation,0,103,union,0,586,0,68,0.0,0,36,25,14,14,7,61,117,4,7,0,2,115,43,6,0
slow_growth,91,random-1,random,0,61,collapsed,0,125,0,22,0.0,0,25,56,1,1,36,36,144,3,2,0,1,48,0,0,0
slow_growth,92,peace-1,peace,0,101,conquered,0,139,0,26,0.0,0,0,65,0,0,44,43,134,2,1,0,1,16,0,0,0
slow_growth,92,switzerland-1,switzerland,1,300,,23779,23779,57,58,0.2227,0,0,8,0,0,1,57,20,3,4,0,1,540,261,0,0
slow_growth,92,hegemony-1,hegemony,1,300,,8494,8494,95,103,0.3711,0,276,206,134,134,64,24,4549,4,2,0,1,291,0,0,0
slow_growth,92,retaliation-1,retaliation,1,300,,10556,10556,104,106,0.4062,1,195,162,71,71,50,82,4092,3,4,0,2,350,261,0,0
slow_growth,92,random-1,random,0,153,collapsed,0,352,0,55,0.0,0,102,132,20,20,66,51,647,4,3,0,3,35,0,0,0
slow_growth,93,peace-1,peace,1,300,,11132,11134,47,92,0.1836,0,0,126,0,0,48,94,4354,2,3,0,1,246,109,0,0
slow_growth,93,switzerland-1,switzerland,0,172,conquered,0,476,0,58,0.0,0,0,120,0,0,68,67,616,4,5,0,1,290,227,0,0
slow_growth,93,hegemony-1,hegemony,1,300,,25926,25926,164,164,0.6406,1,279,6,143,143,1,21,4784,4,3,0,2,377,0,0,0
slow_growth,93,retaliation-1,retaliation,1,300,,21960,21960,45,45,0.1758,0,13,2,10,10,0,34,14,3,3,0,0,411,118,0,0
slow_growth,93,random-1,random,0,50,collapsed,0,131,0,17,0.0,0,10,48,1,1,37,40,107,3,0,0,0,0,0,0,0
slow_growth,94,peace-1,peace,0,95,union,0,126,0,35,0.0,0,0,77,0,0,39,57,119,4,7,0,2,141,51,3,0
slow_growth,94,switzerland-1,switzerland,1,300,,21584,21584,45,45,0.1758,0,0,0,0,0,0,44,0,2,4,0,0,359,300,0,0
slow_growth,94,hegemony-1,hegemony,1,300,,12302,12302,115,118,0.4492,1,276,159,147,147,57,24,4163,2,1,0,1,20,0,0,0
slow_growth,94,retaliation-1,retaliation,1,300,,6865,6865,86,103,0.3359,0,252,202,109,109,86,43,4586,3,5,0,0,327,268,3,1
slow_growth,94,random-1,random,0,148,collapsed,0,317,0,56,0.0,0,69,159,21,21,95,77,546,3,3,0,3,53,1,0,0
slow_growth,95,peace-1,peace,1,300,,49844,49844,130,130,0.5078,1,0,0,0,0,0,72,0,3,5,0,0,424,128,5,1
slow_growth,95,switzerland-1,switzerland,0,197,conquered,0,466,0,63,0.0,0,0,150,0,0,77,76,694,4,5,0,2,186,113,0,0
slow_growth,95,hegemony-1,hegemony,1,300,,25663,25663,126,126,0.4922,0,178,7,107,107,2,20,591,4,2,0,1,276,0,0,0
slow_growth,95,retaliation-1,retaliation,0,70,union,0,387,0,57,0.0,0,0,0,0,0,0,56,0,3,5,0,0,72,15,5,0
slow_growth,95,random-1,random,0,60,collapsed,0,119,0,18,0.0,0,28,49,6,6,34,32,141,2,1,0,1,2,0,0,0
slow_growth,96,peace-1,peace,1,300,,20920,20920,77,109,0.3008,0,0,132,0,0,35,82,2982,3,6,0,0,295,221,3,1
slow_growth,96,switzerland-1,switzerland,1,300,,9125,9125,34,72,0.1328,0,0,98,0,0,44,77,1734,2,3,0,1,258,212,0,0
slow_growth,96,hegemony-1,hegemony,0,44,collapsed,0,132,0,15,0.0,0,31,30,8,8,21,13,138,3,1,0,0,8,0,0,0
slow_growth,96,retaliation-1,retaliation,0,67,union,0,136,0,30,0.0,0,51,35,23,23,10,15,155,3,3,0,0,38,9,3,0
slow_growth,96,random-1,random,1,300,,15536,15536,145,145,0.5664,1,234,21,81,81,2,65,5776,3,1,0,1,9,0,0,0
slow_growth,97,peace-1,peace,0,61,union,0,324,0,51,0.0,0,0,0,0,0,0,50,0,3,5,0,0,68,11,2,0
slow_growth,97,switzerland-1,switzerland,0,191,conquered,0,534,0,60,0.0,0,0,142,0,0,69,68,726,4,5,0,2,215,134,0,0
slow_growth,97,hegemony-1,hegemony,1,300,,29541,29541,134,134,0.5234,1,165,9,101,101,1,33,556,3,2,0,1,273,0,0,0
slow_growth,97,retaliation-1,retaliation,1,300,,48741,48741,122,122,0.4766,0,0,0,0,0,0,70,0,2,5,0,0,443,145,2,1
slow_growth,97,random-1,random,0,74,collapsed,0,137,0,22,0.0,0,41,55,9,9,40,33,175,2,1,0,1,9,0,0,0
slow_growth,98,peace-1,peace,1,300,,46526,46526,122,122,0.4766,0,0,4,0,0,0,71,5,4,7,0,1,380,127,4,1
slow_growth,98,switzerland-1,switzerland,0,170,conquered,0,151,0,53,0.0,0,0,148,0,0,106,105,276,3,3,0,0,155,114,0,0
slow_growth,98,hegemony-1,hegemony,1,300,,29904,29904,134,134,0.5234,1,148,0,106,106,0,27,170,2,1,0,0,190,0,0,0
slow_growth,98,retaliation-1,retaliation,0,64,union,0,308,0,50,0.0,0,31,18,26,26,3,26,68,3,5,0,1,58,13,4,0
slow_growth,98,random-1,random,0,46,collapsed,0,131,0,16,0.0,0,22,31,3,3,26,24,124,2,2,0,2,9,0,0,0
slow_growth,99,peace-1,peace,0,82,union,0,474,0,67,0.0,0,0,7,0,0,1,67,11,3,5,0,1,88,12,1,0
slow_growth,99,switzerland-1,switzerland,0,222,conquered,0,930,0,65,0.0,0,0,149,0,0,68,67,1379,3,4,0,2,223,122,0,0
slow_growth,99,hegemony-1,hegemony,1,300,,21203,21203,125,125,0.4883,0,194,17,99,99,3,28,1234,4,4,0,3,280,0,0,0
slow_growth,99,retaliation-1,retaliation,1,300,,49425,49425,131,131,0.5117,1,13,2,10,10,1,54,17,3,7,0,2,392,134,1,1
slow_growth,99,random-1,random,0,73,collapsed,0,134,0,26,0.0,0,29,61,5,5,41,44,166,3,2,0,2,13,0,0,0
one_aggressor,0,hegemony-1,hegemony,1,300,,59384,59384,54,54,0.2109,0,68,0,31,31,0,22,663,4,3,0,2,184,0,0,0
one_aggressor,0,peace-1,peace,0,59,union,0,1612,0,51,0.0,0,0,0,0,0,0,50,0,3,4,0,0,67,10,3,0
one_aggressor,0,peace-2,peace,0,93,union,0,6447,0,62,0.0,0,0,17,0,0,9,61,459,3,5,0,1,102,9,4,0
one_aggressor,0,peace-3,peace,0,76,union,0,1567,0,42,0.0,0,0,51,0,0,22,61,290,4,5,0,0,75,10,5,0
one_aggressor,0,peace-4,peace,1,300,,222142,222142,202,202,0.7891,1,0,0,0,0,0,57,0,4,11,0,1,284,29,12,3
one_aggressor,1,hegemony-1,hegemony,1,300,,70373,70373,64,64,0.25,0,50,0,23,23,0,40,298,3,3,0,2,180,0,0,0
one_aggressor,1,peace-1,peace,0,61,union,0,1719,0,55,0.0,0,0,6,0,0,1,55,42,3,7,0,2,99,19,6,0
one_aggressor,1,peace-2,peace,1,300,,211129,211129,192,192,0.75,1,0,3,0,0,3,71,74,3,9,0,0,242,24,9,2
one_aggressor,1,peace-3,peace,0,63,union,0,2405,0,68,0.0,0,0,1,0,0,1,56,18,3,7,0,2,119,32,10,1
one_aggressor,1,peace-4,peace,0,58,union,0,385,0,22,0.0,0,0,40,0,0,18,29,233,4,8,0,0,108,21,5,0
one_aggressor,2,hegemony-1,hegemony,1,300,,71483,71483,65,65,0.2539,0,21,0,11,11,0,53,139,3,3,0,2,208,0,0,0
one_aggressor,2,peace-1,peace,0,62,union,0,1799,0,50,0.0,0,0,2,0,0,1,51,21,3,5,0,1,77,16,7,0
one_aggressor,2,peace-2,peace,1,300,,210062,210062,191,191,0.7461,1,0,0,0,0,0,70,0,4,11,0,1,319,36,14,3
one_aggressor,2,peace-3,peace,0,47,union,0,910,0,43,0.0,0,0,0,0,0,0,42,0,3,5,0,0,80,9,3,0
one_aggressor,2,peace-4,peace,0,57,union,0,994,0,35,0.0,0,0,19,0,0,10,35,152,3,4,0,0,62,11,4,0
one_aggressor,3,hegemony-1,hegemony,1,300,,79178,79178,72,72,0.2812,0,82,0,46,46,0,25,985,4,3,0,2,235,0,0,0
one_aggressor,3,peace-1,peace,1,300,,202354,202354,184,184,0.7188,1,0,0,0,0,0,91,0,3,8,0,1,314,22,10,2
one_aggressor,3,peace-2,peace,0,76,union,0,420,0,28,0.0,0,0,60,0,0,37,47,350,2,3,0,0,42,13,4,0
one_aggressor,3,peace-3,peace,0,103,union,0,10659,0,65,0.0,0,0,22,0,0,9,53,812,3,7,0,1,141,23,8,1
one_aggressor,3,peace-4,peace,0,58,union,0,1526,0,36,0.0,0,0,0,0,0,0,35,0,2,3,0,0,42,12,6,0
one_aggressor,4,hegemony-1,hegemony,1,300,,62637,62637,57,57,0.2227,0,88,0,39,39,0,17,1445,4,3,0,2,166,0,0,0
one_aggressor,4,peace-1,peace,0,54,union,0,636,0,37,0.0,0,0,29,0,0,13,49,122,3,5,0,0,71,13,8,0
one_aggressor,4,peace-2,peace,0,90,union,0,4239,0,60,0.0,0,0,43,0,0,21,78,544,3,6,0,2,99,13,5,0
one_aggressor,4,peace-3,peace,0,67,union,0,2347,0,54,0.0,0,0,0,0,0,0,54,0,3,5,0,0,82,19,7,0
one_aggressor,4,peace-4,peace,1,300,,218684,218684,199,204,0.7773,1,0,16,0,0,5,53,745,3,9,0,2,244,45,20,3
one_aggressor,5,hegemony-1,hegemony,1,300,,61585,61585,56,56,0.2188,0,47,0,18,18,0,37,318,3,3,0,2,219,0,0,0
one_aggressor,5,peace-1,peace,0,57,union,0,785,0,40,0.0,0,0,35,0,0,14,50,164,4,6,0,0,94,16,5,0
one_aggressor,5,peace-2,peace,0,60,union,0,1657,0,54,0.0,0,0,1,0,0,1,55,19,3,5,0,1,79,12,7,0
one_aggressor,5,peace-3,peace,0,69,union,0,2583,0,52,0.0,0,0,0,0,0,0,51,0,2,6,0,1,79,21,7,0
one_aggressor,5,peace-4,peace,1,300,,219956,219956,200,200,0.7812,1,0,11,0,0,3,58,155,4,12,0,2,327,39,19,3
one_aggressor,6,hegemony-1,hegemony,1,300,,61586,61586,56,56,0.2188,0,48,0,23,23,0,32,253,1,1,0,0,174,0,0,0
one_aggressor,6,peace-1,peace,1,300,,219955,219955,200,200,0.7812,1,0,0,0,0,0,61,0,2,7,0,0,265,33,19,3
one_aggressor,6,peace-2,peace,0,62,union,0,1863,0,56,0.0,0,0,0,0,0,0,55,0,3,7,0,0,113,26,7,0
one_aggressor,6,peace-3,peace,0,73,union,0,1404,0,49,0.0,0,0,48,0,0,23,71,294,2,3,0,0,48,19,6,0
one_aggressor,6,peace-4,peace,0,61,union,0,1759,0,33,0.0,0,0,0,0,0,0,32,0,2,6,0,0,88,30,18,0
one_aggressor,7,hegemony-1,hegemony,1,300,,62618,62618,57,57,0.2227,0,92,0,37,37,0,19,2084,4,3,0,2,109,0,0,0
one_aggressor,7,peace-1,peace,1,300,,218624,218624,199,206,0.7773,1,0,36,0,0,7,53,1357,3,9,0,1,192,42,17,3
one_aggressor,7,peace-2,peace,0,59,union,0,1612,0,49,0.0,0,0,0,0,0,0,48,0,3,5,0,0,73,15,4,0
one_aggressor,7,peace-3,peace,0,71,union,0,898,0,39,0.0,0,0,52,0,0,28,64,292,3,4,0,0,53,18,3,0
one_aggressor,7,peace-4,peace,0,78,union,0,3815,0,68,0.0,0,0,4,0,0,2,67,72,3,5,0,1,73,21,10,0
one_aggressor,8,hegemony-1,hegemony,1,300,,66991,66991,61,61,0.2383,0,93,0,37,37,0,23,2316,3,3,0,2,151,0,0,0
one_aggressor,8,peace-1,peace,0,85,union,0,7128,0,92,0.0,0,0,6,0,0,1,59,98,3,7,0,1,98,24,12,1
one_aggressor,8,peace-2,peace,0,80,union,0,1449,0,39,0.0,0,0,59,0,0,28,59,365,3,4,0,0,72,12,5,0
one_aggressor,8,peace-3,peace,0,54,union,0,1269,0,46,0.0,0,0,0,0,0,0,45,0,2,4,0,0,71,9,4,0
one_aggressor,8,peace-4,peace,1,300,,214166,214166,195,203,0.7617,1,0,28,0,0,8,65,1515,3,8,0,1,236,21,11,2
one_aggressor,9,hegemony-1,hegemony,1,300,,71408,71408,65,65,0.2539,0,93,0,46,46,0,18,1970,4,4,0,2,150,0,0,0
one_aggressor,9,peace-1,peace,0,69,union,0,506,0,31,0.0,0,0,52,0,0,35,64,266,4,6,0,0,119,18,5,0
one_aggressor,9,peace-2,peace,0,75,union,0,3967,0,90,0.0,0,0,5,0,0,1,60,73,3,7,0,1,102,24,9,1
one_aggressor,9,peace-3,peace,1,300,,209835,209835,191,201,0.7461,1,0,36,0,0,10,55,1329,4,9,0,1,250,23,8,2
one_aggressor,9,peace-4,peace,0,68,union,0,2468,0,54,0.0,0,0,0,0,0,0,54,0,3,6,0,0,79,15,4,0
one_aggressor,10,hegemony-1,hegemony,1,300,,42891,42891,39,39,0.1523,0,71,0,26,26,0,12,528,2,2,0,1,176,0,0,0
one_aggressor,10,peace-1,peace,0,67,union,0,2357,0,60,0.0,0,0,0,0,0,0,59,0,2,4,0,0,77,12,5,0
one_aggressor,10,peace-2,peace,0,57,union,0,506,0,37,0.0,0,0,46,0,0,19,54,170,2,3,0,0,40,10,3,0
one_aggressor,10,peace-3,peace,0,83,union,0,5898,0,92,0.0,0,0,25,0,0,7,57,313,4,8,0,1,137,19,7,1
one_aggressor,10,peace-4,peace,1,300,,238642,238642,217,217,0.8477,1,0,0,0,0,0,69,0,2,7,0,0,262,21,9,2
one_aggressor,11,hegemony-1,hegemony,1,300,,105724,105724,118,118,0.4609,0,196,0,88,88,0,29,36239,4,2,0,1,188,0,0,0
one_aggressor,11,peace-1,peace,0,55,union,0,1329,0,44,0.0,0,0,0,0,0,0,43,0,2,4,0,0,48,15,9,0
one_aggressor,11,peace-2,peace,0,89,union,0,6553,0,62,0.0,0,0,0,0,0,0,61,0,3,5,0,0,148,15,3,0
one_aggressor,11,peace-3,peace,1,300,,136233,188309,138,178,0.5391,1,0,106,0,0,40,71,32832,3,6,0,1,271,30,12,2
one_aggressor,11,peace-4,peace,0,119,conquered,0,2180,0,38,0.0,0,0,90,0,0,48,47,2996,2,1,0,0,81,0,0,0
one_aggressor,12,hegemony-1,hegemony,1,300,,59388,59388,54,54,0.2109,0,30,0,13,13,0,40,224,3,2,0,1,183,0,0,0
one_aggressor,12,peace-1,peace,0,54,union,0,1002,0,45,0.0,0,0,18,0,0,7,52,99,4,6,0,0,100,16,5,0
one_aggressor,12,peace-2,peace,1,300,,222157,222157,202,202,0.7891,1,0,0,0,0,0,68,0,3,8,0,0,278,43,17,3
one_aggressor,12,peace-3,peace,0,74,union,0,2754,0,44,0.0,0,0,12,0,0,6,48,137,3,5,0,1,87,25,8,0
one_aggressor,12,peace-4,peace,0,61,union,0,1772,0,44,0.0,0,0,0,0,0,0,43,0,3,5,0,0,94,12,4,0
one_aggressor,13,hegemony-1,hegemony,1,300,,58273,58273,53,53,0.207,0,74,0,41,41,0,11,374,3,3,0,2,189,0,0,0
one_aggressor,13,peace-1,peace,1,300,,223194,223194,203,203,0.793,1,0,2,0,0,1,65,79,2,9,0,1,262,35,17,3
one_aggressor,13,peace-2,peace,0,92,union,0,7242,0,64,0.0,0,0,3,0,0,1,63,107,3,6,0,1,116,17,9,0
one_aggressor,13,peace-3,peace,0,81,union,0,687,0,35,0.0,0,0,69,0,0,39,67,307,3,5,0,0,82,11,4,0
one_aggressor,13,peace-4,peace,0,53,union,0,1210,0,46,0.0,0,0,0,0,0,0,45,0,3,5,0,0,73,9,4,0
one_aggressor,14,hegemony-1,hegemony,1,300,,57185,57185,52,52,0.2031,0,62,0,26,26,0,25,655,3,3,0,2,172,0,0,0
one_aggressor,14,peace-1,peace,0,89,union,0,8611,0,84,0.0,0,0,17,0,0,6,62,345,4,8,0,1,136,22,12,1
one_aggressor,14,peace-2,peace,0,67,union,0,2063,0,58,0.0,0,0,15,0,0,5,62,131,3,5,0,1,66,10,3,0
one_aggressor,14,peace-3,peace,1,300,,224343,224343,204,204,0.7969,1,0,0,0,0,0,67,0,2,7,0,0,238,19,7,2
one_aggressor,14,peace-4,peace,0,59,union,0,768,0,28,0.0,0,0,30,0,0,15,35,170,2,3,0,0,42,13,8,0
one_aggressor,15,hegemony-1,hegemony,1,300,,56088,56088,51,51,0.1992,0,66,0,27,27,0,23,766,4,4,0,3,253,0,0,0
one_aggressor,15,peace-1,peace,0,54,union,0,672,0,35,0.0,0,0,29,0,0,15,49,143,2,3,0,0,44,15,3,0
one_aggressor,15,peace-2,peace,1,300,,225451,225451,205,205,0.8008,1,0,0,0,0,0,64,0,4,11,0,2,346,34,11,3
one_aggressor,15,peace-3,peace,0,95,union,0,6122,0,57,0.0,0,0,37,0,0,12,60,593,3,5,0,1,63,10,5,0
one_aggressor,15,peace-4,peace,0,78,union,0,3925,0,56,0.0,0,0,0,0,0,0,55,0,3,5,0,0,116,9,3,0
one_aggressor,16,hegemony-1,hegemony,1,300,,162828,162828,174,174,0.6797,1,217,0,101,101,0,72,46837,4,3,0,1,144,0,0,0
one_aggressor,16,peace-1,peace,0,99,conquered,0,1092,0,33,0.0,0,0,70,0,0,45,44,1496,3,3,0,0,99,49,0,0
one_aggressor,16,peace-2,peace,1,300,,79765,124943,82,138,0.3203,0,0,147,0,0,56,54,44572,4,9,0,1,275,69,10,2
one_aggressor,16,peace-3,peace,0,54,union,0,1267,0,32,0.0,0,0,0,0,0,0,31,0,4,8,0,0,102,20,6,0
one_aggressor,16,peace-4,peace,0,56,union,0,1398,0,50,0.0,0,0,0,0,0,0,50,0,3,7,0,0,98,18,4,0
one_aggressor,17,hegemony-1,hegemony,1,300,,70329,70329,64,64,0.25,0,93,0,51,51,0,12,1253,2,2,0,1,128,0,0,0
one_aggressor,17,peace-1,peace,0,51,union,0,1101,0,45,0.0,0,0,0,0,0,0,44,0,3,6,0,0,94,15,3,0
one_aggressor,17,peace-2,peace,1,300,,210992,210992,192,196,0.75,1,0,23,0,0,7,85,953,4,11,0,1,259,32,14,3
one_aggressor,17,peace-3,peace,0,53,union,0,1209,0,35,0.0,0,0,0,0,0,0,34,0,2,5,0,0,74,16,5,0
one_aggressor,17,peace-4,peace,0,82,union,0,585,0,33,0.0,0,0,70,0,0,44,76,320,3,4,0,0,73,11,6,0
one_aggressor,18,hegemony-1,hegemony,1,300,,58259,58259,53,53,0.207,0,80,0,36,36,0,16,1006,3,3,0,2,153,0,0,0
one_aggressor,18,peace-1,peace,1,300,,223141,223141,203,205,0.793,1,0,30,0,0,10,78,766,2,7,0,1,203,31,12,2
one_aggressor,18,peace-2,peace,0,53,union,0,357,0,28,0.0,0,0,38,0,0,22,49,159,4,6,0,0,85,12,4,0
one_aggressor,18,peace-3,peace,0,56,union,0,1397,0,47,0.0,0,0,0,0,0,0,46,0,3,5,0,0,77,14,8,0
one_aggressor,18,peace-4,peace,0,67,union,0,2835,0,87,0.0,0,0,12,0,0,4,62,105,2,5,0,1,78,23,8,1
one_aggressor,19,hegemony-1,hegemony,1,300,,75839,75839,69,69,0.2695,0,73,0,35,35,0,33,1172,4,3,0,1,132,0,0,0
one_aggressor,19,peace-1,peace,0,76,union,0,1027,0,33,0.0,0,0,52,0,0,30,46,487,2,3,0,0,51,21,5,0
one_aggressor,19,peace-2,peace,1,300,,205549,205549,187,192,0.7305,1,0,21,0,0,5,66,685,3,9,0,1,217,42,14,3
one_aggressor,19,peace-3,peace,0,63,union,0,1949,0,59,0.0,0,0,0,0,0,0,59,0,2,4,0,0,58,14,7,0
one_aggressor,19,peace-4,peace,0,58,union,0,1536,0,47,0.0,0,0,0,0,0,0,47,0,3,5,0,0,72,13,2,0
one_aggressor,20,hegemony-1,hegemony,1,300,,72565,72565,66,66,0.2578,0,54,0,26,26,0,39,464,3,2,0,1,157,0,0,0
one_aggressor,20,peace-1,peace,1,300,,208912,208912,190,190,0.7422,1,0,2,0,0,0,60,89,4,10,0,1,276,23,11,3
one_aggressor,20,peace-2,peace,0,59,union,0,1614,0,48,0.0,0,0,0,0,0,0,47,0,3,6,0,0,90,12,6,0
one_aggressor,20,peace-3,peace,0,55,union,0,1334,0,53,0.0,0,0,0,0,0,0,52,0,3,6,0,0,74,16,5,0
one_aggressor,20,peace-4,peace,0,80,union,0,1706,0,40,0.0,0,0,52,0,0,26,53,465,3,4,0,0,67,9,4,0
one_aggressor,21,hegemony-1,hegemony,1,300,,54983,54983,50,50,0.1953,0,66,0,25,25,0,24,683,3,2,0,1,163,0,0,0
one_aggressor,21,peace-1,peace,1,300,,226535,226535,206,206,0.8047,1,0,0,0,0,0,77,0,2,7,0,0,245,29,16,2
one_aggressor,21,peace-2,peace,0,84,union,0,5625,0,58,0.0,0,0,20,0,0,8,50,309,4,10,0,1,159,31,13,1
one_aggressor,21,peace-3,peace,0,84,union,0,4952,0,74,0.0,0,0,8,0,0,3,76,142,3,6,0,0,88,22,8,0
one_aggressor,21,peace-4,peace,0,54,union,0,466,0,23,0.0,0,0,38,0,0,14,24,251,2,3,0,0,39,10,3,0
one_aggressor,22,hegemony-1,hegemony,1,300,,61539,61539,56,56,0.2188,0,88,0,40,40,0,15,1311,3,3,0,2,198,0,0,0
one_aggressor,22,peace-1,peace,0,72,union,0,683,0,34,0.0,0,0,58,0,0,31,63,275,4,6,0,0,127,15,5,0
one_aggressor,22,peace-2,peace,0,65,union,0,2144,0,61,0.0,0,0,0,0,0,0,60,0,2,5,0,0,73,15,2,0
one_aggressor,22,peace-3,peace,1,300,,219783,219783,200,207,0.7812,1,0,24,0,0,7,62,882,4,11,0,1,271,35,12,3
one_aggressor,22,peace-4,peace,0,82,union,0,4460,0,52,0.0,0,0,6,0,0,2,51,136,3,5,0,1,151,9,5,0
one_aggressor,23,hegemony-1,hegemony,1,300,,58286,58286,53,53,0.207,0,62,0,25,25,0,27,527,3,4,0,3,210,0,0,0
one_aggressor,23,peace-1,peace,0,90,union,0,5812,0,79,0.0,0,0,23,0,0,9,87,365,2,4,0,1,48,11,2,0
one_aggressor,23,peace-2,peace,0,55,union,0,1327,0,40,0.0,0,0,0,0,0,0,39,2,4,8,0,0,108,19,7,0
one_aggressor,23,peace-3,peace,0,54,union,0,503,0,34,0.0,0,0,39,0,0,16,49,157,3,6,0,0,75,17,7,0
one_aggressor,23,peace-4,peace,1,300,,223250,223250,203,203,0.793,1,0,0,0,0,0,49,0,2,10,0,2,305,33,12,3
one_aggressor,24,hegemony-1,hegemony,1,300,,61570,61570,56,56,0.2188,0,71,0,44,44,0,11,432,4,4,0,3,176,0,0,0
one_aggressor,24,peace-1,peace,1,300,,219884,219884,200,200,0.7812,1,0,2,0,0,1,65,76,4,11,0,2,247,42,15,3
one_aggressor,24,peace-2,peace,0,70,union,0,312,0,28,0.0,0,0,59,0,0,38,65,223,4,5,0,0,111,9,4,0
one_aggressor,24,peace-3,peace,0,73,union,0,3129,0,66,0.0,0,0,0,0,0,0,65,0,3,5,0,0,83,19,7,0
one_aggressor,24,peace-4,peace,0,84,union,0,4435,0,46,0.0,0,0,10,0,0,5,45,263,3,5,0,1,121,14,4,0
one_aggressor,25,hegemony-1,hegemony,1,300,,50589,50589,46,46,0.1797,0,55,0,17,17,0,28,439,2,2,0,1,206,0,0,0
one_aggressor,25,peace-1,peace,1,300,,230950,230950,210,210,0.8203,1,0,3,0,0,0,52,74,3,9,0,0,312,29,15,3
one_aggressor,25,peace-2,peace,0,77,union,0,3760,0,57,0.0,0,0,0,0,0,0,56,0,2,5,0,0,86,14,6,0
one_aggressor,25,peace-3,peace,0,74,union,0,2839,0,62,0.0,0,0,18,0,0,6,67,194,4,8,0,1,128,18,7,0
one_aggressor,25,peace-4,peace,0,54,union,0,698,0,39,0.0,0,0,34,0,0,11,48,143,3,4,0,0,54,13,8,0
one_aggressor,26,hegemony-1,hegemony,1,300,,81965,82339,75,75,0.293,0,80,0,54,54,0,20,1700,4,4,0,2,205,0,0,0
one_aggressor,26,peace-1,peace,1,300,,198795,198976,181,181,0.707,1,0,3,0,0,0,59,663,4,10,0,1,278,29,10,3
one_aggressor,26,peace-2,peace,0,91,union,0,6684,0,60,0.0,0,0,6,0,0,3,59,188,3,5,0,1,114,9,4,0
one_aggressor,26,peace-3,peace,0,81,union,0,217,0,23,0.0,0,0,71,0,0,51,53,359,4,5,0,0,102,16,1,0
one_aggressor,26,peace-4,peace,0,71,union,0,2850,0,61,0.0,0,0,0,0,0,0,60,0,3,6,0,0,83,16,5,0
one_aggressor,27,hegemony-1,hegemony,1,300,,54967,54967,50,50,0.1953,0,71,0,28,28,0,21,724,3,3,0,2,175,0,0,0
one_aggressor,27,peace-1,peace,1,300,,226464,226464,206,206,0.8047,1,0,3,0,0,1,67,170,3,8,0,1,247,21,8,2
one_aggressor,27,peace-2,peace,0,63,union,0,979,0,46,0.0,0,0,43,0,0,15,60,182,4,5,0,0,55,11,6,0
one_aggressor,27,peace-3,peace,0,89,union,0,8495,0,107,0.0,0,0,25,0,0,12,65,457,3,7,0,1,105,23,10,1
one_aggressor,27,peace-4,peace,0,51,union,0,1096,0,39,0.0,0,0,0,0,0,0,38,0,3,5,0,0,52,9,4,0
one_aggressor,28,hegemony-1,hegemony,1,300,,53885,53885,49,49,0.1914,0,78,0,31,31,0,17,1074,3,3,0,2,192,0,0,0
one_aggressor,28,peace-1,peace,0,71,union,0,1149,0,41,0.0,0,0,49,0,0,21,59,239,4,5,0,0,68,12,6,0
one_aggressor,28,peace-2,peace,1,300,,227638,227638,207,207,0.8086,1,0,0,0,0,0,66,0,4,9,0,1,265,25,11,3
one_aggressor,28,peace-3,peace,0,66,union,0,2250,0,57,0.0,0,0,0,0,0,0,56,0,2,6,0,0,75,16,5,0
one_aggressor,28,peace-4,peace,0,98,union,0,7113,0,54,0.0,0,0,29,0,0,10,53,762,3,5,0,1,96,11,2,0
one_aggressor,29,hegemony-1,hegemony,1,300,,53889,53889,49,49,0.1914,0,33,0,10,10,0,38,218,3,3,0,1,255,0,0,0
one_aggressor,29,peace-1,peace,0,67,union,0,2357,0,63,0.0,0,0,0,0,0,0,63,0,2,5,0,1,70,18,7,0
one_aggressor,29,peace-2,peace,1,300,,227658,227658,207,207,0.8086,1,0,0,0,0,0,54,0,4,12,0,2,366,43,19,3
one_aggressor,29,peace-3,peace,0,54,union,0,1270,0,47,0.0,0,0,0,0,0,0,46,0,2,4,0,0,63,11,3,0
one_aggressor,29,peace-4,peace,0,73,union,0,2164,0,46,0.0,0,0,33,0,0,10,50,206,3,4,0,0,68,14,9,0
one_aggressor,30,hegemony-1,hegemony,1,300,,54987,54987,50,50,0.1953,0,61,0,23,23,0,26,603,3,3,0,2,186,0,0,0
one_aggressor,30,peace-1,peace,0,54,union,0,1257,0,25,0.0,0,0,0,0,0,0,24,0,2,6,0,0,86,28,13,0
one_aggressor,30,peace-2,peace,1,300,,226546,226546,206,206,0.8047,1,0,0,0,0,0,74,0,4,10,0,1,311,28,14,3
one_aggressor,30,peace-3,peace,0,56,union,0,726,0,34,0.0,0,0,31,0,0,15,48,172,3,5,0,0,76,18,8,0
one_aggressor,30,peace-4,peace,0,91,union,0,5847,0,72,0.0,0,0,30,0,0,8,79,363,2,4,0,1,61,10,5,0
one_aggressor,31,hegemony-1,hegemony,1,300,,52788,52788,48,48,0.1875,0,69,0,29,29,0,18,613,2,2,0,1,186,0,0,0
one_aggressor,31,peace-1,peace,1,300,,228744,228744,208,208,0.8125,1,0,0,0,0,0,60,0,3,8,0,0,252,28,16,2
one_aggressor,31,peace-2,peace,0,60,union,0,1691,0,56,0.0,0,0,0,0,0,0,55,0,2,4,0,0,70,12,7,0
one_aggressor,31,peace-3,peace,0,87,union,0,6541,0,91,0.0,0,0,38,0,0,13,75,480,3,7,0,1,113,25,13,1
one_aggressor,31,peace-4,peace,0,48,union,0,370,0,28,0.0,0,0,31,0,0,16,43,136,4,5,0,0,63,9,4,0
one_aggressor,32,hegemony-1,hegemony,1,300,,65984,65984,60,60,0.2344,0,56,0,28,28,0,31,452,2,2,0,1,194,0,0,0
one_aggressor,32,peace-1,peace,0,60,union,0,1658,0,52,0.0,0,0,2,0,0,1,51,23,3,5,0,1,84,9,3,0
one_aggressor,32,peace-2,peace,1,300,,215552,215552,196,196,0.7656,1,0,0,0,0,0,55,0,3,8,0,0,273,19,7,2
one_aggressor,32,peace-3,peace,0,59,union,0,720,0,37,0.0,0,0,36,0,0,19,56,194,4,5,0,0,78,10,5,0
one_aggressor,32,peace-4,peace,0,84,union,0,6654,0,89,0.0,0,0,18,0,0,8,58,275,2,6,0,0,87,20,9,1
one_aggressor,33,hegemony-1,hegemony,1,300,,63784,63784,58,58,0.2266,0,63,0,32,32,0,25,612,4,3,0,2,210,0,0,0
one_aggressor,33,peace-1,peace,0,65,union,0,1102,0,45,0.0,0,0,36,0,0,17,61,198,2,3,0,0,48,19,5,0
one_aggressor,33,peace-2,peace,0,51,union,0,1101,0,45,0.0,0,0,0,0,0,0,44,0,3,4,0,0,66,9,4,0
one_aggressor,33,peace-3,peace,0,96,union,0,6458,0,58,0.0,0,0,27,0,0,15,64,528,2,4,0,1,102,15,8,0
one_aggressor,33,peace-4,peace,1,300,,217748,217748,198,198,0.7734,1,0,0,0,0,0,57,0,3,10,0,1,312,43,17,3
one_aggressor,34,hegemony-1,hegemony,1,300,,59386,59386,54,54,0.2109,0,39,0,15,15,0,38,289,3,3,0,2,200,0,0,0
one_aggressor,34,peace-1,peace,1,300,,222153,222153,202,202,0.7891,1,0,0,0,0,0,47,0,2,7,0,0,245,27,7,2
one_aggressor,34,peace-2,peace,0,61,union,0,1258,0,49,0.0,0,0,27,0,0,9,57,141,2,3,0,0,40,11,5,0
one_aggressor,34,peace-3,peace,0,64,union,0,1871,0,52,0.0,0,0,8,0,0,4,55,93,3,7,0,2,100,18,5,0
one_aggressor,34,peace-4,peace,0,72,union,0,4971,0,102,0.0,0,0,4,0,0,2,54,59,4,10,0,2,139,36,9,1
one_aggressor,35,hegemony-1,hegemony,1,300,,57186,57186,52,52,0.2031,0,71,0,35,35,0,16,630,4,2,0,1,195,0,0,0
one_aggressor,35,peace-1,peace,0,82,union,0,3874,0,65,0.0,0,0,22,0,0,10,72,286,3,4,0,0,57,9,3,0
one_aggressor,35,peace-2,peace,1,300,,224341,224341,204,204,0.7969,1,0,0,0,0,0,56,0,3,8,0,1,303,20,9,2
one_aggressor,35,peace-3,peace,0,61,union,0,594,0,31,0.0,0,0,40,0,0,21,45,179,3,4,0,0,77,11,5,0
one_aggressor,35,peace-4,peace,0,94,union,0,10213,0,88,0.0,0,0,9,0,0,4,62,233,3,6,0,0,92,22,11,1
one_aggressor,36,hegemony-1,hegemony,1,300,,70366,70366,64,64,0.25,0,72,0,50,50,0,13,338,4,2,0,1,143,0,0,0
one_aggressor,36,peace-1,peace,0,72,union,0,2982,0,66,0.0,0,0,0,0,0,0,65,0,2,4,0,0,61,12,5,0
one_aggressor,36,peace-2,peace,0,78,union,0,3920,0,54,0.0,0,0,0,0,0,0,53,0,3,5,0,0,79,21,9,0
one_aggressor,36,peace-3,peace,1,300,,211093,211093,192,192,0.75,1,0,7,0,0,4,75,197,3,7,0,1,208,27,14,2
one_aggressor,36,peace-4,peace,0,78,conquered,0,150,0,21,0.0,0,0,65,0,0,46,45,298,2,2,0,0,35,6,0,0
one_aggressor,37,hegemony-1,hegemony,1,300,,71482,71482,65,65,0.2539,0,64,0,31,31,0,33,496,3,3,0,1,242,0,0,0
one_aggressor,37,peace-1,peace,0,63,union,0,1928,0,45,0.0,0,0,0,0,0,0,45,0,2,4,0,0,66,15,4,0
one_aggressor,37,peace-2,peace,0,89,union,0,2405,0,47,0.0,0,0,64,0,0,31,66,556,3,4,0,0,65,9,4,0
one_aggressor,37,peace-3,peace,0,52,union,0,1154,0,48,0.0,0,0,0,0,0,0,47,0,2,4,0,0,52,9,4,0
one_aggressor,37,peace-4,peace,1,300,,210059,210059,191,191,0.7461,1,0,0,0,0,0,60,52,4,11,0,1,353,33,12,3
one_aggressor,38,hegemony-1,hegemony,1,300,,48390,48390,44,44,0.1719,0,68,0,29,29,0,14,499,3,4,0,3,197,0,0,0
one_aggressor,38,peace-1,peace,1,300,,233144,233144,212,212,0.8281,1,0,0,0,0,0,52,26,3,11,0,2,296,31,16,3
one_aggressor,38,peace-2,peace,0,88,union,0,5264,0,65,0.0,0,0,20,0,0,8,69,321,3,5,0,1,72,10,5,0
one_aggressor,38,peace-3,peace,0,61,union,0,626,0,36,0.0,0,0,48,0,0,21,53,197,4,5,0,0,71,10,5,0
one_aggressor,38,peace-4,peace,0,66,union,0,2251,0,63,0.0,0,0,0,0,0,0,63,0,3,5,0,0,80,11,6,0
one_aggressor,39,hegemony-1,hegemony,1,300,,47291,47291,43,43,0.168,0,67,0,27,27,0,15,512,3,3,0,2,240,0,0,0
one_aggressor,39,peace-1,peace,1,300,,234246,234246,213,213,0.832,1,0,0,0,0,0,80,0,3,8,0,1,318,19,9,2
one_aggressor,39,peace-2,peace,0,57,union,0,573,0,37,0.0,0,0,43,0,0,18,54,162,3,4,0,0,55,10,5,0
one_aggressor,39,peace-3,peace,0,88,union,0,7472,0,87,0.0,0,0,24,0,0,9,56,340,3,7,0,1,110,20,10,1
one_aggressor,39,peace-4,peace,0,57,union,0,1461,0,47,0.0,0,0,0,0,0,0,46,0,2,4,0,0,45,9,4,0
one_aggressor,40,hegemony-1,hegemony,1,300,,49491,49491,45,45,0.1758,0,64,0,25,25,0,19,556,4,5,0,3,236,0,0,0
one_aggressor,40,peace-1,peace,1,300,,232049,232049,211,211,0.8242,1,0,0,0,0,0,72,0,4,9,0,1,335,22,7,2
one_aggressor,40,peace-2,peace,0,56,union,0,668,0,36,0.0,0,0,38,0,0,16,51,167,3,5,0,1,63,10,3,0
one_aggressor,40,peace-3,peace,0,55,union,0,1330,0,45,0.0,0,0,0,0,0,0,44,0,2,4,0,0,49,12,4,0
one_aggressor,40,peace-4,peace,0,86,union,0,7257,0,95,0.0,0,0,26,0,0,9,65,374,3,7,0,1,95,20,6,1
one_aggressor,41,hegemony-1,hegemony,1,300,,64885,64885,59,59,0.2305,0,49,0,25,25,0,33,421,3,3,0,2,205,0,0,0
one_aggressor,41,peace-1,peace,0,48,union,0,953,0,43,0.0,0,0,0,0,0,0,42,0,3,5,0,0,78,9,4,0
one_aggressor,41,peace-2,peace,0,64,union,0,934,0,42,0.0,0,0,35,0,0,20,61,204,4,5,0,0,89,9,4,0
one_aggressor,41,peace-3,peace,1,300,,216652,216652,197,197,0.7695,1,0,0,0,0,0,72,0,3,10,0,1,306,30,11,3
one_aggressor,41,peace-4,peace,0,78,union,0,3300,0,44,0.0,0,0,14,0,0,5,43,243,3,5,0,1,94,12,3,0
one_aggressor,42,hegemony-1,hegemony,1,300,,51687,51687,47,47,0.1836,0,64,0,22,22,0,24,627,3,3,0,2,191,0,0,0
one_aggressor,42,peace-1,peace,0,55,union,0,816,0,44,0.0,0,0,30,0,0,10,53,125,2,3,0,0,39,9,4,0
one_aggressor,42,peace-2,peace,1,300,,229843,229843,209,209,0.8164,1,0,0,0,0,0,53,0,2,7,0,0,237,21,10,2
one_aggressor,42,peace-3,peace,0,90,union,0,9669,0,113,0.0,0,0,30,0,0,10,74,443,4,8,0,1,113,18,7,1
one_aggressor,42,peace-4,peace,0,55,union,0,1264,0,46,0.0,0,0,4,0,0,2,47,36,3,5,0,1,66,12,7,0
one_aggressor,43,hegemony-1,hegemony,1,300,,58285,58285,53,53,0.207,0,68,0,28,28,0,24,706,3,4,0,3,190,0,0,0
one_aggressor,43,peace-1,peace,0,91,union,0,5016,0,57,0.0,0,0,36,0,0,14,64,575,3,5,0,1,76,14,2,0
one_aggressor,43,peace-2,peace,0,56,union,0,795,0,39,0.0,0,0,32,0,0,14,52,156,4,6,0,0,80,10,4,0
one_aggressor,43,peace-3,peace,0,66,union,0,2252,0,64,0.0,0,0,0,0,0,0,63,0,3,5,0,0,80,11,4,0
one_aggressor,43,peace-4,peace,1,300,,223249,223249,203,203,0.793,1,0,0,0,0,0,48,0,3,10,0,2,284,33,10,3
one_aggressor,44,hegemony-1,hegemony,1,300,,76933,76933,70,70,0.2734,0,85,0,49,49,0,20,966,3,3,0,2,160,0,0,0
one_aggressor,44,peace-1,peace,1,300,,204431,204431,186,186,0.7266,1,0,9,0,0,0,64,287,3,7,0,1,240,20,5,2
one_aggressor,44,peace-2,peace,0,84,union,0,553,0,30,0.0,0,0,69,0,0,45,64,344,4,4,0,0,102,13,7,0
one_aggressor,44,peace-3,peace,0,63,union,0,1940,0,41,0.0,0,0,0,0,0,0,40,0,3,5,0,0,101,11,2,0
one_aggressor,44,peace-4,peace,0,92,union,0,7780,0,84,0.0,0,0,7,0,0,4,63,243,3,7,0,1,99,22,10,1
one_aggressor,45,hegemony-1,hegemony,1,300,,58255,58255,53,53,0.207,0,69,0,25,25,0,27,943,4,4,0,2,154,0,0,0
one_aggressor,45,peace-1,peace,0,52,union,0,1153,0,44,0.0,0,0,0,0,0,0,43,0,2,4,0,0,51,13,8,0
one_aggressor,45,peace-2,peace,0,57,union,0,776,0,36,0.0,0,0,36,0,0,14,48,171,3,4,0,0,66,17,6,0
one_aggressor,45,peace-3,peace,1,300,,223134,223134,203,206,0.793,1,0,12,0,0,4,74,408,4,9,0,1,259,24,14,2
one_aggressor,45,peace-4,peace,0,82,union,0,6287,0,88,0.0,0,0,21,0,0,7,59,300,3,7,0,1,108,28,12,1
one_aggressor,46,hegemony-1,hegemony,1,300,,48392,48392,44,44,0.1719,0,54,0,22,22,0,21,268,2,1,0,0,278,0,0,0
one_aggressor,46,peace-1,peace,0,65,union,0,2141,0,51,0.0,0,0,0,0,0,0,50,0,2,5,0,0,73,15,2,0
one_aggressor,46,peace-2,peace,1,300,,233152,233152,212,212,0.8281,1,0,0,0,0,0,62,0,4,7,0,0,366,24,12,2
one_aggressor,46,peace-3,peace,0,73,union,0,1206,0,44,0.0,0,0,54,0,0,22,60,279,3,4,0,0,55,11,2,0
one_aggressor,46,peace-4,peace,0,79,union,0,5736,0,98,0.0,0,0,0,0,0,0,58,0,3,7,0,0,108,30,12,1
one_aggressor,47,hegemony-1,hegemony,1,300,,50590,50590,46,46,0.1797,0,57,0,24,24,0,21,440,4,4,0,3,223,0,0,0
one_aggressor,47,peace-1,peace,0,70,union,0,2711,0,62,0.0,0,0,0,0,0,0,62,0,3,5,0,0,85,11,2,0
one_aggressor,47,peace-2,peace,0,82,union,0,3405,0,57,0.0,0,0,31,0,0,13,68,336,3,4,0,0,63,16,5,0
one_aggressor,47,peace-3,peace,1,300,,230949,230949,210,210,0.8203,1,0,0,0,0,0,53,0,4,11,0,2,314,39,14,3
one_aggressor,47,peace-4,peace,0,52,union,0,688,0,37,0.0,0,0,26,0,0,11,47,120,4,6,0,1,93,12,7,0
one_aggressor,48,hegemony-1,hegemony,1,300,,72524,72524,66,66,0.2578,0,92,0,43,43,0,22,1510,3,3,0,2,105,0,0,0
one_aggressor,48,peace-1,peace,0,62,union,0,346,0,27,0.0,0,0,51,0,0,30,55,203,3,4,0,0,59,10,5,0
one_aggressor,48,peace-2,peace,0,72,union,0,3259,0,77,0.0,0,0,10,0,0,5,50,139,4,9,0,1,123,31,8,1
one_aggressor,48,peace-3,peace,0,63,union,0,1950,0,59,0.0,0,0,0,0,0,0,59,0,2,5,0,0,74,16,6,0
one_aggressor,48,peace-4,peace,1,300,,208794,208794,190,197,0.7422,1,0,31,0,0,8,65,913,4,9,0,1,205,27,9,2
one_aggressor,49,hegemony-1,hegemony,1,300,,57189,57189,52,52,0.2031,0,44,0,20,20,0,31,315,2,2,0,1,214,0,0,0
one_aggressor,49,peace-1,peace,0,74,union,0,3281,0,57,0.0,0,0,0,0,0,0,56,0,4,6,0,0,112,9,3,0
one_aggressor,49,peace-2,peace,0,79,union,0,2166,0,44,0.0,0,0,44,0,0,20,56,349,3,4,0,0,77,25,8,0
one_aggressor,49,peace-3,peace,1,300,,224356,224356,204,204,0.7969,1,0,0,0,0,0,55,0,3,10,0,1,320,45,17,3
one_aggressor,49,peace-4,peace,0,61,union,0,1772,0,54,0.0,0,0,0,0,0,0,53,0,2,4,0,0,65,11,6,0
one_aggressor,50,hegemony-1,hegemony,1,300,,54989,54989,50,50,0.1953,0,55,0,24,24,0,25,525,4,3,0,2,205,0,0,0
one_aggressor,50,peace-1,peace,0,61,union,0,977,0,40,0.0,0,0,32,0,0,15,54,184,4,5,0,0,86,11,3,0
one_aggressor,50,peace-2,peace,1,300,,226551,226551,206,206,0.8047,1,0,0,0,0,0,57,0,3,9,0,2,298,30,11,3
one_aggressor,50,peace-3,peace,0,86,union,0,4582,0,58,0.0,0,0,23,0,0,9,60,351,3,4,0,0,83,15,5,0
one_aggressor,50,peace-4,peace,0,79,union,0,4130,0,56,0.0,0,0,0,0,0,0,55,0,4,7,0,0,116,20,3,0
one_aggressor,51,hegemony-1,hegemony,1,300,,73629,73629,67,67,0.2617,0,94,0,54,54,0,12,1345,3,2,0,1,129,0,0,0
one_aggressor,51,peace-1,peace,0,62,union,0,1859,0,57,0.0,0,0,0,0,0,0,56,0,3,4,0,0,54,15,8,0
one_aggressor,51,peace-2,peace,0,68,union,0,2099,0,51,0.0,0,0,14,0,0,7,53,157,4,6,0,1,107,14,7,0
one_aggressor,51,peace-3,peace,1,300,,207697,207697,189,189,0.7383,1,0,34,0,0,12,96,1096,2,7,0,0,184,29,15,2
one_aggressor,51,peace-4,peace,0,53,conquered,0,135,0,16,0.0,0,0,46,0,0,35,34,182,2,1,0,0,22,0,0,0
one_aggressor,52,hegemony-1,hegemony,1,300,,63787,63787,58,58,0.2266,0,64,0,34,34,0,23,560,4,4,0,2,277,0,0,0
one_aggressor,52,peace-1,peace,0,63,union,0,826,0,37,0.0,0,0,40,0,0,22,58,226,3,4,0,0,50,11,2,0
one_aggressor,52,peace-2,peace,0,57,union,0,1461,0,48,0.0,0,0,0,0,0,0,47,0,2,4,0,0,69,15,1,0
one_aggressor,52,peace-3,peace,1,300,,217755,217755,198,198,0.7734,1,0,0,0,0,0,62,0,4,9,0,1,353,24,4,2
one_aggressor,52,peace-4,peace,0,90,union,0,8240,0,95,0.0,0,0,24,0,0,12,61,503,3,7,0,1,103,20,5,1
one_aggressor,53,hegemony-1,hegemony,1,300,,52790,52790,48,48,0.1875,0,50,0,20,20,0,27,381,3,2,0,1,186,0,0,0
one_aggressor,53,peace-1,peace,0,76,union,0,3048,0,58,0.0,0,0,21,0,0,6,59,208,3,4,0,0,68,12,2,0
one_aggressor,53,peace-2,peace,1,300,,228751,228751,208,208,0.8125,1,0,0,0,0,0,59,7,3,8,0,1,280,31,10,3
one_aggressor,53,peace-3,peace,0,54,union,0,705,0,39,0.0,0,0,29,0,0,14,52,145,4,6,0,0,84,9,4,0
one_aggressor,53,peace-4,peace,0,64,union,0,2047,0,55,0.0,0,0,0,0,0,0,54,0,3,6,0,0,92,10,4,0
one_aggressor,54,hegemony-1,hegemony,1,300,,72578,72578,66,66,0.2578,0,51,0,18,18,0,47,559,3,2,0,1,166,0,0,0
one_aggressor,54,peace-1,peace,0,52,union,0,886,0,39,0.0,0,0,18,0,0,7,45,88,2,3,0,0,41,12,6,0
one_aggressor,54,peace-2,peace,1,300,,208957,208957,190,190,0.7422,1,0,0,0,0,0,47,0,4,9,0,1,281,22,11,2
one_aggressor,54,peace-3,peace,0,68,union,0,2001,0,50,0.0,0,0,20,0,0,7,55,190,3,4,0,0,51,9,4,0
one_aggressor,54,peace-4,peace,0,87,union,0,10141,0,107,0.0,0,0,13,0,0,4,57,233,2,6,0,0,99,19,9,1
one_aggressor,55,hegemony-1,hegemony,1,300,,60485,60485,55,55,0.2148,0,44,0,16,16,0,38,392,3,2,0,1,156,0,0,0
one_aggressor,55,peace-1,peace,0,67,union,0,1853,0,53,0.0,0,0,23,0,0,9,60,200,3,5,0,1,82,16,9,0
one_aggressor,55,peace-2,peace,1,300,,221051,221051,201,201,0.7852,1,0,1,0,0,1,55,7,4,8,0,0,283,21,6,2
one_aggressor,55,peace-3,peace,0,76,union,0,6119,0,104,0.0,0,0,7,0,0,3,54,116,2,6,0,0,99,28,11,1
one_aggressor,55,peace-4,peace,0,47,union,0,781,0,41,0.0,0,0,13,0,0,3,44,55,2,3,0,0,38,9,4,0
one_aggressor,56,hegemony-1,hegemony,1,300,,61587,61587,56,56,0.2188,0,74,0,39,39,0,16,517,2,2,0,1,238,0,0,0
one_aggressor,56,peace-1,peace,0,89,union,0,6579,0,78,0.0,0,0,18,0,0,5,60,270,2,6,0,0,80,19,8,1
one_aggressor,56,peace-2,peace,1,300,,219950,219950,200,200,0.7812,1,0,0,0,0,0,76,0,3,8,0,1,311,21,4,2
one_aggressor,56,peace-3,peace,0,67,union,0,289,0,28,0.0,0,0,56,0,0,34,50,223,4,5,0,0,90,10,5,0
one_aggressor,56,peace-4,peace,0,68,union,0,2471,0,50,0.0,0,0,0,0,0,0,49,0,3,5,0,0,101,12,1,0
one_aggressor,57,hegemony-1,hegemony,1,300,,62684,62684,57,57,0.2227,0,59,0,25,25,0,31,525,2,2,0,1,206,0,0,0
one_aggressor,57,peace-1,peace,1,300,,218854,218854,199,199,0.7773,1,0,0,0,0,0,56,0,2,9,0,1,283,32,9,2
one_aggressor,57,peace-2,peace,0,84,union,0,7291,0,90,0.0,0,0,2,0,0,1,58,141,3,7,0,1,134,20,10,1
one_aggressor,57,peace-3,peace,0,58,union,0,1537,0,53,0.0,0,0,0,0,0,0,52,0,3,4,0,0,66,9,4,0
one_aggressor,57,peace-4,peace,0,82,union,0,2086,0,45,0.0,0,0,57,0,0,24,54,523,4,6,0,1,93,23,5,0
one_aggressor,58,hegemony-1,hegemony,1,300,,99707,99707,111,111,0.4336,0,157,0,72,72,0,38,29731,3,3,0,3,139,0,0,0
one_aggressor,58,peace-1,peace,0,94,union,0,7129,0,57,0.0,0,0,10,0,0,5,61,304,2,4,0,1,117,21,8,0
one_aggressor,58,peace-2,peace,0,54,union,0,1269,0,48,0.0,0,0,0,0,0,0,48,0,2,4,0,0,66,15,8,0
one_aggressor,58,peace-3,peace,0,79,union,0,656,0,31,0.0,0,0,56,0,0,32,42,461,2,3,0,0,52,9,4,0
one_aggressor,58,peace-4,peace,1,300,,142687,193203,145,180,0.5664,1,0,91,0,0,35,62,28419,3,10,0,2,220,45,20,3
one_aggressor,59,hegemony-1,hegemony,1,300,,63704,63704,58,58,0.2266,0,96,0,44,44,0,13,1689,4,3,0,1,164,0,0,0
one_aggressor,59,peace-1,peace,0,53,union,0,1211,0,43,0.0,0,0,0,0,0,0,42,0,4,7,0,0,91,13,6,0
one_aggressor,59,peace-2,peace,0,82,union,0,5361,0,104,0.0,0,0,17,0,0,5,75,193,3,6,0,0,74,20,9,1
one_aggressor,59,peace-3,peace,1,300,,217472,217472,198,205,0.7734,1,0,27,0,0,9,59,1207,2,7,0,2,232,22,10,2
one_aggressor,59,peace-4,peace,0,66,union,0,479,0,33,0.0,0,0,52,0,0,30,62,218,3,5,0,1,83,13,5,0
one_aggressor,60,hegemony-1,hegemony,1,300,,51635,51635,47,47,0.1836,0,96,0,33,33,0,13,1947,3,3,0,2,137,0,0,0
one_aggressor,60,peace-1,peace,1,300,,229621,229621,209,210,0.8164,1,0,25,0,0,1,68,855,3,8,0,1,219,24,10,2
one_aggressor,60,peace-2,peace,0,57,union,0,1465,0,52,0.0,0,0,0,0,0,0,51,0,3,5,0,0,55,9,4,0
one_aggressor,60,peace-3,peace,0,84,union,0,6228,0,93,0.0,0,0,13,0,0,4,59,209,4,8,0,1,113,28,10,1
one_aggressor,60,peace-4,peace,0,70,union,0,748,0,37,0.0,0,0,58,0,0,28,60,281,3,4,0,0,52,13,4,0
one_aggressor,61,hegemony-1,hegemony,1,300,,54979,54979,50,50,0.1953,0,53,0,25,25,0,24,385,2,2,0,1,138,0,0,0
one_aggressor,61,peace-1,peace,0,68,union,0,1089,0,43,0.0,0,0,44,0,0,21,63,244,3,6,0,0,81,22,7,0
one_aggressor,61,peace-2,peace,0,71,union,0,2852,0,69,0.0,0,0,0,0,0,0,68,0,3,6,0,0,94,14,6,0
one_aggressor,61,peace-3,peace,0,56,union,0,1397,0,43,0.0,0,0,0,0,0,0,42,0,2,4,0,0,69,11,2,0
one_aggressor,61,peace-4,peace,1,300,,226508,226508,206,206,0.8047,1,0,9,0,0,4,54,186,4,10,0,1,248,31,9,3
one_aggressor,62,hegemony-1,hegemony,1,300,,56087,56087,51,51,0.1992,0,79,0,41,41,0,9,537,3,2,0,1,238,0,0,0
one_aggressor,62,peace-1,peace,0,92,union,0,6261,0,79,0.0,0,0,22,0,0,11,89,390,2,3,0,0,51,9,4,0
one_aggressor,62,peace-2,peace,1,300,,225445,225445,205,205,0.8008,1,0,0,0,0,0,65,0,2,9,0,1,308,35,14,3
one_aggressor,62,peace-3,peace,0,66,union,0,2238,0,45,0.0,0,0,0,0,0,0,44,0,4,6,0,0,136,17,7,0
one_aggressor,62,peace-4,peace,0,64,union,0,374,0,28,0.0,0,0,57,0,0,30,44,262,3,4,0,0,63,9,3,0
one_aggressor,63,hegemony-1,hegemony,1,300,,67017,67017,61,61,0.2383,0,87,0,38,38,0,22,1931,4,4,0,3,128,0,0,0
one_aggressor,63,peace-1,peace,0,56,union,0,659,0,35,0.0,0,0,29,0,0,17,51,157,4,5,0,0,80,11,5,0
one_aggressor,63,peace-2,peace,0,83,union,0,4784,0,60,0.0,0,0,7,0,0,1,59,100,4,8,0,1,98,17,7,0
one_aggressor,63,peace-3,peace,1,300,,214241,214241,195,203,0.7617,1,0,26,0,0,8,61,1146,3,10,0,1,210,27,11,3
one_aggressor,63,peace-4,peace,0,82,union,0,3612,0,55,0.0,0,0,25,0,0,12,58,422,3,7,0,1,94,19,9,0
one_aggressor,64,hegemony-1,hegemony,1,300,,71480,71480,65,65,0.2539,0,42,0,14,14,0,50,465,3,3,0,2,191,0,0,0
one_aggressor,64,peace-1,peace,0,56,union,0,1394,0,36,0.0,0,0,0,0,0,0,35,0,3,6,0,0,94,13,6,0
one_aggressor,64,peace-2,peace,0,77,union,0,2729,0,44,0.0,0,0,27,0,0,9,44,368,3,5,0,1,82,11,2,0
one_aggressor,64,peace-3,peace,1,300,,210060,210060,191,191,0.7461,1,0,0,0,0,0,81,0,3,9,0,1,280,27,10,3
one_aggressor,64,peace-4,peace,0,51,union,0,914,0,39,0.0,0,0,15,0,0,5,41,74,4,7,0,0,95,15,4,0
one_aggressor,65,hegemony-1,hegemony,1,300,,59363,59363,54,54,0.2109,0,77,0,32,32,0,21,1006,3,3,0,2,151,0,0,0
one_aggressor,65,peace-1,peace,0,59,union,0,410,0,29,0.0,0,0,38,0,0,22,50,191,3,6,0,0,88,30,11,0
one_aggressor,65,peace-2,peace,1,300,,222056,222056,202,202,0.7891,1,0,30,0,0,7,105,608,1,5,0,1,192,26,14,2
one_aggressor,65,peace-3,peace,0,63,union,0,2278,0,75,0.0,0,0,9,0,0,3,48,77,3,5,0,1,75,15,9,1
one_aggressor,65,peace-4,peace,0,46,union,0,858,0,28,0.0,0,0,0,0,0,0,27,0,4,7,0,0,92,15,4,0
one_aggressor,66,hegemony-1,hegemony,1,300,,64886,64886,59,59,0.2305,0,22,0,9,9,0,49,130,3,3,0,2,246,0,0,0
one_aggressor,66,peace-1,peace,0,55,union,0,1331,0,40,0.0,0,0,0,0,0,0,39,0,2,6,0,0,80,22,8,0
one_aggressor,66,peace-2,peace,0,64,union,0,2044,0,61,0.0,0,0,0,0,0,0,60,0,2,4,0,0,56,19,14,0
one_aggressor,66,peace-3,peace,1,300,,216663,216663,197,197,0.7695,1,0,0,0,0,0,54,0,4,9,0,2,346,34,22,3
one_aggressor,66,peace-4,peace,0,59,union,0,1196,0,42,0.0,0,0,22,0,0,9,49,135,3,4,0,0,60,15,8,0
one_aggressor,67,hegemony-1,hegemony,1,300,,73682,73682,67,67,0.2617,0,46,0,24,24,0,42,236,2,2,0,1,239,0,0,0
one_aggressor,67,peace-1,peace,0,69,union,0,3380,0,70,0.0,0,0,0,0,0,0,50,0,3,7,0,0,113,23,11,1
one_aggressor,67,peace-2,peace,1,300,,207860,207860,189,189,0.7383,1,0,0,0,0,0,75,0,2,5,0,0,270,16,10,2
one_aggressor,67,peace-3,peace,0,64,union,0,1989,0,43,0.0,0,0,2,0,0,1,43,32,4,9,0,1,156,22,6,0
one_aggressor,67,peace-4,peace,0,62,union,0,568,0,29,0.0,0,0,44,0,0,23,41,252,3,5,0,0,74,15,5,0
one_aggressor,68,hegemony-1,hegemony,1,300,,61586,61586,56,56,0.2188,0,64,0,33,33,0,22,442,4,3,0,2,235,0,0,0
one_aggressor,68,peace-1,peace,0,60,union,0,1685,0,46,0.0,0,0,0,0,0,0,45,0,4,6,0,0,84,14,4,0
one_aggressor,68,peace-2,peace,1,300,,219951,219951,200,200,0.7812,1,0,0,0,0,0,74,8,3,10,0,2,337,34,12,3
one_aggressor,68,peace-3,peace,0,83,union,0,3354,0,56,0.0,0,0,32,0,0,18,65,444,3,4,0,0,69,10,3,0
one_aggressor,68,peace-4,peace,0,49,union,0,450,0,31,0.0,0,0,32,0,0,15,45,134,4,5,0,0,85,10,5,0
one_aggressor,69,hegemony-1,hegemony,1,300,,65984,65984,60,60,0.2344,0,51,0,24,24,0,35,485,3,3,0,2,183,0,0,0
one_aggressor,69,peace-1,peace,1,300,,215555,215555,196,196,0.7656,1,0,0,0,0,0,49,0,2,9,0,2,282,30,13,3
one_aggressor,69,peace-2,peace,0,57,union,0,1398,0,51,0.0,0,0,3,0,0,1,51,13,4,5,0,0,80,11,5,0
one_aggressor,69,peace-3,peace,0,84,union,0,5182,0,58,0.0,0,0,0,0,0,0,57,0,2,6,0,0,90,19,4,0
one_aggressor,69,peace-4,peace,0,89,union,0,3195,0,43,0.0,0,0,48,0,0,23,59,478,3,5,0,0,85,18,6,0
one_aggressor,70,hegemony-1,hegemony,1,300,,79100,79100,72,72,0.2812,0,76,0,31,31,0,40,1733,3,3,0,2,145,0,0,0
one_aggressor,70,peace-1,peace,0,59,union,0,1612,0,44,0.0,0,0,0,0,0,0,43,2,4,10,0,0,135,28,11,0
one_aggressor,70,peace-2,peace,0,70,union,0,2602,0,58,0.0,0,0,5,0,0,2,59,63,3,7,0,1,118,28,16,0
one_aggressor,70,peace-3,peace,1,300,,202171,202171,184,195,0.7188,1,0,38,0,0,14,58,1566,3,8,0,1,199,35,23,3
one_aggressor,70,peace-4,peace,0,63,union,0,1184,0,40,0.0,0,0,33,0,0,15,51,201,3,4,0,0,55,13,6,0
one_aggressor,71,hegemony-1,hegemony,1,300,,54944,54944,50,50,0.1953,0,93,0,37,37,0,12,1484,3,2,0,1,115,0,0,0
one_aggressor,71,peace-1,peace,0,72,union,0,2881,0,54,0.0,0,0,0,0,0,0,53,37,4,8,0,1,135,44,31,0
one_aggressor,71,peace-2,peace,1,300,,226375,226375,206,216,0.8047,1,0,27,0,0,10,58,1052,2,7,0,0,186,32,18,3
one_aggressor,71,peace-3,peace,0,76,union,0,3096,0,59,0.0,0,0,16,0,0,7,65,172,4,5,0,0,82,14,8,0
one_aggressor,71,peace-4,peace,0,79,union,0,1686,0,48,0.0,0,0,50,0,0,20,63,230,3,4,0,0,94,40,35,0
one_aggressor,72,hegemony-1,hegemony,1,300,,71414,71414,65,65,0.2539,0,93,0,48,48,0,16,1731,3,2,0,1,118,0,0,0
one_aggressor,72,peace-1,peace,1,300,,209855,209855,191,200,0.7461,1,0,33,0,0,11,68,1355,3,7,0,2,202,25,17,3
one_aggressor,72,peace-2,peace,0,76,union,0,3077,0,60,0.0,0,0,13,0,0,9,68,234,3,4,0,0,71,12,7,0
one_aggressor,72,peace-3,peace,0,72,union,0,2978,0,51,0.0,0,0,0,0,0,0,50,0,3,8,0,1,101,23,10,0
one_aggressor,72,peace-4,peace,0,62,union,0,474,0,29,0.0,0,0,47,0,0,28,49,241,4,7,0,0,94,16,6,0
one_aggressor,73,hegemony-1,hegemony,1,300,,63625,63625,58,58,0.2266,0,91,0,41,41,0,16,1569,3,3,0,2,161,0,0,0
one_aggressor,73,peace-1,peace,1,300,,217208,217208,198,209,0.7734,1,0,31,0,0,11,64,1216,3,8,0,1,201,33,15,2
one_aggressor,73,peace-2,peace,0,60,union,0,1688,0,41,0.0,0,0,0,0,0,0,40,0,3,5,0,0,109,12,4,0
one_aggressor,73,peace-3,peace,0,71,union,0,698,0,39,0.0,0,0,48,0,0,25,63,283,4,7,0,0,116,29,12,0
one_aggressor,73,peace-4,peace,0,76,union,0,4197,0,103,0.0,0,0,12,0,0,5,68,144,3,5,0,1,103,18,11,1
one_aggressor,74,hegemony-1,hegemony,1,300,,70350,70350,64,64,0.25,0,69,0,36,36,0,27,809,4,4,0,2,167,0,0,0
one_aggressor,74,peace-1,peace,0,90,union,0,8453,0,87,0.0,0,0,9,0,0,5,58,275,3,8,0,2,119,31,8,1
one_aggressor,74,peace-2,peace,0,55,union,0,1327,0,43,0.0,0,0,0,0,0,0,42,0,2,4,0,0,48,10,5,0
one_aggressor,74,peace-3,peace,1,300,,211057,211057,192,193,0.75,1,0,4,0,0,1,67,168,3,9,0,2,245,31,9,2
one_aggressor,74,peace-4,peace,0,80,union,0,1427,0,36,0.0,0,0,56,0,0,30,57,421,2,3,0,0,39,10,4,0
one_aggressor,75,hegemony-1,hegemony,1,300,,63785,63785,58,58,0.2266,0,70,0,30,30,0,27,905,4,4,0,2,298,0,0,0
one_aggressor,75,peace-1,peace,0,67,union,0,2336,0,38,0.0,0,0,0,0,0,0,37,0,2,4,0,0,85,18,2,0
one_aggressor,75,peace-2,peace,0,99,union,0,13350,0,106,0.0,0,0,29,0,0,11,67,680,3,7,0,1,107,19,6,1
one_aggressor,75,peace-3,peace,0,68,union,0,1281,0,43,0.0,0,0,41,0,0,19,60,254,3,4,0,0,45,9,3,0
one_aggressor,75,peace-4,peace,1,300,,217756,217756,198,198,0.7734,1,0,0,0,0,0,60,0,4,9,0,1,359,28,5,2
one_aggressor,76,hegemony-1,hegemony,1,300,,59388,59388,54,54,0.2109,0,28,0,10,10,0,43,252,2,2,0,1,188,0,0,0
one_aggressor,76,peace-1,peace,0,61,union,0,1544,0,52,0.0,0,0,20,0,0,5,54,121,4,6,0,0,102,20,8,0
one_aggressor,76,peace-2,peace,0,70,union,0,4715,0,105,0.0,0,0,8,0,0,5,55,162,3,6,0,1,89,23,12,1
one_aggressor,76,peace-3,peace,1,300,,222159,222159,202,202,0.7891,1,0,0,0,0,0,58,0,2,6,0,0,260,22,7,2
one_aggressor,76,peace-4,peace,0,57,union,0,1466,0,42,0.0,0,0,0,0,0,0,41,0,3,6,0,0,95,11,3,0
one_aggressor,77,hegemony-1,hegemony,1,300,,72548,72548,66,66,0.2578,0,86,0,55,55,0,10,807,4,4,0,2,173,0,0,0
one_aggressor,77,peace-1,peace,1,300,,208853,208853,190,191,0.7422,1,0,17,0,0,4,83,491,4,10,0,1,221,26,11,3
one_aggressor,77,peace-2,peace,0,82,union,0,4484,0,59,0.0,0,0,3,0,0,3,61,146,3,5,0,1,112,16,3,0
one_aggressor,77,peace-3,peace,0,76,union,0,184,0,24,0.0,0,0,66,0,0,48,60,231,4,6,0,0,103,19,3,0
one_aggressor,77,peace-4,peace,0,63,union,0,1937,0,38,0.0,0,0,0,0,0,0,37,0,3,5,0,0,83,11,5,0
one_aggressor,78,hegemony-1,hegemony,1,300,,64881,64881,59,59,0.2305,0,71,0,36,36,0,22,813,4,3,0,2,240,0,0,0
one_aggressor,78,peace-1,peace,1,300,,216642,216642,197,197,0.7695,1,0,0,0,0,0,66,0,4,11,0,1,334,41,14,3
one_aggressor,78,peace-2,peace,0,95,union,0,7809,0,62,0.0,0,0,12,0,0,3,61,321,2,4,0,1,99,15,3,0
one_aggressor,78,peace-3,peace,0,85,union,0,1361,0,35,0.0,0,0,59,0,0,33,50,559,3,4,0,0,57,11,5,0
one_aggressor,78,peace-4,peace,0,62,union,0,1858,0,53,0.0,0,0,0,0,0,0,52,0,3,4,0,0,66,15,6,0
one_aggressor,79,hegemony-1,hegemony,1,300,,65984,65984,60,60,0.2344,0,70,0,30,30,0,29,978,3,3,0,2,276,0,0,0
one_aggressor,79,peace-1,peace,1,300,,215555,215555,196,196,0.7656,1,0,0,0,0,0,72,0,2,7,0,1,313,22,9,2
one_aggressor,79,peace-2,peace,0,62,union,0,1853,0,52,0.0,0,0,0,0,0,0,51,0,3,5,0,0,80,12,4,0
one_aggressor,79,peace-3,peace,0,99,union,0,11760,0,77,0.0,0,0,23,0,0,6,56,585,4,8,0,1,139,23,5,1
one_aggressor,79,peace-4,peace,0,70,union,0,936,0,33,0.0,0,0,47,0,0,24,43,364,2,3,0,0,42,13,0,0
one_aggressor,80,hegemony-1,hegemony,1,300,,52790,52790,48,48,0.1875,0,70,0,33,33,0,14,603,4,4,0,3,306,0,0,0
one_aggressor,80,peace-1,peace,0,90,union,0,5221,0,56,0.0,0,0,27,0,0,10,61,453,3,6,0,2,113,12,5,0
one_aggressor,80,peace-2,peace,0,67,union,0,2351,0,53,0.0,0,0,0,0,0,0,52,2,3,5,0,0,99,19,11,0
one_aggressor,80,peace-3,peace,1,300,,228747,228747,208,208,0.8125,1,0,0,0,0,0,69,0,4,10,0,3,330,29,14,3
one_aggressor,80,peace-4,peace,0,61,union,0,553,0,33,0.0,0,0,43,0,0,23,55,181,4,7,0,0,104,24,8,0
one_aggressor,81,hegemony-1,hegemony,1,300,,74782,74782,68,68,0.2656,0,60,0,35,35,0,32,248,4,4,0,2,318,0,0,0
one_aggressor,81,peace-1,peace,0,77,union,0,4067,0,78,0.0,0,0,6,0,0,3,52,97,3,6,0,1,105,23,5,1
one_aggressor,81,peace-2,peace,0,61,union,0,1767,0,47,0.0,0,0,0,0,0,0,46,0,4,6,0,0,105,12,2,0
one_aggressor,81,peace-3,peace,1,300,,206758,206758,188,188,0.7344,1,0,0,0,0,0,62,0,3,8,0,1,348,33,5,2
one_aggressor,81,peace-4,peace,0,67,union,0,343,0,28,0.0,0,0,54,0,0,32,59,223,4,6,0,0,120,24,2,0
one_aggressor,82,hegemony-1,hegemony,1,300,,60487,60487,55,55,0.2148,0,33,0,10,10,0,44,259,3,2,0,1,219,0,0,0
one_aggressor,82,peace-1,peace,0,71,union,0,2653,0,64,0.0,0,0,9,0,0,3,66,90,3,5,0,1,69,17,7,0
one_aggressor,82,peace-2,peace,0,59,union,0,1226,0,43,0.0,0,0,24,0,0,7,49,132,4,9,0,0,116,29,8,0
one_aggressor,82,peace-3,peace,0,62,union,0,1859,0,50,0.0,0,0,0,0,0,0,49,0,3,6,0,0,103,19,5,0
one_aggressor,82,peace-4,peace,1,300,,221059,221059,201,201,0.7852,1,0,0,0,0,0,43,0,3,8,0,2,303,29,16,3
one_aggressor,83,hegemony-1,hegemony,1,300,,56084,56084,51,51,0.1992,0,71,0,37,37,0,13,572,3,3,0,2,183,0,0,0
one_aggressor,83,peace-1,peace,0,89,union,0,5614,0,60,0.0,0,0,13,0,0,7,59,314,3,5,0,1,102,11,4,0
one_aggressor,83,peace-2,peace,0,79,union,0,3918,0,64,0.0,0,0,10,0,0,2,63,104,4,7,0,1,125,16,6,0
one_aggressor,83,peace-3,peace,1,300,,225427,225427,205,205,0.8008,1,0,0,0,0,0,61,0,2,8,0,0,251,38,17,3
one_aggressor,83,peace-4,peace,0,61,union,0,443,0,29,0.0,0,0,48,0,0,28,55,228,4,5,0,0,87,13,7,0
one_aggressor,84,hegemony-1,hegemony,1,300,,81371,81371,74,74,0.2891,0,74,0,36,36,0,37,948,3,4,0,3,224,0,0,0
one_aggressor,84,peace-1,peace,0,101,union,0,7394,0,55,0.0,0,0,28,0,0,17,59,947,2,4,0,1,94,10,5,0
one_aggressor,84,peace-2,peace,0,76,union,0,1442,0,34,0.0,0,0,46,0,0,19,41,304,2,4,0,1,60,15,8,0
one_aggressor,84,peace-3,peace,0,46,union,0,866,0,43,0.0,0,0,0,0,0,0,42,0,2,3,0,0,38,9,3,0
one_aggressor,84,peace-4,peace,1,300,,200152,200152,182,182,0.7109,1,0,0,0,0,0,72,0,3,11,0,1,336,34,16,3
one_aggressor,85,hegemony-1,hegemony,1,300,,53889,53889,49,49,0.1914,0,64,0,29,29,0,19,468,3,3,0,1,261,0,0,0
one_aggressor,85,peace-1,peace,1,300,,227653,227653,207,207,0.8086,1,0,0,0,0,0,61,0,2,8,0,1,299,42,21,3
one_aggressor,85,peace-2,peace,0,76,union,0,3584,0,52,0.0,0,0,0,0,0,0,51,0,4,7,0,0,138,20,6,0
one_aggressor,85,peace-3,peace,0,80,union,0,4340,0,62,0.0,0,0,0,0,0,0,61,0,4,6,0,0,101,13,5,0
one_aggressor,85,peace-4,peace,0,94,union,0,2992,0,44,0.0,0,0,64,0,0,29,59,540,3,4,0,0,81,27,10,0
one_aggressor,86,hegemony-1,hegemony,1,300,,54989,54989,50,50,0.1953,0,63,0,30,30,0,19,495,2,2,0,1,178,0,0,0
one_aggressor,86,peace-1,peace,0,70,union,0,2720,0,65,0.0,0,0,0,0,0,0,64,0,3,6,0,0,96,18,8,0
one_aggressor,86,peace-2,peace,0,58,union,0,560,0,35,0.0,0,0,41,0,0,20,54,178,4,5,0,0,83,10,4,0
one_aggressor,86,peace-3,peace,0,81,union,0,4540,0,71,0.0,0,0,0,0,0,0,70,0,2,4,0,0,77,12,4,0
one_aggressor,86,peace-4,peace,1,300,,226547,226547,206,206,0.8047,1,0,22,0,0,10,44,337,3,9,0,1,286,38,16,3
one_aggressor,87,hegemony-1,hegemony,1,300,,60483,60483,55,55,0.2148,0,52,0,19,19,0,35,389,3,3,0,2,187,0,0,0
one_aggressor,87,peace-1,peace,1,300,,221050,221050,201,201,0.7852,1,0,0,0,0,0,76,0,2,6,0,1,223,21,8,2
one_aggressor,87,peace-2,peace,0,52,union,0,629,0,36,0.0,0,0,35,0,0,13,44,156,3,4,0,0,65,10,5,0
one_aggressor,87,peace-3,peace,0,62,union,0,1778,0,56,0.0,0,0,4,0,0,2,58,37,4,7,0,1,114,16,5,0
one_aggressor,87,peace-4,peace,0,73,union,0,4386,0,71,0.0,0,0,13,0,0,4,38,171,2,6,0,0,85,27,8,1
one_aggressor,88,hegemony-1,hegemony,1,300,,51690,51690,47,47,0.1836,0,50,0,17,17,0,29,373,3,3,0,1,246,0,0,0
one_aggressor,88,peace-1,peace,1,300,,229854,229854,209,209,0.8164,1,0,0,0,0,0,58,0,4,9,0,1,335,41,17,3
one_aggressor,88,peace-2,peace,0,68,union,0,2475,0,65,0.0,0,0,0,0,0,0,64,0,3,5,0,0,85,16,10,0
one_aggressor,88,peace-3,peace,0,62,union,0,1858,0,50,0.0,0,0,0,0,0,0,49,0,2,6,0,0,79,21,9,0
one_aggressor,88,peace-4,peace,0,81,union,0,2286,0,44,0.0,0,0,50,0,0,17,51,353,2,3,0,0,53,24,6,0
one_aggressor,89,hegemony-1,hegemony,1,300,,65984,65984,60,60,0.2344,0,60,0,26,26,0,33,565,3,3,0,1,236,0,0,0
one_aggressor,89,peace-1,peace,1,300,,215558,215558,196,196,0.7656,1,0,0,0,0,0,65,0,3,9,0,1,345,32,15,3
one_aggressor,89,peace-2,peace,0,93,union,0,3451,0,49,0.0,0,0,60,0,0,26,61,631,3,4,0,0,63,12,5,0
one_aggressor,89,peace-3,peace,0,52,union,0,1154,0,41,0.0,0,0,0,0,0,0,40,0,4,7,0,0,87,20,7,0
one_aggressor,89,peace-4,peace,0,60,union,0,1688,0,53,0.0,0,0,0,0,0,0,52,0,3,5,0,0,59,16,3,0
one_aggressor,90,hegemony-1,hegemony,1,300,,65987,65987,60,60,0.2344,0,65,0,39,39,0,20,480,4,4,0,2,296,0,0,0
one_aggressor,90,peace-1,peace,0,53,union,0,1204,0,31,0.0,0,0,0,0,0,0,30,0,3,5,0,0,92,10,3,0
one_aggressor,90,peace-2,peace,0,88,union,0,6896,0,97,0.0,0,0,23,0,0,10,81,367,2,6,0,1,96,19,7,1
one_aggressor,90,peace-3,peace,0,61,union,0,485,0,28,0.0,0,0,42,0,0,29,53,232,3,4,0,0,84,9,4,0
one_aggressor,90,peace-4,peace,1,300,,215554,215554,196,196,0.7656,1,0,0,0,0,0,67,0,2,7,0,1,324,20,6,2
one_aggressor,91,hegemony-1,hegemony,1,300,,62684,62684,57,57,0.2227,0,51,0,16,16,0,40,422,2,1,0,0,256,0,0,0
one_aggressor,91,peace-1,peace,0,78,union,0,2254,0,48,0.0,0,0,51,0,0,16,57,385,3,4,0,0,66,10,4,0
one_aggressor,91,peace-2,peace,1,300,,218860,218860,199,199,0.7773,1,0,0,0,0,0,61,0,3,7,0,0,369,22,11,2
one_aggressor,91,peace-3,peace,0,82,union,0,7440,0,99,0.0,0,0,0,0,0,0,56,0,2,6,0,0,92,22,10,1
one_aggressor,91,peace-4,peace,0,51,union,0,1097,0,38,0.0,0,0,0,0,0,0,37,0,2,4,0,0,45,10,5,0
one_aggressor,92,hegemony-1,hegemony,1,300,,64886,64886,59,59,0.2305,0,76,0,40,40,0,18,900,3,3,0,2,292,0,0,0
one_aggressor,92,peace-1,peace,1,300,,216650,216650,197,197,0.7695,1,0,0,0,0,0,81,0,4,9,0,1,373,21,6,2
one_aggressor,92,peace-2,peace,0,84,conquered,0,526,0,26,0.0,0,0,67,0,0,39,38,777,2,1,0,0,56,0,0,0
one_aggressor,92,peace-3,peace,0,51,union,0,1100,0,48,0.0,0,0,0,0,0,0,47,0,1,3,0,0,40,10,5,0
one_aggressor,92,peace-4,peace,0,95,union,0,8121,0,67,0.0,0,0,9,0,0,1,67,222,2,4,0,1,97,11,1,0
one_aggressor,93,hegemony-1,hegemony,1,300,,63786,63786,58,58,0.2266,0,46,0,19,19,0,38,473,4,3,0,1,222,0,0,0
one_aggressor,93,peace-1,peace,0,88,union,0,3520,0,49,0.0,0,0,46,0,0,19,57,516,3,4,0,0,73,10,5,0
one_aggressor,93,peace-2,peace,0,61,union,0,1767,0,49,0.0,0,0,0,0,0,0,48,0,2,3,0,0,46,17,7,0
one_aggressor,93,peace-3,peace,0,56,union,0,1397,0,45,0.0,0,0,0,0,0,0,44,0,3,5,0,0,62,10,3,0
one_aggressor,93,peace-4,peace,1,300,,217759,217759,198,198,0.7734,1,0,0,0,0,0,64,0,4,11,0,1,357,37,15,3
one_aggressor,94,hegemony-1,hegemony,1,300,,56074,56074,51,51,0.1992,0,65,0,34,34,0,16,480,3,3,0,2,170,0,0,0
one_aggressor,94,peace-1,peace,0,50,union,0,1049,0,46,0.0,0,0,0,0,0,0,45,0,3,5,0,0,74,9,3,0
one_aggressor,94,peace-2,peace,0,74,union,0,847,0,32,0.0,0,0,50,0,0,29,54,300,4,7,0,0,97,22,11,0
one_aggressor,94,peace-3,peace,1,300,,225393,225393,205,205,0.8008,1,0,6,0,0,3,79,152,3,9,0,1,266,26,12,2
one_aggressor,94,peace-4,peace,0,76,union,0,4333,0,82,0.0,0,0,9,0,0,2,57,105,3,6,0,1,91,15,6,1
one_aggressor,95,hegemony-1,hegemony,1,300,,63775,63775,58,58,0.2266,0,47,0,19,19,0,38,395,2,1,0,0,126,0,0,0
one_aggressor,95,peace-1,peace,0,55,union,0,1331,0,52,0.0,0,0,0,0,0,0,51,0,2,4,0,0,43,13,6,0
one_aggressor,95,peace-2,peace,0,66,union,0,3368,0,75,0.0,0,0,3,0,0,1,33,67,3,6,0,0,98,39,15,1
one_aggressor,95,peace-3,peace,0,63,union,0,1080,0,43,0.0,0,0,36,0,0,17,58,204,4,5,0,0,67,13,7,0
one_aggressor,95,peace-4,peace,1,300,,217723,217723,198,198,0.7734,1,0,8,0,0,1,71,103,3,8,0,0,248,39,14,2
one_aggressor,96,hegemony-1,hegemony,1,300,,57188,57188,52,52,0.2031,0,38,0,17,17,0,34,221,3,3,0,2,204,0,0,0
one_aggressor,96,peace-1,peace,1,300,,224352,224352,204,204,0.7969,1,0,0,0,0,0,68,0,2,6,0,0,236,23,11,2
one_aggressor,96,peace-2,peace,0,52,union,0,638,0,35,0.0,0,0,27,0,0,13,47,139,4,6,0,0,86,13,3,0
one_aggressor,96,peace-3,peace,0,66,union,0,3359,0,87,0.0,0,0,7,0,0,2,53,57,3,6,0,1,96,23,9,1
one_aggressor,96,peace-4,peace,0,53,union,0,1179,0,49,0.0,0,0,4,0,0,2,49,34,4,7,0,1,114,15,5,0
one_aggressor,97,hegemony-1,hegemony,1,300,,70378,70378,64,64,0.25,0,50,0,16,16,0,47,529,2,2,0,1,181,0,0,0
one_aggressor,97,peace-1,peace,0,56,union,0,1397,0,51,0.0,0,0,0,0,0,0,50,0,3,5,0,0,71,12,7,0
one_aggressor,97,peace-2,peace,0,62,union,0,1253,0,44,0.0,0,0,33,0,0,11,49,195,4,5,0,0,69,16,7,0
one_aggressor,97,peace-3,peace,0,86,union,0,4953,0,58,0.0,0,0,17,0,0,5,57,259,3,5,0,1,94,11,5,0
one_aggressor,97,peace-4,peace,1,300,,211155,211155,192,192,0.75,1,0,0,0,0,0,48,0,2,9,0,0,271,39,19,3
one_aggressor,98,hegemony-1,hegemony,1,300,,56088,56088,51,51,0.1992,0,64,0,32,32,0,18,528,3,3,0,2,193,0,0,0
one_aggressor,98,peace-1,peace,0,55,union,0,1208,0,47,0.0,0,0,11,0,0,3,49,75,3,5,0,1,65,9,4,0
one_aggressor,98,peace-2,peace,1,300,,225443,225443,205,205,0.8008,1,0,0,0,0,0,76,0,1,6,0,0,227,18,8,2
one_aggressor,98,peace-3,peace,0,87,union,0,6954,0,87,0.0,0,0,26,0,0,14,63,420,2,6,0,1,111,21,11,1
one_aggressor,98,peace-4,peace,0,51,union,0,474,0,31,0.0,0,0,27,0,0,15,45,127,3,4,0,0,62,12,7,0
one_aggressor,99,hegemony-1,hegemony,1,300,,58289,58289,53,53,0.207,0,44,0,22,22,0,30,269,4,3,0,2,214,0,0,0
one_aggressor,99,peace-1,peace,1,300,,223253,223253,203,203,0.793,1,0,0,0,0,0,67,0,3,5,0,0,253,18,11,3
one_aggressor,99,peace-2,peace,0,62,union,0,914,0,36,0.0,0,0,33,0,0,16,51,180,4,7,0,0,107,26,9,0
one_aggressor,99,peace-3,peace,0,70,union,0,2375,0,57,0.0,0,0,11,0,0,6,62,129,3,5,0,1,78,14,6,0
one_aggressor,99,peace-4,peace,0,67,union,0,2334,0,42,0.0,0,0,0,0,0,0,41,18,4,8,0,1,140,32,14,0
many_aggressors,0,hegemony-1,hegemony,0,78,collapsed,0,332,0,20,0.0,0,54,58,18,18,41,24,789,4,0,0,0,0,0,0,0
many_aggressors,0,hegemony-2,hegemony,1,300,,53128,59567,65,77,0.2539,0,271,243,132,132,97,29,82453,4,0,0,0,0,0,0,0
many_aggressors,0,hegemony-3,hegemony,1,300,,107058,107058,122,122,0.4766,1,257,152,129,129,51,43,69592,4,0,0,0,0,0,0,0
many_aggressors,0,hegemony-4,hegemony,0,158,collapsed,0,3798,0,50,0.0,0,132,159,56,56,81,26,11772,4,0,0,0,0,0,0,0
many_aggressors,0,peace-1,peace,0,67,conquered,0,293,0,26,0.0,0,0,102,0,0,65,64,428,4,0,0,0,0,0,0,0
many_aggressors,1,hegemony-1,hegemony,1,300,,122218,122218,142,142,0.5547,1,276,182,157,157,40,24,59414,4,0,0,0,0,0,0,0
many_aggressors,1,hegemony-2,hegemony,1,300,,202,30347,5,63,0.0195,0,263,233,88,88,121,37,80080,4,0,0,0,0,0,0,0
many_aggressors,1,hegemony-3,hegemony,0,109,conquered,0,1951,0,43,0.0,0,83,103,30,30,57,26,3668,4,0,0,0,0,0,0,0
many_aggressors,1,hegemony-4,hegemony,0,61,conquered,0,366,0,24,0.0,0,45,83,23,23,40,16,634,4,0,0,0,0,0,0,0
many_aggressors,1,peace-1,peace,0,47,conquered,0,192,0,15,0.0,0,0,66,0,0,40,39,193,4,0,0,0,0,0,0,0
many_aggressors,2,hegemony-1,hegemony,1,300,,127805,127805,140,140,0.5469,1,257,110,121,121,25,43,46945,2,1,0,1,106,0,0,0
many_aggressors,2,hegemony-2,hegemony,0,168,collapsed,0,4063,0,42,0.0,0,132,153,44,44,75,36,12441,3,1,0,0,124,0,0,0
many_aggressors,2,hegemony-3,hegemony,0,53,collapsed,0,149,0,16,0.0,0,44,45,17,17,25,9,380,3,1,0,0,16,0,0,0
many_aggressors,2,hegemony-4,hegemony,0,30,collapsed,0,139,0,8,0.0,0,23,23,6,6,13,7,198,1,0,0,0,0,0,0,0
many_aggressors,2,peace-1,peace,1,300,,21487,69642,23,73,0.0898,0,0,125,0,0,50,72,38257,3,3,0,1,246,0,0,0
many_aggressors,3,hegemony-1,hegemony,0,43,conquered,0,172,0,12,0.0,0,32,42,11,11,22,10,300,3,0,0,0,0,0,0,0
many_aggressors,3,hegemony-2,hegemony,1,300,,65760,78044,77,98,0.3008,0,265,152,121,121,80,35,83249,2,0,0,0,0,0,0,0
many_aggressors,3,hegemony-3,hegemony,0,62,collapsed,0,206,0,18,0.0,0,46,52,15,15,28,16,499,2,0,0,0,0,0,0,0
many_aggressors,3,hegemony-4,hegemony,1,300,,130662,130662,146,146,0.5703,1,264,183,169,169,60,36,72853,4,1,0,1,21,0,0,0
many_aggressors,3,peace-1,peace,0,142,conquered,0,1096,0,36,0.0,0,0,178,0,0,126,125,2269,3,1,0,1,21,0,0,0
many_aggressors,4,hegemony-1,hegemony,0,63,collapsed,0,356,0,22,0.0,0,43,70,12,12,31,20,711,4,0,0,0,0,0,0,0
many_aggressors,4,hegemony-2,hegemony,0,88,collapsed,0,859,0,30,0.0,0,60,78,21,21,44,23,1463,4,1,0,1,11,0,0,0
many_aggressors,4,hegemony-3,hegemony,0,298,collapsed,0,32031,0,56,0.0,0,259,237,87,87,123,39,79160,3,1,0,1,11,0,0,0
many_aggressors,4,hegemony-4,hegemony,1,298,,119798,119798,140,140,0.5469,1,276,198,168,168,51,22,59691,4,0,0,0,0,0,0,0
many_aggressors,4,peace-1,peace,0,49,conquered,0,168,0,13,0.0,0,0,55,0,0,39,38,152,3,0,0,0,0,0,0,0
many_aggressors,5,hegemony-1,hegemony,0,130,conquered,0,3870,0,51,0.0,0,112,118,45,45,64,18,6636,4,0,0,0,0,0,0,0
many_aggressors,5,hegemony-2,hegemony,0,51,collapsed,0,199,0,15,0.0,0,36,45,8,8,21,15,388,4,0,0,0,0,0,0,0
many_aggressors,5,hegemony-3,hegemony,1,300,,133666,133666,151,151,0.5898,1,263,160,155,155,42,37,65133,4,0,0,0,0,0,0,0
many_aggressors,5,hegemony-4,hegemony,1,300,,20394,40622,29,70,0.1133,0,269,226,110,110,113,31,84959,4,0,0,0,0,0,0,0
many_aggressors,5,peace-1,peace,0,83,collapsed,0,349,0,26,0.0,0,0,131,0,0,78,78,528,4,0,0,0,0,0,0,0
many_aggressors,6,hegemony-1,hegemony,0,106,collapsed,0,709,0,26,0.0,0,72,79,18,18,43,34,1813,2,0,0,0,0,0,0,0
many_aggressors,6,hegemony-2,hegemony,1,242,,106571,106571,130,130,0.5078,1,216,131,127,127,24,26,34073,2,0,0,0,0,0,0,0
many_aggressors,6,hegemony-3,hegemony,0,242,collapsed,0,20836,0,54,0.0,0,214,218,82,82,109,28,50710,4,0,0,0,0,0,0,0
many_aggressors,6,hegemony-4,hegemony,0,67,collapsed,0,387,0,23,0.0,0,47,70,17,17,36,20,729,2,0,0,0,0,0,0,0
many_aggressors,6,peace-1,peace,0,50,conquered,0,208,0,19,0.0,0,0,51,0,0,32,31,250,2,0,0,0,0,0,0,0
many_aggressors,7,hegemony-1,hegemony,0,80,collapsed,0,241,0,17,0.0,0,61,64,16,16,34,19,745,2,1,0,0,19,0,0,0
many_aggressors,7,hegemony-2,hegemony,0,68,collapsed,0,266,0,18,0.0,0,50,48,9,9,22,18,669,2,0,0,0,0,0,0,0
many_aggressors,7,hegemony-3,hegemony,1,300,,155848,155848,168,168,0.6562,1,273,85,152,152,12,27,42188,3,1,0,1,10,0,0,0
many_aggressors,7,hegemony-4,hegemony,0,166,collapsed,0,4030,0,50,0.0,0,129,129,43,43,69,36,10601,3,1,0,0,82,0,0,0
many_aggressors,7,peace-1,peace,1,300,,38398,73718,40,94,0.1562,0,0,187,0,0,83,122,40264,4,3,0,1,111,0,0,0
many_aggressors,8,hegemony-1,hegemony,0,87,conquered,0,896,0,29,0.0,0,61,83,26,26,52,25,1418,4,0,0,0,0,0,0,0
many_aggressors,8,hegemony-2,hegemony,1,300,,96097,96116,110,111,0.4297,1,257,241,149,149,83,43,80219,4,0,0,0,0,0,0,0
many_aggressors,8,hegemony-3,hegemony,0,158,collapsed,0,5951,0,50,0.0,0,130,135,53,53,80,28,13767,4,0,0,0,0,0,0,0
many_aggressors,8,hegemony-4,hegemony,1,300,,73518,75151,87,91,0.3398,0,271,145,126,126,69,29,77742,4,0,0,0,0,0,0,0
many_aggressors,8,peace-1,peace,0,72,conquered,0,372,0,30,0.0,0,0,115,0,0,70,69,527,4,0,0,0,0,0,0,0
many_aggressors,9,hegemony-1,hegemony,0,109,collapsed,0,895,0,30,0.0,0,88,95,32,32,45,21,2430,3,1,0,0,40,0,0,0
many_aggressors,9,hegemony-2,hegemony,0,64,collapsed,0,212,0,15,0.0,0,48,50,13,13,29,16,521,3,1,0,0,31,0,0,0
many_aggressors,9,hegemony-3,hegemony,1,300,,97005,97270,112,113,0.4375,1,251,193,123,123,61,49,75652,4,1,0,1,45,0,0,0
many_aggressors,9,hegemony-4,hegemony,1,300,,74332,83021,86,98,0.3359,0,257,166,107,107,65,43,77886,2,0,0,0,0,0,0,0
many_aggressors,9,peace-1,peace,0,145,conquered,0,6514,0,52,0.0,0,0,140,0,0,75,74,8141,4,3,0,1,116,0,0,0
many_aggressors,10,hegemony-1,hegemony,0,42,collapsed,0,146,0,9,0.0,0,28,31,4,4,16,14,238,1,0,0,0,0,0,0,0
many_aggressors,10,hegemony-2,hegemony,1,300,,122881,123285,140,141,0.5469,1,264,148,135,135,32,36,62941,3,0,0,0,0,0,0,0
many_aggressors,10,hegemony-3,hegemony,0,151,collapsed,0,3032,0,51,0.0,0,106,113,28,28,65,43,7749,3,0,0,0,0,0,0,0
many_aggressors,10,hegemony-4,hegemony,1,300,,24942,46562,34,73,0.1328,0,270,283,113,113,110,30,85083,3,1,0,1,1,0,0,0
many_aggressors,10,peace-1,peace,0,72,conquered,0,343,0,28,0.0,0,0,93,0,0,57,56,521,2,1,0,1,1,0,0,0
many_aggressors,11,hegemony-1,hegemony,1,300,,129882,129882,146,146,0.5703,1,266,282,171,171,60,34,52802,3,0,0,0,0,0,0,0
many_aggressors,11,hegemony-2,hegemony,0,233,collapsed,0,9489,0,78,0.0,0,159,183,45,45,114,74,28883,3,0,0,0,0,0,0,0
many_aggressors,11,hegemony-3,hegemony,1,300,,42121,45736,55,68,0.2148,0,247,148,76,76,75,53,53384,3,0,0,0,0,0,0,0
many_aggressors,11,hegemony-4,hegemony,0,61,collapsed,0,167,0,13,0.0,0,51,50,17,17,27,10,402,1,0,0,0,0,0,0,0
many_aggressors,11,peace-1,peace,0,51,conquered,0,242,0,22,0.0,0,0,60,0,0,33,32,311,2,0,0,0,0,0,0,0
many_aggressors,12,hegemony-1,hegemony,1,280,,146661,146661,160,160,0.625,1,232,96,131,131,20,48,40370,3,1,0,1,98,0,0,0
many_aggressors,12,hegemony-2,hegemony,0,39,collapsed,0,177,0,14,0.0,0,25,39,6,6,20,14,290,3,1,0,0,12,0,0,0
many_aggressors,12,hegemony-3,hegemony,0,73,collapsed,0,270,0,20,0.0,0,54,53,10,10,27,19,682,4,1,0,0,33,0,0,0
many_aggressors,12,hegemony-4,hegemony,0,175,collapsed,0,6496,0,43,0.0,0,145,164,53,53,77,30,17723,4,1,0,0,134,0,0,0
many_aggressors,12,peace-1,peace,0,280,conquered,0,58721,0,56,0.0,0,0,104,0,0,56,55,35504,4,4,0,1,277,0,0,0
many_aggressors,13,hegemony-1,hegemony,0,36,collapsed,0,155,0,11,0.0,0,27,27,9,9,18,9,226,1,0,0,0,0,0,0,0
many_aggressors,13,hegemony-2,hegemony,1,300,,83971,85859,97,105,0.3789,0,273,159,141,141,72,27,83388,3,0,0,0,0,0,0,0
many_aggressors,13,hegemony-3,hegemony,1,300,,115399,117350,129,132,0.5039,1,240,182,134,134,66,60,79813,3,0,0,0,0,0,0,0
many_aggressors,13,hegemony-4,hegemony,0,73,collapsed,0,376,0,27,0.0,0,54,66,23,23,40,19,704,4,0,0,0,0,0,0,0
many_aggressors,13,peace-1,peace,0,131,conquered,0,1239,0,40,0.0,0,0,160,0,0,111,110,2170,3,0,0,0,0,0,0,0
many_aggressors,14,hegemony-1,hegemony,1,300,,52701,58561,65,74,0.2539,0,268,282,152,152,120,32,75180,4,0,0,0,0,0,0,0
many_aggressors,14,hegemony-2,hegemony,1,300,,128906,128906,144,144,0.5625,1,267,89,141,141,31,33,53497,3,0,0,0,0,0,0,0
many_aggressors,14,hegemony-3,hegemony,0,205,conquered,0,14002,0,52,0.0,0,161,205,63,63,107,43,33230,3,0,0,0,0,0,0,0
many_aggressors,14,hegemony-4,hegemony,0,107,collapsed,0,1188,0,36,0.0,0,72,99,18,18,51,35,2735,3,0,0,0,0,0,0,0
many_aggressors,14,peace-1,peace,0,65,conquered,0,242,0,20,0.0,0,0,93,0,0,65,64,298,3,0,0,0,0,0,0,0
many_aggressors,15,hegemony-1,hegemony,1,300,,66833,70674,79,86,0.3086,0,267,177,113,113,68,33,75606,3,0,0,0,0,0,0,0
many_aggressors,15,hegemony-2,hegemony,0,77,collapsed,0,266,0,24,0.0,0,64,61,22,22,29,13,721,2,0,0,0,0,0,0,0
many_aggressors,15,hegemony-3,hegemony,0,45,collapsed,0,150,0,11,0.0,0,33,35,5,5,17,12,275,1,0,0,0,0,0,0,0
many_aggressors,15,hegemony-4,hegemony,1,300,,87649,87649,103,103,0.4023,1,257,207,135,135,76,43,72634,2,0,0,0,0,0,0,0
many_aggressors,15,peace-1,peace,0,148,conquered,0,2544,0,44,0.0,0,0,141,0,0,85,84,3689,2,0,0,0,0,0,0,0
many_aggressors,16,hegemony-1,hegemony,1,300,,88822,94179,101,111,0.3945,0,258,189,131,131,72,41,76018,3,1,0,1,42,0,0,0
many_aggressors,16,hegemony-2,hegemony,0,88,collapsed,0,492,0,28,0.0,0,59,57,11,11,38,29,1254,1,0,0,0,0,0,0,0
many_aggressors,16,hegemony-3,hegemony,1,300,,130093,130093,145,145,0.5664,1,266,159,162,162,51,33,68676,3,1,0,1,12,0,0,0
many_aggressors,16,hegemony-4,hegemony,0,43,collapsed,0,183,0,14,0.0,0,30,27,7,7,19,13,290,2,0,0,0,0,0,0,0
many_aggressors,16,peace-1,peace,0,157,conquered,0,3014,0,47,0.0,0,0,181,0,0,131,130,5586,3,2,0,2,54,0,0,0
many_aggressors,17,hegemony-1,hegemony,1,300,,75255,76940,88,92,0.3438,0,274,181,132,132,71,26,80093,2,0,0,0,0,0,0,0
many_aggressors,17,hegemony-2,hegemony,0,49,collapsed,0,171,0,13,0.0,0,34,36,8,8,20,15,340,3,0,0,0,0,0,0,0
many_aggressors,17,hegemony-3,hegemony,0,30,conquered,0,168,0,12,0.0,0,19,35,7,7,19,11,219,2,0,0,0,0,0,0,0
many_aggressors,17,hegemony-4,hegemony,1,300,,83303,83744,97,98,0.3789,1,274,217,150,150,80,26,79558,4,0,0,0,0,0,0,0
many_aggressors,17,peace-1,peace,0,111,collapsed,0,296,0,26,0.0,0,0,132,0,0,107,109,505,3,0,0,0,0,0,0,0
many_aggressors,18,hegemony-1,hegemony,1,300,,159502,159502,172,172,0.6719,1,266,51,140,140,3,34,40332,3,1,0,1,18,0,0,0
many_aggressors,18,hegemony-2,hegemony,0,80,collapsed,0,181,0,15,0.0,0,65,68,24,24,38,15,582,1,0,0,0,0,0,0,0
many_aggressors,18,hegemony-3,hegemony,0,47,collapsed,0,177,0,13,0.0,0,32,30,5,5,17,15,313,2,0,0,0,0,0,0,0
many_aggressors,18,hegemony-4,hegemony,0,140,collapsed,0,1495,0,50,0.0,0,98,97,38,38,51,42,3536,3,1,0,0,53,0,0,0
many_aggressors,18,peace-1,peace,1,300,,42303,78741,44,103,0.1719,0,0,215,0,0,98,141,42793,3,2,0,1,71,0,0,0
many_aggressors,19,hegemony-1,hegemony,1,300,,85517,87927,98,102,0.3828,1,241,194,102,102,64,59,78017,2,0,0,0,0,0,0,0
many_aggressors,19,hegemony-2,hegemony,0,116,collapsed,0,2154,0,42,0.0,0,89,114,36,36,60,26,4361,4,0,0,0,0,0,0,0
many_aggressors,19,hegemony-3,hegemony,0,72,conquered,0,624,0,27,0.0,0,50,70,19,19,42,22,994,3,0,0,0,0,0,0,0
many_aggressors,19,hegemony-4,hegemony,1,300,,69252,69252,84,84,0.3281,0,259,206,116,116,74,41,80677,3,0,0,0,0,0,0,0
many_aggressors,19,peace-1,peace,0,50,conquered,0,263,0,20,0.0,0,0,55,0,0,33,32,308,2,0,0,0,0,0,0,0
many_aggressors,20,hegemony-1,hegemony,0,158,collapsed,0,7040,0,52,0.0,0,127,161,57,57,86,30,14415,4,0,0,0,0,0,0,0
many_aggressors,20,hegemony-2,hegemony,0,50,collapsed,0,217,0,17,0.0,0,30,37,4,4,22,20,361,4,1,0,0,21,0,0,0
many_aggressors,20,hegemony-3,hegemony,1,300,,129287,129847,146,147,0.5703,1,251,140,139,139,43,49,66224,4,1,0,1,1,0,0,0
many_aggressors,20,hegemony-4,hegemony,1,300,,31710,46821,42,70,0.1641,0,274,230,109,109,94,26,83419,3,0,0,0,0,0,0,0
many_aggressors,20,peace-1,peace,0,96,conquered,0,805,0,33,0.0,0,0,114,0,0,64,63,1219,3,2,0,1,22,0,0,0
many_aggressors,21,hegemony-1,hegemony,1,300,,117288,117288,133,134,0.5195,1,270,203,154,154,52,30,71388,4,0,0,0,0,0,0,0
many_aggressors,21,hegemony-2,hegemony,1,300,,29716,47335,40,75,0.1562,0,254,208,88,88,95,46,87202,2,0,0,0,0,0,0,0
many_aggressors,21,hegemony-3,hegemony,0,109,collapsed,0,1177,0,34,0.0,0,89,118,37,37,57,20,2937,4,0,0,0,0,0,0,0
many_aggressors,21,hegemony-4,hegemony,0,91,collapsed,0,864,0,42,0.0,0,51,82,9,9,46,40,1755,3,0,0,0,0,0,0,0
many_aggressors,21,peace-1,peace,0,40,conquered,0,206,0,15,0.0,0,0,53,0,0,38,37,184,3,0,0,0,0,0,0,0
many_aggressors,22,hegemony-1,hegemony,0,58,collapsed,0,227,0,17,0.0,0,44,74,26,26,38,14,441,3,1,0,0,36,0,0,0
many_aggressors,22,hegemony-2,hegemony,0,55,collapsed,0,187,0,14,0.0,0,42,41,13,13,26,13,325,2,0,0,0,0,0,0,0
many_aggressors,22,hegemony-3,hegemony,1,300,,131688,131688,143,143,0.5586,1,234,165,118,118,42,66,50341,2,1,0,1,164,0,0,0
many_aggressors,22,hegemony-4,hegemony,0,227,collapsed,0,14017,0,48,0.0,0,197,170,67,67,95,30,42197,3,1,0,0,179,0,0,0
many_aggressors,22,peace-1,peace,1,300,,87930,88191,95,103,0.3711,0,0,67,0,0,23,117,17838,4,3,0,1,379,0,0,0
many_aggressors,23,hegemony-1,hegemony,0,90,collapsed,0,404,0,23,0.0,0,76,71,26,26,35,14,1126,3,1,0,1,5,0,0,0
many_aggressors,23,hegemony-2,hegemony,1,300,,138112,138250,153,153,0.5977,1,250,98,136,136,34,50,59567,2,0,0,0,0,0,0,0
many_aggressors,23,hegemony-3,hegemony,1,300,,72376,74274,85,93,0.332,0,270,162,117,117,63,30,63226,4,0,0,0,0,0,0,0
many_aggressors,23,hegemony-4,hegemony,0,42,conquered,0,160,0,13,0.0,0,29,44,10,10,23,12,297,3,1,0,1,17,0,0,0
many_aggressors,23,peace-1,peace,0,206,conquered,0,19513,0,76,0.0,0,0,250,0,0,134,133,25479,4,2,0,2,22,0,0,0
many_aggressors,24,hegemony-1,hegemony,0,30,collapsed,0,146,0,9,0.0,0,19,21,4,4,15,11,185,1,0,0,0,0,0,0,0
many_aggressors,24,hegemony-2,hegemony,0,192,collapsed,0,16756,0,56,0.0,0,154,159,57,57,95,38,29275,3,0,0,0,0,0,0,0
many_aggressors,24,hegemony-3,hegemony,1,300,,96432,98731,109,114,0.4258,0,276,211,161,161,77,24,73379,4,0,0,0,0,0,0,0
many_aggressors,24,hegemony-4,hegemony,1,300,,126298,127280,141,143,0.5508,1,254,123,143,143,49,46,62013,3,0,0,0,0,0,0,0
many_aggressors,24,peace-1,peace,0,139,conquered,0,1432,0,40,0.0,0,0,189,0,0,129,128,2846,3,0,0,0,0,0,0,0
many_aggressors,25,hegemony-1,hegemony,0,123,collapsed,0,2381,0,41,0.0,0,92,116,28,28,56,31,4948,4,0,0,0,0,0,0,0
many_aggressors,25,hegemony-2,hegemony,0,75,collapsed,0,645,0,23,0.0,0,62,78,26,26,39,13,1073,4,0,0,0,0,0,0,0
many_aggressors,25,hegemony-3,hegemony,1,300,,98701,98701,115,115,0.4492,1,261,171,129,129,54,39,71306,3,0,0,0,0,0,0,0
many_aggressors,25,hegemony-4,hegemony,1,300,,38614,49193,49,72,0.1914,0,262,239,109,109,99,38,83982,4,0,0,0,0,0,0,0
many_aggressors,25,peace-1,peace,0,56,conquered,0,199,0,23,0.0,0,0,73,0,0,44,43,296,3,0,0,0,0,0,0,0
many_aggressors,26,hegemony-1,hegemony,0,25,collapsed,0,132,0,8,0.0,0,15,18,2,2,11,10,157,1,0,0,0,0,0,0,0
many_aggressors,26,hegemony-2,hegemony,1,300,,98243,98243,105,105,0.4102,1,258,268,134,134,72,42,69181,3,1,0,0,247,0,0,0
many_aggressors,26,hegemony-3,hegemony,0,117,collapsed,0,1262,0,33,0.0,0,81,85,18,18,51,36,3169,2,0,0,0,0,0,0,0
many_aggressors,26,hegemony-4,hegemony,1,300,,25462,36643,34,59,0.1328,0,270,189,89,89,86,30,79965,4,1,0,0,101,0,0,0
many_aggressors,26,peace-1,peace,1,300,,71931,71931,60,65,0.2344,0,0,64,0,0,23,82,802,2,2,0,0,348,0,0,0
many_aggressors,27,hegemony-1,hegemony,1,300,,70571,71482,84,86,0.3281,0,261,225,124,124,79,38,80181,4,2,0,2,4,0,0,0
many_aggressors,27,hegemony-2,hegemony,1,300,,71963,72352,85,87,0.332,1,274,188,131,131,73,26,79516,4,1,0,1,1,0,0,0
many_aggressors,27,hegemony-3,hegemony,0,86,collapsed,0,757,0,30,0.0,0,62,97,23,23,45,24,1390,4,1,0,1,2,0,0,0
many_aggressors,27,hegemony-4,hegemony,0,129,collapsed,0,1902,0,35,0.0,0,99,104,29,29,55,30,4962,3,0,0,0,0,0,0,0
many_aggressors,27,peace-1,peace,0,61,conquered,0,211,0,19,0.0,0,0,82,0,0,55,54,279,3,2,0,2,3,0,0,0
many_aggressors,28,hegemony-1,hegemony,0,87,collapsed,0,254,0,18,0.0,0,67,70,19,19,38,20,810,2,1,0,0,63,0,0,0
many_aggressors,28,hegemony-2,hegemony,1,300,,48932,50536,58,62,0.2266,0,272,246,121,121,91,27,60095,4,1,0,0,210,0,0,0
many_aggressors,28,hegemony-3,hegemony,1,300,,44409,44409,55,55,0.2148,0,260,247,107,107,93,40,60998,3,1,0,0,263,0,0,0
many_aggressors,28,hegemony-4,hegemony,0,159,collapsed,0,2771,0,29,0.0,0,133,169,46,46,71,26,7436,2,0,0,0,0,0,0,0
many_aggressors,28,peace-1,peace,1,300,,106350,106350,91,91,0.3555,1,0,0,0,0,0,90,0,3,3,0,0,536,0,0,0
many_aggressors,29,hegemony-1,hegemony,1,300,,74992,75733,89,90,0.3477,0,262,181,121,121,71,38,81433,2,1,0,1,1,0,0,0
many_aggressors,29,hegemony-2,hegemony,1,300,,87225,88341,100,104,0.3906,1,255,195,127,127,73,45,83147,4,1,0,1,17,0,0,0
many_aggressors,29,hegemony-3,hegemony,0,57,conquered,0,279,0,19,0.0,0,40,62,21,21,38,16,496,3,1,0,0,11,0,0,0
many_aggressors,29,hegemony-4,hegemony,0,75,collapsed,0,221,0,19,0.0,0,57,57,24,24,35,18,676,3,0,0,0,0,0,0,0
many_aggressors,29,peace-1,peace,0,113,conquered,0,1455,0,36,0.0,0,0,119,0,0,76,75,2182,4,3,0,2,29,0,0,0
many_aggressors,30,hegemony-1,hegemony,1,300,,69396,70276,83,85,0.3242,0,254,191,110,110,74,46,81058,3,0,0,0,0,0,0,0
many_aggressors,30,hegemony-2,hegemony,0,37,collapsed,0,155,0,11,0.0,0,28,37,9,9,18,9,268,2,0,0,0,0,0,0,0
many_aggressors,30,hegemony-3,hegemony,1,300,,76285,76285,90,90,0.3516,1,265,190,123,123,69,35,79553,4,1,0,1,9,0,0,0
many_aggressors,30,hegemony-4,hegemony,0,48,collapsed,0,171,0,16,0.0,0,31,45,7,7,24,17,335,3,0,0,0,0,0,0,0
many_aggressors,30,peace-1,peace,0,109,conquered,0,1858,0,47,0.0,0,0,115,0,0,64,63,2658,2,1,0,1,9,0,0,0
many_aggressors,31,hegemony-1,hegemony,1,300,,139274,139274,156,156,0.6094,1,273,163,175,175,46,26,64532,4,0,0,0,0,0,0,0
many_aggressors,31,hegemony-2,hegemony,1,300,,17921,44064,27,76,0.1055,0,263,208,100,100,111,37,86069,4,0,0,0,0,0,0,0
many_aggressors,31,hegemony-3,hegemony,0,138,collapsed,0,3753,0,50,0.0,0,107,157,57,57,85,31,7249,4,0,0,0,0,0,0,0
many_aggressors,31,hegemony-4,hegemony,0,102,collapsed,0,709,0,27,0.0,0,89,92,48,48,60,13,1387,4,0,0,0,0,0,0,0
many_aggressors,31,peace-1,peace,0,85,conquered,0,195,0,27,0.0,0,0,112,0,0,78,77,360,4,0,0,0,0,0,0,0
many_aggressors,32,hegemony-1,hegemony,1,300,,126184,126184,144,144,0.5625,1,266,163,155,155,46,34,69304,4,1,0,0,67,0,0,0
many_aggressors,32,hegemony-2,hegemony,0,57,collapsed,0,318,0,23,0.0,0,34,65,8,8,31,23,553,2,0,0,0,0,0,0,0
many_aggressors,32,hegemony-3,hegemony,0,90,collapsed,0,984,0,33,0.0,0,60,84,17,17,47,30,1718,4,1,0,1,8,0,0,0
many_aggressors,32,hegemony-4,hegemony,1,300,,19660,42069,28,69,0.1094,0,274,209,113,113,112,26,89772,3,0,0,0,0,0,0,0
many_aggressors,32,peace-1,peace,0,138,conquered,0,3031,0,39,0.0,0,0,113,0,0,57,56,4621,3,2,0,1,75,0,0,0
many_aggressors,33,hegemony-1,hegemony,1,300,,64114,67276,77,84,0.3008,0,258,197,109,109,75,42,73801,3,0,0,0,0,0,0,0
many_aggressors,33,hegemony-2,hegemony,1,300,,68035,69006,83,85,0.3242,1,269,248,135,135,84,31,74914,3,0,0,0,0,0,0,0
many_aggressors,33,hegemony-3,hegemony,0,132,collapsed,0,1977,0,41,0.0,0,117,116,49,49,59,15,5809,4,0,0,0,0,0,0,0
many_aggressors,33,hegemony-4,hegemony,0,74,collapsed,0,423,0,24,0.0,0,50,64,16,16,39,24,832,3,0,0,0,0,0,0,0
many_aggressors,33,peace-1,peace,0,52,collapsed,0,177,0,15,0.0,0,0,69,0,0,52,52,184,3,0,0,0,0,0,0,0
many_aggressors,34,hegemony-1,hegemony,1,300,,46783,54447,59,75,0.2305,0,269,248,130,130,103,31,84363,4,0,0,0,0,0,0,0
many_aggressors,34,hegemony-2,hegemony,0,77,collapsed,0,641,0,28,0.0,0,51,75,17,17,43,26,1057,4,0,0,0,0,0,0,0
many_aggressors,34,hegemony-3,hegemony,1,300,,86678,87309,101,103,0.3945,1,269,177,128,128,59,31,76001,4,0,0,0,0,0,0,0
many_aggressors,34,hegemony-4,hegemony,0,121,collapsed,0,1267,0,33,0.0,0,95,101,32,32,50,26,3657,4,0,0,0,0,0,0,0
many_aggressors,34,peace-1,peace,0,58,conquered,0,283,0,22,0.0,0,0,83,0,0,52,51,307,4,0,0,0,0,0,0,0
many_aggressors,35,hegemony-1,hegemony,0,52,collapsed,0,196,0,17,0.0,0,36,68,18,18,34,16,373,3,1,0,0,13,0,0,0
many_aggressors,35,hegemony-2,hegemony,1,300,,108681,109918,122,124,0.4766,1,217,150,100,100,62,83,79430,2,0,0,0,0,0,0,0
many_aggressors,35,hegemony-3,hegemony,1,300,,73610,73749,87,89,0.3398,0,273,155,126,126,67,27,82182,4,1,0,1,9,0,0,0
many_aggressors,35,hegemony-4,hegemony,0,60,collapsed,0,170,0,13,0.0,0,45,43,16,16,25,15,377,2,0,0,0,0,0,0,0
many_aggressors,35,peace-1,peace,0,148,conquered,0,8284,0,59,0.0,0,0,155,0,0,72,71,11033,3,2,0,1,22,0,0,0
many_aggressors,36,hegemony-1,hegemony,0,227,collapsed,0,25226,0,56,0.0,0,210,232,104,104,121,17,53656,3,0,0,0,0,0,0,0
many_aggressors,36,hegemony-2,hegemony,0,141,collapsed,0,2107,0,32,0.0,0,106,107,28,28,61,35,5844,1,0,0,0,0,0,0,0
many_aggressors,36,hegemony-3,hegemony,1,300,,46309,51534,59,69,0.2305,0,252,226,112,112,102,48,75546,3,0,0,0,0,0,0,0
many_aggressors,36,hegemony-4,hegemony,1,300,,128808,129322,144,145,0.5625,1,243,179,134,134,48,57,48547,3,0,0,0,0,0,0,0
many_aggressors,36,peace-1,peace,0,62,conquered,0,148,0,22,0.0,0,0,67,0,0,46,45,241,2,0,0,0,0,0,0,0
many_aggressors,37,hegemony-1,hegemony,0,149,conquered,0,4409,0,45,0.0,0,116,168,56,56,89,32,9860,3,0,0,0,0,0,0,0
many_aggressors,37,hegemony-2,hegemony,1,269,,154663,154663,176,176,0.6875,1,244,109,164,164,14,25,37883,3,0,0,0,0,0,0,0
many_aggressors,37,hegemony-3,hegemony,0,97,collapsed,0,672,0,25,0.0,0,71,85,27,27,51,26,1597,3,0,0,0,0,0,0,0
many_aggressors,37,hegemony-4,hegemony,0,269,collapsed,0,24054,0,57,0.0,0,239,220,98,98,126,30,60925,4,0,0,0,0,0,0,0
many_aggressors,37,peace-1,peace,0,67,conquered,0,191,0,15,0.0,0,0,88,0,0,65,64,207,3,0,0,0,0,0,0,0
many_aggressors,38,hegemony-1,hegemony,0,33,collapsed,0,157,0,11,0.0,0,21,26,4,4,16,12,209,2,0,0,0,0,0,0,0
many_aggressors,38,hegemony-2,hegemony,1,300,,105063,109133,117,126,0.457,1,260,131,126,126,50,40,75041,2,0,0,0,0,0,0,0
many_aggressors,38,hegemony-3,hegemony,1,300,,97757,97757,112,112,0.4375,0,259,175,126,126,56,41,74343,4,0,0,0,0,0,0,0
many_aggressors,38,hegemony-4,hegemony,0,76,collapsed,0,328,0,22,0.0,0,60,63,20,20,33,16,831,2,0,0,0,0,0,0,0
many_aggressors,38,peace-1,peace,0,162,conquered,0,7984,0,58,0.0,0,0,205,0,0,121,120,11194,2,0,0,0,0,0,0,0
many_aggressors,39,hegemony-1,hegemony,1,300,,16568,39842,26,81,0.1016,0,278,219,117,117,114,22,86784,4,0,0,0,0,0,0,0
many_aggressors,39,hegemony-2,hegemony,0,115,conquered,0,1344,0,28,0.0,0,89,85,35,35,62,26,2502,3,0,0,0,0,0,0,0
many_aggressors,39,hegemony-3,hegemony,0,37,collapsed,0,168,0,12,0.0,0,26,25,7,7,18,11,240,1,0,0,0,0,0,0,0
many_aggressors,39,hegemony-4,hegemony,1,300,,145454,145454,162,162,0.6328,1,262,181,168,168,45,38,66664,3,0,0,0,0,0,0,0
many_aggressors,39,peace-1,peace,0,100,conquered,0,780,0,37,0.0,0,0,145,0,0,88,87,1229,3,0,0,0,0,0,0,0
many_aggressors,40,hegemony-1,hegemony,1,300,,112705,112705,128,128,0.5,1,244,232,142,142,71,56,74535,3,0,0,0,0,0,0,0
many_aggressors,40,hegemony-2,hegemony,0,56,collapsed,0,185,0,14,0.0,0,42,40,9,9,22,14,401,2,0,0,0,0,0,0,0
many_aggressors,40,hegemony-3,hegemony,1,300,,52352,57891,64,78,0.25,0,279,189,130,130,88,21,81591,3,0,0,0,0,0,0,0
many_aggressors,40,hegemony-4,hegemony,0,126,collapsed,0,1760,0,48,0.0,0,93,103,35,35,62,33,4083,4,0,0,0,0,0,0,0
many_aggressors,40,peace-1,peace,0,78,conquered,0,258,0,25,0.0,0,0,94,0,0,73,72,411,4,0,0,0,0,0,0,0
many_aggressors,41,hegemony-1,hegemony,1,300,,91161,92066,106,108,0.4141,1,241,197,114,114,68,59,78441,4,0,0,0,0,0,0,0
many_aggressors,41,hegemony-2,hegemony,0,63,collapsed,0,153,0,17,0.0,0,49,64,16,16,30,14,416,3,0,0,0,0,0,0,0
many_aggressors,41,hegemony-3,hegemony,1,300,,71624,77627,84,92,0.3281,0,266,187,122,122,73,34,80820,2,0,0,0,0,0,0,0
many_aggressors,41,hegemony-4,hegemony,0,73,collapsed,0,187,0,16,0.0,0,58,60,17,17,26,15,554,3,1,0,0,30,0,0,0
many_aggressors,41,peace-1,peace,0,100,conquered,0,888,0,33,0.0,0,0,106,0,0,72,71,1229,4,1,0,0,30,0,0,0
many_aggressors,42,hegemony-1,hegemony,1,300,,76428,80496,88,95,0.3438,1,255,194,115,115,72,44,79788,3,1,0,1,29,0,0,0
many_aggressors,42,hegemony-2,hegemony,0,94,collapsed,0,687,0,29,0.0,0,76,117,44,44,55,18,1458,4,0,0,0,0,0,0,0
many_aggressors,42,hegemony-3,hegemony,1,300,,60685,60685,76,76,0.2969,0,275,221,137,137,87,25,81410,3,1,0,1,29,0,0,0
many_aggressors,42,hegemony-4,hegemony,0,86,collapsed,0,285,0,19,0.0,0,64,59,14,14,36,22,792,1,0,0,0,0,0,0,0
many_aggressors,42,peace-1,peace,0,61,collapsed,0,212,0,21,0.0,0,0,79,0,0,60,61,280,3,0,0,0,0,0,0,0
many_aggressors,43,hegemony-1,hegemony,0,146,collapsed,0,2741,0,35,0.0,0,112,97,35,35,59,34,7106,2,0,0,0,0,0,0,0
many_aggressors,43,hegemony-2,hegemony,0,106,collapsed,0,1507,0,36,0.0,0,77,126,41,41,68,29,2740,4,0,0,0,0,0,0,0
many_aggressors,43,hegemony-3,hegemony,1,300,,76507,76507,91,91,0.3555,0,275,222,146,146,81,25,82015,4,0,0,0,0,0,0,0
many_aggressors,43,hegemony-4,hegemony,1,300,,100219,102705,113,117,0.4414,1,253,154,125,125,60,47,78342,3,0,0,0,0,0,0,0
many_aggressors,43,peace-1,peace,0,81,conquered,0,381,0,29,0.0,0,0,118,0,0,79,78,600,3,0,0,0,0,0,0,0
many_aggressors,44,hegemony-1,hegemony,1,300,,161180,161180,174,174,0.6797,1,234,95,124,124,17,66,40709,4,1,0,1,102,0,0,0
many_aggressors,44,hegemony-2,hegemony,0,142,collapsed,0,1842,0,35,0.0,0,118,117,35,35,55,24,5408,3,1,0,0,75,0,0,0
many_aggressors,44,hegemony-3,hegemony,0,44,collapsed,0,177,0,13,0.0,0,31,31,8,8,21,13,291,1,0,0,0,0,0,0,0
many_aggressors,44,hegemony-4,hegemony,0,75,conquered,0,328,0,19,0.0,0,55,63,13,13,33,19,773,2,0,0,0,0,0,0,0
many_aggressors,44,peace-1,peace,1,300,,53479,83641,55,101,0.2148,0,0,132,0,0,54,108,38376,2,2,0,1,177,0,0,0
many_aggressors,45,hegemony-1,hegemony,1,300,,141648,141648,156,156,0.6094,1,243,207,161,161,63,57,68509,4,0,0,0,0,0,0,0
many_aggressors,45,hegemony-2,hegemony,0,84,collapsed,0,162,0,14,0.0,0,70,72,26,26,32,14,529,3,1,0,0,13,0,0,0
many_aggressors,45,hegemony-3,hegemony,1,300,,61887,73725,74,89,0.2891,0,272,129,105,105,60,28,78887,2,0,0,0,0,0,0,0
many_aggressors,45,hegemony-4,hegemony,0,79,conquered,0,163,0,14,0.0,0,66,82,26,26,39,12,495,3,1,0,0,39,0,0,0
many_aggressors,45,peace-1,peace,0,164,conquered,0,399,0,25,0.0,0,0,161,0,0,124,123,1065,4,2,0,0,52,0,0,0
many_aggressors,46,hegemony-1,hegemony,0,43,collapsed,0,220,0,17,0.0,0,25,38,3,3,20,18,296,2,0,0,0,0,0,0,0
many_aggressors,46,hegemony-2,hegemony,1,300,,136924,136924,148,148,0.5781,1,261,91,131,131,23,39,50422,3,1,0,1,66,0,0,0
many_aggressors,46,hegemony-3,hegemony,0,68,collapsed,0,419,0,28,0.0,0,40,84,15,15,43,28,779,3,0,0,0,0,0,0,0
many_aggressors,46,hegemony-4,hegemony,0,194,collapsed,0,7953,0,45,0.0,0,166,145,58,58,80,28,25409,4,0,0,0,0,0,0,0
many_aggressors,46,peace-1,peace,1,300,,79471,105170,82,112,0.3203,0,0,134,0,0,41,122,29118,2,1,0,1,66,0,0,0
many_aggressors,47,hegemony-1,hegemony,0,85,conquered,0,518,0,23,0.0,0,64,71,25,25,46,20,1014,3,0,0,0,0,0,0,0
many_aggressors,47,hegemony-2,hegemony,1,300,,132531,132531,150,150,0.5859,1,260,170,148,148,39,40,65239,4,0,0,0,0,0,0,0
many_aggressors,47,hegemony-3,hegemony,0,120,collapsed,0,2010,0,42,0.0,0,96,130,48,48,70,24,4025,4,0,0,0,0,0,0,0
many_aggressors,47,hegemony-4,hegemony,1,300,,17044,40757,26,69,0.1016,0,274,219,103,103,104,26,84735,3,0,0,0,0,0,0,0
many_aggressors,47,peace-1,peace,0,68,collapsed,0,221,0,23,0.0,0,0,104,0,0,65,68,309,4,0,0,0,0,0,0,0
many_aggressors,48,hegemony-1,hegemony,0,61,collapsed,0,157,0,12,0.0,0,48,51,15,15,27,13,371,1,0,0,0,0,0,0,0
many_aggressors,48,hegemony-2,hegemony,0,137,collapsed,0,1322,0,57,0.0,0,90,90,31,31,50,46,3731,3,1,0,0,53,0,0,0
many_aggressors,48,hegemony-3,hegemony,1,300,,157909,157909,171,171,0.668,1,273,60,151,151,8,27,41325,3,1,0,1,15,0,0,0
many_aggressors,48,hegemony-4,hegemony,0,50,collapsed,0,213,0,15,0.0,0,37,31,6,6,19,13,391,2,1,0,1,1,0,0,0
many_aggressors,48,peace-1,peace,1,300,,5428,55611,6,87,0.0234,0,0,216,0,0,99,104,47411,3,3,0,2,69,0,0,0
many_aggressors,49,hegemony-1,hegemony,0,240,collapsed,0,21491,0,62,0.0,0,195,238,72,72,114,45,50883,3,0,0,0,0,0,0,0
many_aggressors,49,hegemony-2,hegemony,1,300,,107567,107567,121,122,0.4727,1,244,169,116,116,52,56,63001,3,1,0,1,1,0,0,0
many_aggressors,49,hegemony-3,hegemony,0,102,collapsed,0,571,0,26,0.0,0,76,75,22,22,45,26,1750,1,0,0,0,0,0,0,0
many_aggressors,49,hegemony-4,hegemony,1,300,,82516,82843,96,97,0.375,0,270,172,118,118,53,30,70369,3,0,0,0,0,0,0,0
many_aggressors,49,peace-1,peace,0,102,conquered,0,1121,0,41,0.0,0,0,131,0,0,64,63,1614,2,1,0,1,1,0,0,0
many_aggressors,50,hegemony-1,hegemony,1,300,,24978,43569,33,68,0.1289,0,253,252,91,91,106,47,90057,4,1,0,0,229,0,0,0
many_aggressors,50,hegemony-2,hegemony,0,67,conquered,0,403,0,28,0.0,0,43,88,18,18,43,24,707,4,1,0,0,28,0,0,0
many_aggressors,50,hegemony-3,hegemony,0,84,collapsed,0,315,0,21,0.0,0,62,69,22,22,39,22,962,2,0,0,0,0,0,0,0
many_aggressors,50,hegemony-4,hegemony,1,300,,93804,93804,101,101,0.3945,1,257,206,112,112,55,43,74961,3,1,0,0,245,0,0,0
many_aggressors,50,peace-1,peace,1,300,,102394,102394,86,86,0.3359,0,0,0,0,0,0,85,0,3,3,0,0,502,0,0,0
many_aggressors,51,hegemony-1,hegemony,1,300,,119424,119424,139,139,0.543,1,276,184,166,166,52,24,48846,3,0,0,0,0,0,0,0
many_aggressors,51,hegemony-2,hegemony,0,92,collapsed,0,375,0,19,0.0,0,71,70,18,18,36,21,1103,1,0,0,0,0,0,0,0
many_aggressors,51,hegemony-3,hegemony,0,170,collapsed,0,5921,0,38,0.0,0,145,184,70,70,93,25,14235,3,0,0,0,0,0,0,0
many_aggressors,51,hegemony-4,hegemony,1,300,,2182,22658,8,53,0.0312,0,253,256,88,88,128,47,66054,3,0,0,0,0,0,0,0
many_aggressors,51,peace-1,peace,0,50,conquered,0,135,0,16,0.0,0,0,51,0,0,33,32,172,2,0,0,0,0,0,0,0
many_aggressors,52,hegemony-1,hegemony,1,300,,115946,115946,130,130,0.5078,1,262,227,151,151,60,38,74243,3,0,0,0,0,0,0,0
many_aggressors,52,hegemony-2,hegemony,1,300,,58696,60626,72,82,0.2812,0,259,145,94,94,64,41,76401,3,0,0,0,0,0,0,0
many_aggressors,52,hegemony-3,hegemony,0,163,collapsed,0,4428,0,49,0.0,0,146,125,61,61,69,17,11537,4,1,0,1,4,0,0,0
many_aggressors,52,hegemony-4,hegemony,0,59,collapsed,0,186,0,14,0.0,0,43,44,11,11,25,16,414,2,0,0,0,0,0,0,0
many_aggressors,52,peace-1,peace,0,107,collapsed,0,698,0,36,0.0,0,0,169,0,0,99,100,1147,4,1,0,1,4,0,0,0
many_aggressors,53,hegemony-1,hegemony,0,109,collapsed,0,1134,0,38,0.0,0,76,118,30,30,59,33,2712,4,1,0,0,37,0,0,0
many_aggressors,53,hegemony-2,hegemony,1,300,,182735,182735,196,196,0.7656,1,253,46,154,154,6,47,40871,3,1,0,1,78,0,0,0
many_aggressors,53,hegemony-3,hegemony,0,133,collapsed,0,1638,0,29,0.0,0,109,109,36,36,51,24,4760,4,1,0,0,108,0,0,0
many_aggressors,53,hegemony-4,hegemony,0,42,collapsed,0,204,0,16,0.0,0,26,32,5,5,21,16,301,2,0,0,0,0,0,0,0
many_aggressors,53,peace-1,peace,1,300,,15998,62498,17,86,0.0664,0,0,159,0,0,88,104,48978,3,3,0,1,223,0,0,0
many_aggressors,54,hegemony-1,hegemony,0,135,collapsed,0,2445,0,34,0.0,0,103,154,37,37,69,32,5433,3,1,0,0,40,0,0,0
many_aggressors,54,hegemony-2,hegemony,0,41,collapsed,0,160,0,11,0.0,0,31,29,5,5,14,10,263,1,0,0,0,0,0,0,0
many_aggressors,54,hegemony-3,hegemony,1,300,,14423,31728,22,60,0.0859,0,251,259,86,86,114,49,79247,4,1,0,0,260,0,0,0
many_aggressors,54,hegemony-4,hegemony,1,300,,104442,104442,113,113,0.4414,1,257,200,124,124,55,43,63188,3,1,0,0,234,0,0,0
many_aggressors,54,peace-1,peace,1,300,,89602,89602,75,75,0.293,0,0,0,0,0,0,74,0,3,3,0,0,534,0,0,0
many_aggressors,55,hegemony-1,hegemony,1,300,,91988,93553,105,107,0.4102,1,247,153,114,114,63,53,77757,2,0,0,0,0,0,0,0
many_aggressors,55,hegemony-2,hegemony,1,300,,82227,82227,97,97,0.3789,0,254,187,118,118,68,46,78064,3,0,0,0,0,0,0,0
many_aggressors,55,hegemony-3,hegemony,0,137,collapsed,0,3693,0,42,0.0,0,123,167,73,73,87,14,7886,4,0,0,0,0,0,0,0
many_aggressors,55,hegemony-4,hegemony,0,116,collapsed,0,1631,0,39,0.0,0,81,123,33,33,68,35,3484,3,0,0,0,0,0,0,0
many_aggressors,55,peace-1,peace,0,66,conquered,0,210,0,24,0.0,0,0,75,0,0,52,51,327,2,0,0,0,0,0,0,0
many_aggressors,56,hegemony-1,hegemony,0,42,collapsed,0,162,0,11,0.0,0,31,30,5,5,15,11,264,2,1,0,0,4,0,0,0
many_aggressors,56,hegemony-2,hegemony,1,300,,120917,121761,134,136,0.5234,1,247,154,134,134,54,53,73269,3,1,0,1,3,0,0,0
many_aggressors,56,hegemony-3,hegemony,1,300,,109279,111260,122,127,0.4766,0,262,128,134,134,49,36,72736,3,0,0,0,0,0,0,0
many_aggressors,56,hegemony-4,hegemony,0,67,collapsed,0,247,0,21,0.0,0,53,60,17,17,28,14,586,4,1,0,0,18,0,0,0
many_aggressors,56,peace-1,peace,0,168,conquered,0,3872,0,47,0.0,0,0,221,0,0,144,143,7437,4,3,0,1,25,0,0,0
many_aggressors,57,hegemony-1,hegemony,1,300,,144252,144252,156,156,0.6094,1,263,55,125,125,7,37,45604,3,1,0,1,112,0,0,0
many_aggressors,57,hegemony-2,hegemony,0,144,collapsed,0,2504,0,40,0.0,0,118,124,51,51,68,26,7448,4,1,0,0,91,0,0,0
many_aggressors,57,hegemony-3,hegemony,0,85,collapsed,0,646,0,31,0.0,0,57,90,28,28,56,28,1259,3,0,0,0,0,0,0,0
many_aggressors,57,hegemony-4,hegemony,0,47,conquered,0,256,0,20,0.0,0,26,47,9,9,30,20,374,2,0,0,0,0,0,0,0
many_aggressors,57,peace-1,peace,1,300,,75699,92191,78,112,0.3047,0,0,148,0,0,52,129,38265,2,2,0,1,203,0,0,0
many_aggressors,58,hegemony-1,hegemony,0,59,conquered,0,270,0,20,0.0,0,38,57,11,11,32,20,453,3,0,0,0,0,0,0,0
many_aggressors,58,hegemony-2,hegemony,0,102,collapsed,0,1045,0,34,0.0,0,78,100,39,39,57,24,1965,4,0,0,0,0,0,0,0
many_aggressors,58,hegemony-3,hegemony,1,300,,97485,97485,112,112,0.4375,1,280,200,156,156,65,20,78187,3,0,0,0,0,0,0,0
many_aggressors,58,hegemony-4,hegemony,1,300,,48483,57006,60,74,0.2344,0,265,206,111,111,87,35,85375,3,0,0,0,0,0,0,0
many_aggressors,58,peace-1,peace,0,79,conquered,0,153,0,20,0.0,0,0,98,0,0,76,75,228,3,0,0,0,0,0,0,0
many_aggressors,59,hegemony-1,hegemony,1,300,,16012,40070,26,67,0.1016,0,272,237,98,98,101,28,84669,3,0,0,0,0,0,0,0
many_aggressors,59,hegemony-2,hegemony,0,61,collapsed,0,181,0,13,0.0,0,49,48,11,11,23,12,438,1,0,0,0,0,0,0,0
many_aggressors,59,hegemony-3,hegemony,1,300,,123511,123511,140,140,0.5469,1,257,195,137,137,41,43,65646,2,0,0,0,0,0,0,0
many_aggressors,59,hegemony-4,hegemony,0,101,collapsed,0,651,0,37,0.0,0,77,77,24,24,34,24,1521,2,0,0,0,0,0,0,0
many_aggressors,59,peace-1,peace,0,72,collapsed,0,215,0,20,0.0,0,0,98,0,0,71,72,283,2,0,0,0,0,0,0,0
many_aggressors,60,hegemony-1,hegemony,1,300,,41575,58536,51,83,0.1992,0,281,179,117,117,86,19,86684,3,0,0,0,0,0,0,0
many_aggressors,60,hegemony-2,hegemony,0,118,collapsed,0,1194,0,33,0.0,0,94,73,29,29,44,24,2816,2,0,0,0,0,0,0,0
many_aggressors,60,hegemony-3,hegemony,0,91,collapsed,0,643,0,25,0.0,0,71,102,38,38,55,20,1271,4,0,0,0,0,0,0,0
many_aggressors,60,hegemony-4,hegemony,1,300,,114149,114149,131,131,0.5117,1,251,233,147,147,66,49,73943,4,0,0,0,0,0,0,0
many_aggressors,60,peace-1,peace,0,84,collapsed,0,301,0,26,0.0,0,0,110,0,0,80,83,434,3,0,0,0,0,0,0,0
many_aggressors,61,hegemony-1,hegemony,0,133,collapsed,0,2186,0,37,0.0,0,105,117,45,45,68,28,5884,4,0,0,0,0,0,0,0
many_aggressors,61,hegemony-2,hegemony,0,82,conquered,0,582,0,25,0.0,0,58,87,29,29,53,23,1094,4,0,0,0,0,0,0,0
many_aggressors,61,hegemony-3,hegemony,1,300,,78582,78582,93,93,0.3633,0,255,233,137,137,89,44,81162,4,1,0,1,21,0,0,0
many_aggressors,61,hegemony-4,hegemony,1,300,,81890,84889,94,99,0.3672,1,265,159,131,131,73,35,80841,4,1,0,1,21,0,0,0
many_aggressors,61,peace-1,peace,0,60,collapsed,0,224,0,20,0.0,0,0,87,0,0,59,60,292,4,0,0,0,0,0,0,0
many_aggressors,62,hegemony-1,hegemony,0,133,collapsed,0,3055,0,39,0.0,0,117,113,54,54,69,16,5774,4,0,0,0,0,0,0,0
many_aggressors,62,hegemony-2,hegemony,1,300,,139178,139178,156,156,0.6094,1,242,156,137,137,40,58,62323,2,0,0,0,0,0,0,0
many_aggressors,62,hegemony-3,hegemony,1,300,,15499,37105,25,71,0.0977,0,267,267,117,117,126,33,82873,4,0,0,0,0,0,0,0
many_aggressors,62,hegemony-4,hegemony,0,92,collapsed,0,753,0,29,0.0,0,70,84,25,25,47,22,1473,3,0,0,0,0,0,0,0
many_aggressors,62,peace-1,peace,0,66,conquered,0,200,0,23,0.0,0,0,76,0,0,51,50,303,3,0,0,0,0,0,0,0
many_aggressors,63,hegemony-1,hegemony,1,300,,80396,80396,95,95,0.3711,1,262,199,127,127,71,38,79429,4,1,0,1,12,0,0,0
many_aggressors,63,hegemony-2,hegemony,0,56,collapsed,0,269,0,20,0.0,0,42,76,17,17,31,14,495,4,0,0,0,0,0,0,0
many_aggressors,63,hegemony-3,hegemony,1,300,,63491,67299,75,82,0.293,0,266,185,119,119,78,33,83380,3,0,0,0,0,0,0,0
many_aggressors,63,hegemony-4,hegemony,0,67,collapsed,0,205,0,16,0.0,0,47,50,14,14,27,20,480,2,0,0,0,0,0,0,0
many_aggressors,63,peace-1,peace,0,106,conquered,0,1954,0,48,0.0,0,0,107,0,0,70,69,2469,3,1,0,1,12,0,0,0
many_aggressors,64,hegemony-1,hegemony,0,211,collapsed,0,9601,0,53,0.0,0,172,188,63,63,98,39,28807,4,1,0,1,1,0,0,0
many_aggressors,64,hegemony-2,hegemony,0,61,collapsed,0,467,0,28,0.0,0,44,72,27,27,44,17,644,4,0,0,0,0,0,0,0
many_aggressors,64,hegemony-3,hegemony,1,300,,37119,43297,49,61,0.1914,0,267,297,129,129,114,33,80873,4,0,0,0,0,0,0,0
many_aggressors,64,hegemony-4,hegemony,1,300,,99539,99539,115,115,0.4492,1,270,123,127,127,42,29,55351,4,0,0,0,0,0,0,0
many_aggressors,64,peace-1,peace,0,49,collapsed,0,203,0,19,0.0,0,0,73,0,0,48,48,220,4,1,0,1,1,0,0,0
many_aggressors,65,hegemony-1,hegemony,0,168,collapsed,0,4473,0,38,0.0,0,149,134,56,56,70,19,13837,4,0,0,0,0,0,0,0
many_aggressors,65,hegemony-2,hegemony,0,46,conquered,0,253,0,18,0.0,0,29,45,7,7,24,16,364,4,0,0,0,0,0,0,0
many_aggressors,65,hegemony-3,hegemony,0,95,collapsed,0,818,0,28,0.0,0,84,97,39,39,48,11,1902,4,0,0,0,0,0,0,0
many_aggressors,65,hegemony-4,hegemony,1,168,,52699,52699,94,94,0.3672,1,144,79,83,83,14,24,8889,3,0,0,0,0,0,0,0
many_aggressors,65,peace-1,peace,0,33,collapsed,0,147,0,11,0.0,0,0,51,0,0,29,30,143,3,0,0,0,0,0,0,0
many_aggressors,66,hegemony-1,hegemony,1,300,,82140,84970,95,99,0.3711,0,256,158,116,116,66,44,79639,2,1,0,1,1,0,0,0
many_aggressors,66,hegemony-2,hegemony,0,81,collapsed,0,348,0,21,0.0,0,64,68,22,22,33,17,930,3,1,0,0,57,0,0,0
many_aggressors,66,hegemony-3,hegemony,1,300,,104130,104130,118,118,0.4609,1,258,175,136,136,61,42,76941,4,0,0,0,0,0,0,0
many_aggressors,66,hegemony-4,hegemony,0,59,collapsed,0,285,0,19,0.0,0,41,63,13,13,31,18,512,2,0,0,0,0,0,0,0
many_aggressors,66,peace-1,peace,0,137,conquered,0,1948,0,39,0.0,0,0,155,0,0,96,95,3676,3,2,0,1,58,0,0,0
many_aggressors,67,hegemony-1,hegemony,0,77,collapsed,0,615,0,28,0.0,0,61,72,27,27,43,16,906,4,0,0,0,0,0,0,0
many_aggressors,67,hegemony-2,hegemony,1,300,,90151,90684,105,106,0.4102,1,271,188,138,138,63,29,76256,4,0,0,0,0,0,0,0
many_aggressors,67,hegemony-3,hegemony,1,300,,51926,59609,64,79,0.25,0,261,216,107,107,83,39,83776,3,0,0,0,0,0,0,0
many_aggressors,67,hegemony-4,hegemony,0,106,collapsed,0,1571,0,38,0.0,0,83,104,34,34,56,23,2867,4,0,0,0,0,0,0,0
many_aggressors,67,peace-1,peace,0,61,conquered,0,209,0,22,0.0,0,0,96,0,0,61,60,305,3,0,0,0,0,0,0,0
many_aggressors,68,hegemony-1,hegemony,0,99,collapsed,0,1166,0,36,0.0,0,73,106,30,30,56,26,2506,4,1,0,1,1,0,0,0
many_aggressors,68,hegemony-2,hegemony,1,300,,117094,117094,134,134,0.5234,1,259,195,149,149,57,41,65439,4,0,0,0,0,0,0,0
many_aggressors,68,hegemony-3,hegemony,0,58,collapsed,0,435,0,24,0.0,0,47,61,23,23,34,11,638,4,0,0,0,0,0,0,0
many_aggressors,68,hegemony-4,hegemony,1,300,,8438,34558,17,58,0.0664,0,265,227,97,97,116,35,83184,4,0,0,0,0,0,0,0
many_aggressors,68,peace-1,peace,0,39,conquered,0,153,0,16,0.0,0,0,55,0,0,36,35,175,4,1,0,1,1,0,0,0
many_aggressors,69,hegemony-1,hegemony,1,300,,59175,70321,70,93,0.2734,0,267,148,110,110,74,33,83540,2,0,0,0,0,0,0,0
many_aggressors,69,hegemony-2,hegemony,0,70,collapsed,0,233,0,18,0.0,0,50,52,15,15,29,20,587,2,0,0,0,0,0,0,0
many_aggressors,69,hegemony-3,hegemony,0,58,conquered,0,255,0,18,0.0,0,42,70,20,20,36,15,513,2,0,0,0,0,0,0,0
many_aggressors,69,hegemony-4,hegemony,1,300,,136372,136372,152,153,0.5938,1,258,162,154,154,45,42,71159,4,1,0,1,26,0,0,0
many_aggressors,69,peace-1,peace,0,143,conquered,0,2620,0,53,0.0,0,0,185,0,0,115,114,4656,2,1,0,1,26,0,0,0
many_aggressors,70,hegemony-1,hegemony,1,300,,116252,119789,129,134,0.5039,1,257,112,129,129,44,43,69583,3,0,0,0,0,0,0,0
many_aggressors,70,hegemony-2,hegemony,0,75,collapsed,0,579,0,24,0.0,0,56,57,19,19,38,19,963,4,1,0,1,21,0,0,0
many_aggressors,70,hegemony-3,hegemony,1,300,,97238,98391,111,113,0.4336,0,261,153,129,129,58,39,72744,4,0,0,0,0,0,0,0
many_aggressors,70,hegemony-4,hegemony,0,57,collapsed,0,250,0,19,0.0,0,37,50,14,14,33,20,489,2,0,0,0,0,0,0,0
many_aggressors,70,peace-1,peace,0,185,conquered,0,15088,0,70,0.0,0,0,239,0,0,118,117,19798,3,1,0,1,21,0,0,0
many_aggressors,71,hegemony-1,hegemony,0,80,collapsed,0,635,0,28,0.0,0,58,80,28,28,49,22,1079,4,0,0,0,0,0,0,0
many_aggressors,71,hegemony-2,hegemony,1,300,,137505,137505,154,154,0.6016,1,278,127,169,169,38,22,59214,4,0,0,0,0,0,0,0
many_aggressors,71,hegemony-3,hegemony,1,300,,12435,29622,22,65,0.0859,0,252,300,113,113,140,48,82899,4,0,0,0,0,0,0,0
many_aggressors,71,hegemony-4,hegemony,0,169,collapsed,0,4416,0,44,0.0,0,139,135,47,47,73,30,13012,4,0,0,0,0,0,0,0
many_aggressors,71,peace-1,peace,0,58,collapsed,0,201,0,22,0.0,0,0,85,0,0,57,58,263,4,0,0,0,0,0,0,0
many_aggressors,72,hegemony-1,hegemony,0,174,conquered,0,10527,0,56,0.0,0,149,166,65,65,90,24,23242,4,0,0,0,0,0,0,0
many_aggressors,72,hegemony-2,hegemony,1,291,,153620,153620,175,175,0.6836,1,257,135,165,165,25,34,46912,4,0,0,0,0,0,0,0
many_aggressors,72,hegemony-3,hegemony,0,291,collapsed,0,29581,0,57,0.0,0,250,243,81,81,120,41,74427,3,0,0,0,0,0,0,0
many_aggressors,72,hegemony-4,hegemony,0,72,collapsed,0,634,0,36,0.0,0,43,88,19,19,48,29,1004,4,0,0,0,0,0,0,0
many_aggressors,72,peace-1,peace,0,50,collapsed,0,211,0,19,0.0,0,0,67,0,0,47,49,221,3,0,0,0,0,0,0,0
many_aggressors,73,hegemony-1,hegemony,0,39,collapsed,0,160,0,11,0.0,0,27,32,8,8,19,12,242,2,0,0,0,0,0,0,0
many_aggressors,73,hegemony-2,hegemony,1,300,,101455,101455,113,113,0.4414,0,262,171,129,129,55,38,45544,3,1,0,1,181,0,0,0
many_aggressors,73,hegemony-3,hegemony,0,229,collapsed,0,10208,0,37,0.0,0,195,191,69,69,99,34,33232,4,1,0,1,7,0,0,0
many_aggressors,73,hegemony-4,hegemony,0,44,collapsed,0,219,0,16,0.0,0,33,52,17,17,27,11,331,3,0,0,0,0,0,0,0
many_aggressors,73,peace-1,peace,1,300,,105033,105897,115,121,0.4492,1,0,71,0,0,23,137,18205,2,2,0,2,188,0,0,0
many_aggressors,74,hegemony-1,hegemony,1,300,,108535,108535,122,122,0.4766,1,254,107,116,116,41,46,67967,2,0,0,0,0,0,0,0
many_aggressors,74,hegemony-2,hegemony,1,300,,100595,102486,114,117,0.4453,0,262,147,125,125,50,38,69685,3,1,0,1,45,0,0,0
many_aggressors,74,hegemony-3,hegemony,0,51,collapsed,0,204,0,16,0.0,0,35,35,5,5,21,16,356,1,0,0,0,0,0,0,0
many_aggressors,74,hegemony-4,hegemony,0,87,collapsed,0,453,0,25,0.0,0,70,93,26,26,38,17,1261,2,0,0,0,0,0,0,0
many_aggressors,74,peace-1,peace,0,187,conquered,0,14918,0,63,0.0,0,0,239,0,0,122,121,21116,2,1,0,1,45,0,0,0
many_aggressors,75,hegemony-1,hegemony,0,102,collapsed,0,1024,0,29,0.0,0,73,92,26,26,55,29,2296,4,0,0,0,0,0,0,0
many_aggressors,75,hegemony-2,hegemony,1,300,,71993,75495,86,92,0.3359,0,269,191,126,126,71,30,81920,4,0,0,0,0,0,0,0
many_aggressors,75,hegemony-3,hegemony,1,300,,110583,111898,123,125,0.4805,1,242,149,113,113,49,58,74259,4,1,0,1,1,0,0,0
many_aggressors,75,hegemony-4,hegemony,0,145,collapsed,0,5549,0,50,0.0,0,113,152,52,52,82,32,11292,4,0,0,0,0,0,0,0
many_aggressors,75,peace-1,peace,0,79,conquered,0,468,0,32,0.0,0,0,113,0,0,60,59,638,4,1,0,1,1,0,0,0
many_aggressors,76,hegemony-1,hegemony,1,300,,112746,114662,126,130,0.4922,1,233,148,113,113,55,67,77266,4,1,0,1,23,0,0,0
many_aggressors,76,hegemony-2,hegemony,0,94,collapsed,0,580,0,25,0.0,0,74,104,36,36,54,20,1438,4,1,0,0,62,0,0,0
many_aggressors,76,hegemony-3,hegemony,0,83,conquered,0,293,0,18,0.0,0,64,73,21,21,41,19,869,4,1,0,0,38,0,0,0
many_aggressors,76,hegemony-4,hegemony,1,300,,98071,98074,112,112,0.4375,0,262,148,120,120,47,38,74286,4,0,0,0,0,0,0,0
many_aggressors,76,peace-1,peace,0,148,conquered,0,4042,0,41,0.0,0,0,160,0,0,93,92,6633,4,3,0,1,123,0,0,0
many_aggressors,77,hegemony-1,hegemony,0,52,collapsed,0,139,0,13,0.0,0,41,55,20,20,28,11,322,2,0,0,0,0,0,0,0
many_aggressors,77,hegemony-2,hegemony,1,300,,68524,74129,81,97,0.3164,0,272,175,131,131,79,28,85817,2,0,0,0,0,0,0,0
many_aggressors,77,hegemony-3,hegemony,1,300,,111612,111817,125,126,0.4883,1,258,181,146,146,64,42,78672,4,0,0,0,0,0,0,0
many_aggressors,77,hegemony-4,hegemony,0,51,collapsed,0,144,0,9,0.0,0,40,39,14,14,22,11,260,2,0,0,0,0,0,0,0
many_aggressors,77,peace-1,peace,0,121,conquered,0,811,0,40,0.0,0,0,161,0,0,118,117,1473,2,0,0,0,0,0,0,0
many_aggressors,78,hegemony-1,hegemony,0,58,conquered,0,285,0,20,0.0,0,38,55,7,7,28,20,495,3,0,0,0,0,0,0,0
many_aggressors,78,hegemony-2,hegemony,1,300,,137473,137473,151,151,0.5898,1,271,157,164,164,43,29,71456,3,0,0,0,0,0,0,0
many_aggressors,78,hegemony-3,hegemony,1,300,,52055,60697,65,88,0.2539,0,253,219,108,108,91,47,85868,4,0,0,0,0,0,0,0
many_aggressors,78,hegemony-4,hegemony,0,144,collapsed,0,4776,0,41,0.0,0,119,106,39,39,62,25,9227,4,0,0,0,0,0,0,0
many_aggressors,78,peace-1,peace,0,110,conquered,0,413,0,30,0.0,0,0,144,0,0,94,93,823,4,0,0,0,0,0,0,0
many_aggressors,79,hegemony-1,hegemony,1,300,,1797,32918,7,67,0.0273,0,266,293,123,123,151,34,83818,4,0,0,0,0,0,0,0
many_aggressors,79,hegemony-2,hegemony,0,96,collapsed,0,474,0,22,0.0,0,73,85,31,31,54,23,1246,4,0,0,0,0,0,0,0
many_aggressors,79,hegemony-3,hegemony,0,213,collapsed,0,13721,0,53,0.0,0,185,194,73,73,98,28,32721,3,0,0,0,0,0,0,0
many_aggressors,79,hegemony-4,hegemony,1,300,,183711,183711,203,203,0.793,1,260,81,174,174,12,40,43183,4,0,0,0,0,0,0,0
many_aggressors,79,peace-1,peace,0,87,conquered,0,365,0,28,0.0,0,0,131,0,0,86,85,624,3,0,0,0,0,0,0,0
many_aggressors,80,hegemony-1,hegemony,0,50,collapsed,0,271,0,18,0.0,0,35,45,14,14,29,15,417,4,0,0,0,0,0,0,0
many_aggressors,80,hegemony-2,hegemony,0,80,collapsed,0,551,0,28,0.0,0,61,87,27,27,44,19,1198,4,0,0,0,0,0,0,0
many_aggressors,80,hegemony-3,hegemony,1,300,,95528,95528,113,113,0.4414,1,275,211,163,163,76,25,68243,4,0,0,0,0,0,0,0
many_aggressors,80,hegemony-4,hegemony,1,300,,7113,33714,15,59,0.0586,0,267,246,113,113,132,33,83759,4,0,0,0,0,0,0,0
many_aggressors,80,peace-1,peace,0,36,conquered,0,179,0,16,0.0,0,0,49,0,0,36,35,169,4,0,0,0,0,0,0,0
many_aggressors,81,hegemony-1,hegemony,0,63,collapsed,0,256,0,16,0.0,0,50,43,17,17,26,13,563,4,0,0,0,0,0,0,0
many_aggressors,81,hegemony-2,hegemony,1,179,,77474,77474,118,118,0.4609,1,156,108,116,116,22,23,11202,4,1,0,1,1,0,0,0
many_aggressors,81,hegemony-3,hegemony,0,179,collapsed,0,6920,0,44,0.0,0,147,149,56,56,85,32,17886,4,0,0,0,0,0,0,0
many_aggressors,81,hegemony-4,hegemony,0,88,conquered,0,852,0,30,0.0,0,65,68,22,22,45,22,1608,4,0,0,0,0,0,0,0
many_aggressors,81,peace-1,peace,0,36,collapsed,0,166,0,14,0.0,0,0,50,0,0,33,33,156,4,1,0,1,1,0,0,0
many_aggressors,82,hegemony-1,hegemony,1,300,,96407,96407,109,109,0.4258,1,255,235,133,133,70,45,61672,4,1,0,0,243,0,0,0
many_aggressors,82,hegemony-2,hegemony,1,300,,393,23159,4,47,0.0156,0,271,242,92,92,118,29,77612,3,1,0,0,257,0,0,0
many_aggressors,82,hegemony-3,hegemony,0,58,collapsed,0,246,0,19,0.0,0,37,67,14,14,33,21,488,4,1,0,0,26,0,0,0
many_aggressors,82,hegemony-4,hegemony,0,46,conquered,0,228,0,17,0.0,0,28,47,8,8,26,17,333,2,0,0,0,0,0,0,0
many_aggressors,82,peace-1,peace,1,300,,58790,58790,49,49,0.1914,0,0,0,0,0,0,48,0,3,3,0,0,526,0,0,0
many_aggressors,83,hegemony-1,hegemony,0,91,conquered,0,758,0,31,0.0,0,76,94,38,38,54,15,1568,3,0,0,0,0,0,0,0
many_aggressors,83,hegemony-2,hegemony,1,300,,118692,118692,134,134,0.5234,1,262,183,148,148,52,37,68188,4,0,0,0,0,0,0,0
many_aggressors,83,hegemony-3,hegemony,1,300,,17016,39131,28,70,0.1094,0,261,202,91,91,103,39,85492,2,0,0,0,0,0,0,0
many_aggressors,83,hegemony-4,hegemony,0,106,collapsed,0,1247,0,36,0.0,0,85,140,47,47,67,21,2760,4,0,0,0,0,0,0,0
many_aggressors,83,peace-1,peace,0,49,conquered,0,184,0,15,0.0,0,0,65,0,0,48,47,189,3,0,0,0,0,0,0,0
many_aggressors,84,hegemony-1,hegemony,0,162,collapsed,0,5660,0,39,0.0,0,125,161,43,43,78,37,12853,3,0,0,0,0,0,0,0
many_aggressors,84,hegemony-2,hegemony,1,300,,11327,37295,20,57,0.0781,0,233,237,76,76,123,66,72230,2,0,0,0,0,0,0,0
many_aggressors,84,hegemony-3,hegemony,0,103,collapsed,0,873,0,27,0.0,0,82,76,27,27,46,21,2259,3,0,0,0,0,0,0,0
many_aggressors,84,hegemony-4,hegemony,1,300,,130106,130106,148,148,0.5781,1,278,203,174,174,49,22,55271,4,0,0,0,0,0,0,0
many_aggressors,84,peace-1,peace,0,40,conquered,0,139,0,12,0.0,0,0,41,0,0,24,23,136,2,0,0,0,0,0,0,0
many_aggressors,85,hegemony-1,hegemony,0,156,collapsed,0,5606,0,44,0.0,0,134,143,63,63,81,22,12845,4,0,0,0,0,0,0,0
many_aggressors,85,hegemony-2,hegemony,1,300,,86984,88011,100,103,0.3906,0,252,160,111,111,60,48,75682,3,0,0,0,0,0,0,0
many_aggressors,85,hegemony-3,hegemony,1,300,,88283,89333,102,105,0.3984,1,261,185,129,129,67,39,77672,4,0,0,0,0,0,0,0
many_aggressors,85,hegemony-4,hegemony,0,106,collapsed,0,1493,0,41,0.0,0,72,133,31,31,64,34,3054,4,0,0,0,0,0,0,0
many_aggressors,85,peace-1,peace,0,64,collapsed,0,336,0,26,0.0,0,0,98,0,0,62,62,396,3,0,0,0,0,0,0,0
many_aggressors,86,hegemony-1,hegemony,0,73,collapsed,0,227,0,17,0.0,0,55,64,19,19,36,18,671,2,0,0,0,0,0,0,0
many_aggressors,86,hegemony-2,hegemony,1,300,,83432,83814,97,99,0.3789,0,265,185,132,132,71,35,80026,3,0,0,0,0,0,0,0
many_aggressors,86,hegemony-3,hegemony,0,83,collapsed,0,397,0,21,0.0,0,65,85,25,25,39,18,1051,4,1,0,0,61,0,0,0
many_aggressors,86,hegemony-4,hegemony,1,300,,85571,86152,99,100,0.3867,1,239,170,112,112,75,61,81074,4,1,0,1,15,0,0,0
many_aggressors,86,peace-1,peace,0,127,conquered,0,4187,0,45,0.0,0,0,120,0,0,67,66,5112,3,2,0,1,76,0,0,0
many_aggressors,87,hegemony-1,hegemony,1,300,,104576,104576,119,119,0.4648,1,235,203,112,112,58,64,78011,3,0,0,0,0,0,0,0
many_aggressors,87,hegemony-2,hegemony,0,113,collapsed,0,1927,0,36,0.0,0,92,104,42,42,62,21,3621,4,0,0,0,0,0,0,0
many_aggressors,87,hegemony-3,hegemony,1,300,,66324,69821,79,92,0.3086,0,272,182,125,125,75,28,84122,4,0,0,0,0,0,0,0
many_aggressors,87,hegemony-4,hegemony,0,88,collapsed,0,638,0,26,0.0,0,65,86,29,29,50,23,1200,4,0,0,0,0,0,0,0
many_aggressors,87,peace-1,peace,0,69,conquered,0,210,0,21,0.0,0,0,89,0,0,63,62,331,3,0,0,0,0,0,0,0
many_aggressors,88,hegemony-1,hegemony,1,300,,180650,180650,194,194,0.7578,1,257,114,173,173,23,43,48444,4,1,0,1,111,0,0,0
many_aggressors,88,hegemony-2,hegemony,0,63,collapsed,0,336,0,23,0.0,0,40,50,10,10,30,23,605,3,0,0,0,0,0,0,0
many_aggressors,88,hegemony-3,hegemony,0,245,collapsed,0,22815,0,57,0.0,0,196,188,60,60,106,49,56470,3,0,0,0,0,0,0,0
many_aggressors,88,hegemony-4,hegemony,0,78,collapsed,0,429,0,25,0.0,0,55,76,16,16,39,23,1042,3,0,0,0,0,0,0,0
many_aggressors,88,peace-1,peace,1,300,,27416,68750,28,75,0.1094,0,0,120,0,0,61,88,25357,3,1,0,1,111,0,0,0
many_aggressors,89,hegemony-1,hegemony,1,300,,137818,137818,150,150,0.5859,1,261,220,154,154,44,39,42649,3,1,0,1,194,0,0,0
many_aggressors,89,hegemony-2,hegemony,0,258,collapsed,0,17736,0,60,0.0,0,196,198,48,48,107,62,47894,3,1,0,0,217,0,0,0
many_aggressors,89,hegemony-3,hegemony,0,81,collapsed,0,322,0,21,0.0,0,60,59,17,17,36,21,899,1,0,0,0,0,0,0,0
many_aggressors,89,hegemony-4,hegemony,0,47,collapsed,0,163,0,11,0.0,0,37,36,12,12,21,10,296,2,1,0,0,27,0,0,0
many_aggressors,89,peace-1,peace,1,300,,67301,90238,71,85,0.2773,0,0,41,0,0,23,93,14203,3,3,0,1,438,0,0,0
many_aggressors,90,hegemony-1,hegemony,0,165,collapsed,0,6909,0,48,0.0,0,139,164,65,65,88,26,14730,4,0,0,0,0,0,0,0
many_aggressors,90,hegemony-2,hegemony,0,47,collapsed,0,222,0,16,0.0,0,33,41,7,7,21,14,380,3,0,0,0,0,0,0,0
many_aggressors,90,hegemony-3,hegemony,1,300,,121694,121808,135,136,0.5273,1,264,168,154,154,56,36,72005,3,0,0,0,0,0,0,0
many_aggressors,90,hegemony-4,hegemony,1,300,,78021,81251,92,97,0.3594,0,260,148,113,113,62,40,75469,3,0,0,0,0,0,0,0
many_aggressors,90,peace-1,peace,0,119,conquered,0,579,0,36,0.0,0,0,175,0,0,112,111,1233,3,0,0,0,0,0,0,0
many_aggressors,91,hegemony-1,hegemony,1,300,,68787,71837,81,90,0.3164,0,264,191,113,113,68,35,80826,4,0,0,0,0,0,0,0
many_aggressors,91,hegemony-2,hegemony,1,300,,118242,118242,133,133,0.5195,1,237,134,107,107,38,63,69031,2,0,0,0,0,0,0,0
many_aggressors,91,hegemony-3,hegemony,0,103,collapsed,0,1235,0,33,0.0,0,85,101,36,36,54,18,2340,3,0,0,0,0,0,0,0
many_aggressors,91,hegemony-4,hegemony,0,161,collapsed,0,8797,0,61,0.0,0,123,187,58,58,96,38,18480,4,0,0,0,0,0,0,0
many_aggressors,91,peace-1,peace,0,71,conquered,0,225,0,23,0.0,0,0,96,0,0,58,57,359,3,0,0,0,0,0,0,0
many_aggressors,92,hegemony-1,hegemony,0,74,collapsed,0,191,0,15,0.0,0,55,59,15,15,30,19,563,2,1,0,0,59,0,0,0
many_aggressors,92,hegemony-2,hegemony,1,300,,156201,156201,168,168,0.6562,1,229,127,118,118,22,71,42343,3,1,0,1,104,0,0,0
many_aggressors,92,hegemony-3,hegemony,0,196,collapsed,0,8025,0,52,0.0,0,155,152,45,45,84,41,19289,3,1,0,0,120,0,0,0
many_aggressors,92,hegemony-4,hegemony,0,44,collapsed,0,155,0,12,0.0,0,31,34,7,7,20,13,278,1,0,0,0,0,0,0,0
many_aggressors,92,peace-1,peace,1,300,,77158,88395,80,101,0.3125,0,0,98,0,0,29,108,26097,3,3,0,1,283,0,0,0
many_aggressors,93,hegemony-1,hegemony,0,291,collapsed,0,27761,0,50,0.0,0,243,245,77,77,124,48,70486,4,0,0,0,0,0,0,0
many_aggressors,93,hegemony-2,hegemony,0,93,collapsed,0,1198,0,40,0.0,0,56,119,25,25,61,37,2069,4,0,0,0,0,0,0,0
many_aggressors,93,hegemony-3,hegemony,0,203,conquered,0,17850,0,58,0.0,0,179,209,84,84,109,24,37134,4,0,0,0,0,0,0,0
many_aggressors,93,hegemony-4,hegemony,1,291,,167787,167787,189,189,0.7383,1,262,86,172,172,13,29,41020,4,0,0,0,0,0,0,0
many_aggressors,93,peace-1,peace,0,55,conquered,0,213,0,20,0.0,0,0,81,0,0,51,50,280,4,0,0,0,0,0,0,0
many_aggressors,94,hegemony-1,hegemony,0,71,collapsed,0,200,0,16,0.0,0,55,58,19,19,35,16,552,1,0,0,0,0,0,0,0
many_aggressors,94,hegemony-2,hegemony,0,41,collapsed,0,168,0,12,0.0,0,29,29,6,6,17,12,267,1,0,0,0,0,0,0,0
many_aggressors,94,hegemony-3,hegemony,0,144,collapsed,0,1540,0,42,0.0,0,113,112,39,39,60,31,4170,3,1,0,0,82,0,0,0
many_aggressors,94,hegemony-4,hegemony,1,300,,171021,171021,184,184,0.7188,1,220,84,113,113,10,80,40728,3,1,0,1,93,0,0,0
many_aggressors,94,peace-1,peace,1,300,,58335,90030,60,107,0.2344,0,0,134,0,0,55,114,39542,2,2,0,1,175,0,0,0
many_aggressors,95,hegemony-1,hegemony,0,124,collapsed,0,1042,0,30,0.0,0,94,90,36,36,58,30,2877,4,0,0,0,0,0,0,0
many_aggressors,95,hegemony-2,hegemony,1,300,,88397,89505,102,104,0.3984,1,277,178,153,153,75,23,80321,4,0,0,0,0,0,0,0
many_aggressors,95,hegemony-3,hegemony,1,300,,83347,84748,97,99,0.3789,0,279,196,143,143,68,21,79055,4,0,0,0,0,0,0,0
many_aggressors,95,hegemony-4,hegemony,0,81,collapsed,0,533,0,27,0.0,0,53,97,21,21,47,28,1163,3,0,0,0,0,0,0,0
many_aggressors,95,peace-1,peace,0,117,conquered,0,159,0,23,0.0,0,0,142,0,0,105,104,314,3,0,0,0,0,0,0,0
many_aggressors,96,hegemony-1,hegemony,0,269,collapsed,0,23110,0,56,0.0,0,230,213,69,69,105,39,64845,4,0,0,0,0,0,0,0
many_aggressors,96,hegemony-2,hegemony,1,269,,135439,135439,156,156,0.6094,1,242,151,155,155,27,27,45759,4,0,0,0,0,0,0,0
many_aggressors,96,hegemony-3,hegemony,0,49,collapsed,0,244,0,18,0.0,0,34,50,16,16,31,15,371,4,0,0,0,0,0,0,0
many_aggressors,96,hegemony-4,hegemony,0,111,collapsed,0,1453,0,35,0.0,0,94,108,38,38,54,17,3311,3,0,0,0,0,0,0,0
many_aggressors,96,peace-1,peace,0,62,collapsed,0,185,0,15,0.0,0,0,78,0,0,61,62,193,3,0,0,0,0,0,0,0
many_aggressors,97,hegemony-1,hegemony,0,98,conquered,0,889,0,30,0.0,0,70,115,29,29,58,28,2028,3,0,0,0,0,0,0,0
many_aggressors,97,hegemony-2,hegemony,1,300,,80445,81926,94,100,0.3672,0,272,194,143,143,78,28,82601,4,0,0,0,0,0,0,0
many_aggressors,97,hegemony-3,hegemony,0,111,collapsed,0,1204,0,28,0.0,0,84,103,31,31,56,27,2685,4,0,0,0,0,0,0,0
many_aggressors,97,hegemony-4,hegemony,1,300,,83699,83995,97,98,0.3789,1,254,179,124,124,74,46,80513,3,0,0,0,0,0,0,0
many_aggressors,97,peace-1,peace,0,83,conquered,0,230,0,21,0.0,0,0,89,0,0,61,60,432,2,0,0,0,0,0,0,0
many_aggressors,98,hegemony-1,hegemony,0,228,collapsed,0,14106,0,47,0.0,0,196,183,63,63,91,32,40794,4,1,0,1,2,0,0,0
many_aggressors,98,hegemony-2,hegemony,0,66,collapsed,0,464,0,24,0.0,0,41,62,12,12,37,25,784,3,0,0,0,0,0,0,0
many_aggressors,98,hegemony-3,hegemony,0,134,collapsed,0,2820,0,37,0.0,0,104,116,32,32,57,30,6588,3,0,0,0,0,0,0,0
many_aggressors,98,hegemony-4,hegemony,1,228,,117006,117006,140,140,0.5469,1,210,135,137,137,16,18,27987,4,0,0,0,0,0,0,0
many_aggressors,98,peace-1,peace,0,45,collapsed,0,150,0,13,0.0,0,0,55,0,0,43,44,159,2,1,0,1,2,0,0,0
many_aggressors,99,hegemony-1,hegemony,1,300,,30714,47276,42,70,0.1641,0,251,245,96,96,103,48,81070,3,0,0,0,0,0,0,0
many_aggressors,99,hegemony-2,hegemony,1,300,,134373,134373,149,150,0.582,1,265,124,144,144,31,35,61514,3,0,0,0,0,0,0,0
many_aggressors,99,hegemony-3,hegemony,0,169,conquered,0,9072,0,50,0.0,0,147,178,76,76,98,21,19994,4,0,0,0,0,0,0,0
many_aggressors,99,hegemony-4,hegemony,0,93,collapsed,0,1102,0,36,0.0,0,62,89,17,17,47,31,2025,3,0,0,0,0,0,0,0
many_aggressors,99,peace-1,peace,0,55,conquered,0,254,0,23,0.0,0,0,89,0,0,54,53,315,3,0,0,0,0,0,0,0
deterrence,0,hegemony-1,hegemony,0,87,collapsed,0,378,0,20,0.0,0,62,62,12,12,36,25,1021,3,1,0,1,23,0,0,0
deterrence,0,hegemony-2,hegemony,1,300,,5385,39441,12,62,0.0469,0,267,221,92,92,114,33,88668,2,0,0,0,0,0,0,0
deterrence,0,retaliation-1,retaliation,1,300,,225389,225389,244,244,0.9531,1,176,174,95,95,46,75,57558,3,7,0,1,168,81,14,2
deterrence,0,retaliation-2,retaliation,0,166,union,0,43854,0,83,0.0,0,107,94,55,55,27,54,9623,4,4,0,0,109,71,11,0
deterrence,0,peace-1,peace,0,69,union,0,701,0,36,0.0,0,0,61,0,0,31,66,330,4,4,0,0,44,10,3,0
deterrence,1,hegemony-1,hegemony,1,300,,18387,18387,17,50,0.0664,0,196,160,76,76,81,21,38663,4,2,0,1,131,0,0,0
deterrence,1,hegemony-2,hegemony,1,300,,61388,84806,71,98,0.2773,0,264,225,119,119,83,34,82118,3,1,0,1,72,0,0,0
deterrence,1,retaliation-1,retaliation,0,90,union,0,1210,0,38,0.0,0,43,68,10,10,34,39,1731,4,4,0,0,91,19,3,0
deterrence,1,retaliation-2,retaliation,1,300,,167694,167694,168,168,0.6562,1,96,92,49,49,19,121,39272,3,7,0,2,304,19,3,1
deterrence,1,peace-1,peace,0,44,conquered,0,195,0,16,0.0,0,0,54,0,0,37,36,211,4,2,0,0,48,0,0,0
deterrence,2,hegemony-1,hegemony,0,181,collapsed,0,7605,0,43,0.0,0,138,112,31,31,69,43,20335,1,0,0,0,0,0,0,0
deterrence,2,hegemony-2,hegemony,0,84,collapsed,0,432,0,26,0.0,0,59,58,13,13,36,25,1072,3,1,0,0,33,0,0,0
deterrence,2,retaliation-1,retaliation,0,108,union,0,7437,0,70,0.0,0,58,59,36,36,13,46,759,3,5,0,0,132,64,7,0
deterrence,2,retaliation-2,retaliation,1,181,,164586,164586,212,212,0.8281,1,112,108,69,69,21,52,13360,3,7,0,0,167,73,8,2
deterrence,2,peace-1,peace,0,62,union,0,1306,0,44,0.0,0,0,30,0,0,10,50,195,4,5,0,0,80,15,1,0
deterrence,3,hegemony-1,hegemony,1,300,,70434,71734,83,85,0.3242,0,167,120,72,72,50,60,55510,4,2,0,1,168,0,0,0
deterrence,3,hegemony-2,hegemony,1,300,,18362,24215,30,56,0.1172,0,268,148,91,91,94,32,73664,3,0,0,0,0,0,0,0
deterrence,3,retaliation-1,retaliation,0,57,collapsed,0,196,0,16,0.0,0,43,47,13,13,27,14,385,1,0,0,0,0,0,0,0
deterrence,3,retaliation-2,retaliation,1,300,,124791,128965,142,148,0.5547,1,213,320,127,127,102,73,100425,3,4,0,1,187,10,3,1
deterrence,3,peace-1,peace,0,77,union,0,1303,0,43,0.0,0,0,56,0,0,30,72,374,3,4,0,0,59,10,3,0
deterrence,4,hegemony-1,hegemony,0,83,conquered,0,867,0,32,0.0,0,63,75,22,22,43,20,1519,4,2,0,1,52,0,0,0
deterrence,4,hegemony-2,hegemony,1,300,,10400,42532,19,75,0.0742,0,271,218,107,107,118,29,91495,4,1,0,1,79,0,0,0
deterrence,4,retaliation-1,retaliation,0,119,union,0,7190,0,48,0.0,0,69,75,30,30,34,42,4090,3,4,0,1,70,34,2,0
deterrence,4,retaliation-2,retaliation,1,300,,168690,168690,186,186,0.7266,1,178,165,107,107,36,75,65169,4,7,0,1,226,36,2,1
deterrence,4,peace-1,peace,0,44,conquered,0,168,0,16,0.0,0,0,48,0,0,35,34,193,3,2,0,0,31,2,0,0
deterrence,5,hegemony-1,hegemony,1,300,,58266,58266,53,53,0.207,0,50,53,25,25,10,37,460,4,2,0,0,251,0,0,0
deterrence,5,hegemony-2,hegemony,0,69,collapsed,0,227,0,15,0.0,0,53,50,10,10,25,16,589,3,2,0,0,90,0,0,0
deterrence,5,retaliation-1,retaliation,0,71,union,0,2841,0,66,0.0,0,0,0,0,0,0,65,0,2,3,0,0,43,14,6,0
deterrence,5,retaliation-2,retaliation,0,78,union,0,3946,0,66,0.0,0,0,0,0,0,0,65,0,3,5,0,0,108,29,12,0
deterrence,5,peace-1,peace,1,300,,223250,223250,203,203,0.793,1,0,0,0,0,0,70,0,4,8,0,0,394,43,18,2
deterrence,6,hegemony-1,hegemony,0,169,collapsed,0,2563,0,40,0.0,0,129,128,41,41,51,40,8542,3,0,0,0,0,0,0,0
deterrence,6,hegemony-2,hegemony,1,300,,88923,88923,103,103,0.4023,1,269,162,134,134,63,31,74924,3,1,0,1,35,0,0,0
deterrence,6,retaliation-1,retaliation,1,300,,64340,69643,77,85,0.3008,0,202,245,87,87,97,79,82595,4,5,0,1,140,13,1,1
deterrence,6,retaliation-2,retaliation,0,83,union,0,333,0,20,0.0,0,59,61,13,13,30,23,896,2,3,0,0,42,13,1,0
deterrence,6,peace-1,peace,0,81,conquered,0,478,0,28,0.0,0,0,63,0,0,34,33,737,2,1,0,0,63,0,0,0
deterrence,7,hegemony-1,hegemony,0,69,collapsed,0,247,0,18,0.0,0,48,51,14,14,33,21,602,2,0,0,0,0,0,0,0
deterrence,7,hegemony-2,hegemony,0,93,collapsed,0,392,0,22,0.0,0,72,70,18,18,37,21,1189,2,1,0,0,42,0,0,0
deterrence,7,retaliation-1,retaliation,0,132,union,0,12536,0,72,0.0,0,70,72,37,37,18,52,934,3,4,0,0,51,10,5,0
deterrence,7,retaliation-2,retaliation,0,105,union,0,5920,0,68,0.0,0,51,48,33,33,14,48,451,3,4,0,0,53,9,3,0
deterrence,7,peace-1,peace,1,132,,71267,71267,250,250,0.9766,1,0,0,0,0,0,109,0,4,7,0,0,118,19,8,2
deterrence,8,hegemony-1,hegemony,1,300,,62626,84455,74,93,0.2891,0,193,186,89,89,81,65,46868,2,1,0,1,209,0,0,0
deterrence,8,hegemony-2,hegemony,0,160,collapsed,0,5044,0,38,0.0,0,124,95,29,29,60,36,14052,1,0,0,0,0,0,0,0
deterrence,8,retaliation-1,retaliation,0,148,collapsed,0,1249,0,25,0.0,0,120,126,39,39,66,28,3848,1,0,0,0,0,0,0,0
deterrence,8,retaliation-2,retaliation,1,300,,168194,173837,182,182,0.7109,1,161,162,102,102,44,75,44405,2,4,0,1,251,13,2,1
deterrence,8,peace-1,peace,0,58,union,0,1104,0,49,0.0,0,0,29,0,0,8,55,142,2,3,0,0,42,13,2,0
deterrence,9,hegemony-1,hegemony,1,300,,75859,75859,69,69,0.2695,0,40,42,26,26,11,53,322,4,3,0,0,284,0,0,0
deterrence,9,hegemony-2,hegemony,0,58,collapsed,0,212,0,15,0.0,0,42,40,11,11,26,16,431,4,1,0,0,15,0,0,0
deterrence,9,retaliation-1,retaliation,0,87,union,0,5925,0,70,0.0,0,0,0,0,0,0,69,0,3,4,0,0,74,22,3,0
deterrence,9,retaliation-2,retaliation,1,300,,205658,205658,187,187,0.7305,1,0,0,0,0,0,68,0,4,8,0,0,351,33,9,2
deterrence,9,peace-1,peace,0,71,union,0,2804,0,48,0.0,0,0,0,0,0,0,47,0,3,4,0,0,56,11,6,0
deterrence,10,hegemony-1,hegemony,0,56,collapsed,0,146,0,12,0.0,0,45,44,11,11,21,11,328,1,0,0,0,0,0,0,0
deterrence,10,hegemony-2,hegemony,0,273,collapsed,0,26611,0,65,0.0,0,226,209,63,63,107,47,70641,3,1,0,1,11,0,0,0
deterrence,10,retaliation-1,retaliation,0,116,union,0,1856,0,48,0.0,0,71,73,27,27,28,40,1538,3,3,0,0,79,36,8,0
deterrence,10,retaliation-2,retaliation,1,273,,212410,212410,233,233,0.9102,1,182,168,101,101,30,80,48388,3,7,0,1,134,51,10,2
deterrence,10,peace-1,peace,0,63,union,0,1218,0,42,0.0,0,0,30,0,0,16,56,229,2,3,0,0,44,15,2,0
deterrence,11,hegemony-1,hegemony,1,300,,21643,49652,31,75,0.1211,0,269,225,115,115,116,31,90831,4,1,0,1,15,0,0,0
deterrence,11,hegemony-2,hegemony,0,82,collapsed,0,197,0,15,0.0,0,69,68,27,27,38,13,537,2,0,0,0,0,0,0,0
deterrence,11,retaliation-1,retaliation,1,300,,142979,142979,160,160,0.625,1,216,207,116,116,67,76,73018,3,5,0,1,87,12,7,1
deterrence,11,retaliation-2,retaliation,0,88,collapsed,0,280,0,23,0.0,0,73,79,35,35,37,15,801,3,1,0,0,30,0,0,0
deterrence,11,peace-1,peace,0,71,union,0,779,0,35,0.0,0,0,48,0,0,35,68,323,2,3,0,0,42,12,7,0
deterrence,12,hegemony-1,hegemony,1,300,,69489,69489,69,69,0.2695,0,155,55,47,47,21,42,20010,4,3,0,2,49,0,0,0
deterrence,12,hegemony-2,hegemony,0,57,collapsed,0,237,0,17,0.0,0,42,60,14,14,28,15,492,4,2,0,0,29,0,0,0
deterrence,12,retaliation-1,retaliation,0,73,union,0,250,0,16,0.0,0,50,52,16,16,23,17,482,3,3,0,0,54,21,13,0
deterrence,12,retaliation-2,retaliation,0,115,union,0,15849,0,72,0.0,0,39,40,18,18,5,58,2343,3,5,0,1,124,22,9,0
deterrence,12,peace-1,peace,1,300,,188559,188559,187,195,0.7305,1,0,79,0,0,18,121,12957,4,9,0,1,134,43,22,2
deterrence,13,hegemony-1,hegemony,0,101,collapsed,0,599,0,38,0.0,0,73,71,26,26,38,27,1573,4,2,0,0,80,0,0,0
deterrence,13,hegemony-2,hegemony,1,300,,13008,38357,23,72,0.0898,0,257,221,98,98,119,43,88470,3,1,0,1,14,0,0,0
deterrence,13,retaliation-1,retaliation,1,300,,195793,195793,212,212,0.8281,1,186,185,116,116,54,96,67099,3,5,0,1,98,13,4,1
deterrence,13,retaliation-2,retaliation,0,48,collapsed,0,156,0,12,0.0,0,36,38,12,12,23,12,296,2,1,0,0,9,0,0,0
deterrence,13,peace-1,peace,0,85,union,0,3075,0,53,0.0,0,0,37,0,0,18,70,254,4,5,0,0,89,13,4,0
deterrence,14,hegemony-1,hegemony,1,300,,104509,105417,118,120,0.4609,0,263,198,149,149,69,37,78740,4,1,0,1,167,0,0,0
deterrence,14,hegemony-2,hegemony,0,191,collapsed,0,11324,0,46,0.0,0,173,107,56,56,71,17,27784,3,2,0,1,37,0,0,0
deterrence,14,retaliation-1,retaliation,1,300,,125514,138530,138,140,0.5391,1,103,104,49,49,45,73,59232,3,6,0,1,283,50,7,1
deterrence,14,retaliation-2,retaliation,0,108,union,0,8295,0,64,0.0,0,37,73,18,18,26,67,2842,4,5,0,1,106,50,7,0
deterrence,14,peace-1,peace,0,67,conquered,0,246,0,21,0.0,0,0,94,0,0,61,60,333,4,2,0,0,23,0,0,0
deterrence,15,hegemony-1,hegemony,1,300,,3458,46215,8,77,0.0312,0,274,217,92,92,111,26,91548,3,1,0,1,25,0,0,0
deterrence,15,hegemony-2,hegemony,0,115,collapsed,0,887,0,47,0.0,0,75,76,20,20,39,40,2178,3,1,0,0,45,0,0,0
deterrence,15,retaliation-1,retaliation,0,49,collapsed,0,150,0,11,0.0,0,38,39,8,8,19,11,302,1,0,0,0,0,0,0,0
deterrence,15,retaliation-2,retaliation,1,300,,196291,196291,217,217,0.8477,1,181,182,110,110,36,102,61200,2,5,0,1,110,10,3,1
deterrence,15,peace-1,peace,0,69,union,0,902,0,40,0.0,0,0,54,0,0,25,64,266,3,3,0,0,40,10,3,0
deterrence,16,hegemony-1,hegemony,0,221,collapsed,0,18846,0,57,0.0,0,185,153,56,56,90,36,45745,3,1,0,1,4,0,0,0
deterrence,16,hegemony-2,hegemony,0,95,collapsed,0,623,0,28,0.0,0,68,65,16,16,40,27,1680,3,0,0,0,0,0,0,0
deterrence,16,retaliation-1,retaliation,0,74,union,0,1599,0,37,0.0,0,45,47,23,23,14,26,677,3,5,0,0,99,33,12,0
deterrence,16,retaliation-2,retaliation,1,221,,171561,171561,197,197,0.7695,1,132,128,88,88,20,56,28401,4,6,0,1,109,37,15,2
deterrence,16,peace-1,peace,0,67,union,0,1233,0,38,0.0,0,0,37,0,0,19,54,263,3,6,0,0,90,28,13,0
deterrence,17,hegemony-1,hegemony,1,300,,108106,109252,122,124,0.4766,0,276,154,144,144,47,24,76485,4,1,0,1,87,0,0,0
deterrence,17,hegemony-2,hegemony,0,102,collapsed,0,279,0,29,0.0,0,70,66,24,24,34,32,858,4,2,0,0,103,0,0,0
deterrence,17,retaliation-1,retaliation,0,76,collapsed,0,199,0,16,0.0,0,62,73,24,24,33,13,647,4,3,0,0,79,31,0,0
deterrence,17,retaliation-2,retaliation,1,300,,121920,130171,134,145,0.5234,1,141,137,47,47,50,82,76518,4,7,0,1,261,43,4,1
deterrence,17,peace-1,peace,0,158,union,0,16193,0,69,0.0,0,0,119,0,0,75,128,3149,4,5,0,0,92,12,4,0
deterrence,18,hegemony-1,hegemony,1,300,,54291,54291,50,50,0.1953,0,50,51,16,16,23,56,437,2,2,0,0,213,0,0,0
deterrence,18,hegemony-2,hegemony,0,63,collapsed,0,224,0,17,0.0,0,49,46,14,14,28,14,478,1,0,0,0,0,0,0,0
deterrence,18,retaliation-1,retaliation,0,64,union,0,324,0,20,0.0,0,51,50,23,23,16,12,391,2,3,0,0,46,15,3,0
deterrence,18,retaliation-2,retaliation,0,118,union,0,6261,0,79,0.0,0,46,49,28,28,14,64,370,3,4,0,0,67,12,6,0
deterrence,18,peace-1,peace,1,300,,226476,226476,206,206,0.8047,1,0,0,0,0,0,106,0,2,7,0,0,274,27,9,2
deterrence,19,hegemony-1,hegemony,1,300,,76955,76955,70,70,0.2734,0,68,70,41,41,16,44,1068,4,1,0,0,246,0,0,0
deterrence,19,hegemony-2,hegemony,0,98,collapsed,0,507,0,25,0.0,0,70,68,16,16,41,25,1457,2,1,0,0,70,0,0,0
deterrence,19,retaliation-1,retaliation,1,300,,204558,204558,186,186,0.7266,1,0,0,0,0,0,81,0,3,6,0,0,360,38,9,2
deterrence,19,retaliation-2,retaliation,0,63,union,0,1945,0,52,0.0,0,0,0,0,0,0,51,0,2,4,0,0,51,13,6,0
deterrence,19,peace-1,peace,0,73,union,0,3110,0,52,0.0,0,0,0,0,0,0,51,0,3,4,0,0,99,25,3,0
deterrence,20,hegemony-1,hegemony,1,300,,120015,120015,135,135,0.5273,1,217,185,107,107,56,83,79129,4,1,0,1,25,0,0,0
deterrence,20,hegemony-2,hegemony,0,79,collapsed,0,349,0,20,0.0,0,59,57,16,16,33,20,780,4,1,0,0,55,0,0,0
deterrence,20,retaliation-1,retaliation,1,300,,98246,103252,110,118,0.4297,0,155,148,54,54,61,57,81778,4,7,0,1,171,29,5,1
deterrence,20,retaliation-2,retaliation,0,98,collapsed,0,754,0,29,0.0,0,78,92,27,27,42,20,1806,3,2,0,0,51,18,0,0
deterrence,20,peace-1,peace,0,86,union,0,3803,0,59,0.0,0,0,27,0,0,12,70,158,3,3,0,0,40,11,5,0
deterrence,21,hegemony-1,hegemony,1,300,,67051,67051,61,61,0.2383,0,126,82,53,53,14,21,7678,3,2,0,1,155,0,0,0
deterrence,21,hegemony-2,hegemony,1,300,,32965,32965,30,44,0.1172,0,122,96,35,35,31,25,9222,4,2,0,1,216,0,0,0
deterrence,21,retaliation-1,retaliation,0,91,union,0,2468,0,48,0.0,0,53,50,10,10,22,29,1192,3,6,0,0,87,29,14,1
deterrence,21,retaliation-2,retaliation,1,300,,197881,197881,165,165,0.6445,1,0,0,0,0,0,124,53,4,8,0,2,439,12,8,1
deterrence,21,peace-1,peace,0,65,union,0,533,0,34,0.0,0,0,73,0,0,31,52,369,4,4,0,0,79,17,6,0
deterrence,22,hegemony-1,hegemony,1,300,,70363,70363,64,64,0.25,0,34,35,20,20,9,52,250,4,3,0,0,392,0,0,0
deterrence,22,hegemony-2,hegemony,0,47,collapsed,0,187,0,14,0.0,0,35,34,9,9,20,12,318,2,0,0,0,0,0,0,0
deterrence,22,retaliation-1,retaliation,1,300,,211158,211158,192,192,0.75,1,0,0,0,0,0,78,0,2,6,0,0,320,37,21,2
deterrence,22,retaliation-2,retaliation,0,86,union,0,5694,0,66,0.0,0,0,0,0,0,0,65,0,3,5,0,0,110,16,8,0
deterrence,22,peace-1,peace,0,137,union,0,32406,0,47,0.0,0,0,0,0,0,0,46,0,3,4,0,0,172,21,13,0
deterrence,23,hegemony-1,hegemony,0,160,collapsed,0,2714,0,33,0.0,0,144,135,55,55,69,16,8362,4,2,0,1,72,0,0,0
deterrence,23,hegemony-2,hegemony,1,300,,136083,136083,148,148,0.5781,1,218,122,102,102,37,82,34216,2,1,0,1,93,0,0,0
deterrence,23,retaliation-1,retaliation,0,68,union,0,561,0,27,0.0,0,40,58,19,19,27,25,719,4,4,0,0,72,19,2,0
deterrence,23,retaliation-2,retaliation,0,41,collapsed,0,165,0,12,0.0,0,29,29,4,4,16,12,265,3,3,0,0,49,0,0,0
deterrence,23,peace-1,peace,1,300,,100435,130538,103,129,0.4023,0,0,87,0,0,31,115,26028,3,8,0,2,246,19,2,1
deterrence,24,hegemony-1,hegemony,1,290,,181446,181446,195,195,0.7617,1,228,70,145,145,13,62,38454,4,1,0,1,120,0,0,0
deterrence,24,hegemony-2,hegemony,0,113,collapsed,0,770,0,24,0.0,0,90,97,33,33,54,23,2217,3,1,0,0,54,0,0,0
deterrence,24,retaliation-1,retaliation,0,38,collapsed,0,153,0,11,0.0,0,26,27,6,6,17,11,239,2,1,0,0,18,0,0,0
deterrence,24,retaliation-2,retaliation,0,152,collapsed,0,2326,0,31,0.0,0,125,139,50,50,72,27,6779,2,0,0,0,0,0,0,0
deterrence,24,peace-1,peace,0,290,conquered,0,58771,0,73,0.0,0,0,136,0,0,78,77,45994,3,3,0,1,192,0,0,0
deterrence,25,hegemony-1,hegemony,1,300,,27471,54163,37,82,0.1445,0,260,201,101,101,105,40,93486,4,1,0,1,72,0,0,0
deterrence,25,hegemony-2,hegemony,0,107,collapsed,0,1485,0,36,0.0,0,89,86,34,34,49,18,3292,3,1,0,1,20,0,0,0
deterrence,25,retaliation-1,retaliation,0,91,union,0,4493,0,53,0.0,0,42,42,22,22,15,46,1148,3,4,0,1,70,20,8,0
deterrence,25,retaliation-2,retaliation,1,300,,185753,185753,202,202,0.7891,1,184,179,105,105,47,89,71754,2,4,0,1,122,20,8,1
deterrence,25,peace-1,peace,0,62,conquered,0,171,0,18,0.0,0,0,67,0,0,46,45,256,2,0,0,0,0,0,0,0
deterrence,26,hegemony-1,hegemony,1,300,,8251,29877,16,71,0.0625,0,230,226,66,66,120,69,78823,4,1,0,0,221,0,0,0
deterrence,26,hegemony-2,hegemony,1,300,,127926,127926,134,134,0.5234,1,257,260,149,149,59,43,60550,3,1,0,0,257,0,0,0
deterrence,26,retaliation-1,retaliation,0,96,collapsed,0,562,0,28,0.0,0,67,67,14,14,40,29,1584,2,0,0,0,0,0,0,0
deterrence,26,retaliation-2,retaliation,0,45,collapsed,0,139,0,10,0.0,0,33,34,10,10,20,12,260,1,0,0,0,0,0,0,0
deterrence,26,peace-1,peace,1,300,,97005,97005,81,81,0.3164,0,0,0,0,0,0,80,0,2,2,0,0,478,0,0,0
deterrence,27,hegemony-1,hegemony,0,247,collapsed,0,15227,0,45,0.0,0,213,205,71,71,102,34,48317,4,3,0,2,152,0,0,0
deterrence,27,hegemony-2,hegemony,1,300,,75428,84933,81,83,0.3164,0,245,205,122,122,64,22,48494,4,2,0,2,152,0,0,0
deterrence,27,retaliation-1,retaliation,0,94,union,0,6613,0,59,0.0,0,28,19,15,15,7,50,603,4,5,0,1,106,39,6,0
deterrence,27,retaliation-2,retaliation,1,300,,168848,207358,175,176,0.6836,1,35,27,17,17,9,107,10184,3,6,0,2,348,39,6,1
deterrence,27,peace-1,peace,0,55,conquered,0,194,0,18,0.0,0,0,65,0,0,43,42,263,3,2,0,1,12,0,0,0
deterrence,28,hegemony-1,hegemony,1,300,,55915,55915,51,51,0.1992,0,104,103,54,54,35,31,1417,3,2,0,0,289,0,0,0
deterrence,28,hegemony-2,hegemony,0,124,collapsed,0,484,0,20,0.0,0,103,104,35,35,54,21,1731,2,1,0,0,88,0,0,0
deterrence,28,retaliation-1,retaliation,1,300,,225449,225449,205,205,0.8008,1,0,0,0,0,0,94,0,2,6,0,0,362,31,14,2
deterrence,28,retaliation-2,retaliation,0,81,union,0,4509,0,59,0.0,0,0,0,0,0,0,58,0,3,5,0,0,109,22,11,0
deterrence,28,peace-1,peace,0,72,union,0,2970,0,51,0.0,0,0,0,0,0,0,50,0,2,4,0,0,86,9,3,0
deterrence,29,hegemony-1,hegemony,1,300,,3523,37227,10,70,0.0391,0,260,218,87,87,118,40,91114,3,1,0,1,21,0,0,0
deterrence,29,hegemony-2,hegemony,0,104,collapsed,0,525,0,37,0.0,0,56,54,13,13,38,48,1342,2,0,0,0,0,0,0,0
deterrence,29,retaliation-1,retaliation,0,58,union,0,871,0,32,0.0,0,35,39,21,21,11,21,364,4,4,0,0,64,15,6,0
deterrence,29,retaliation-2,retaliation,1,300,,201930,201930,220,220,0.8594,1,201,194,116,116,48,87,67592,2,7,0,1,114,31,6,2
deterrence,29,peace-1,peace,0,80,union,0,1903,0,39,0.0,0,0,47,0,0,22,53,398,3,4,0,0,69,16,0,0
deterrence,30,hegemony-1,hegemony,1,300,,124379,124379,135,135,0.5273,1,247,59,104,104,16,46,44659,3,1,0,1,31,0,0,0
deterrence,30,hegemony-2,hegemony,0,116,collapsed,0,686,0,28,0.0,0,95,94,36,36,49,21,2022,3,1,0,1,35,0,0,0
deterrence,30,retaliation-1,retaliation,0,77,union,0,527,0,24,0.0,0,51,73,23,23,35,24,883,3,4,0,1,80,15,4,0
deterrence,30,retaliation-2,retaliation,0,53,collapsed,0,171,0,14,0.0,0,36,44,7,7,23,17,339,1,0,0,0,0,0,0,0
deterrence,30,peace-1,peace,1,300,,118137,138346,121,164,0.4727,0,0,159,0,0,47,154,37900,2,4,0,1,76,15,4,1
deterrence,31,hegemony-1,hegemony,0,139,collapsed,0,3791,0,35,0.0,0,120,88,35,35,53,19,8348,3,1,0,1,30,0,0,0
deterrence,31,hegemony-2,hegemony,1,300,,115625,116634,129,132,0.5039,1,194,197,93,93,70,105,69961,3,1,0,1,81,0,0,0
deterrence,31,retaliation-1,retaliation,0,82,collapsed,0,295,0,20,0.0,0,62,57,14,14,32,20,852,3,2,0,0,38,0,0,0
deterrence,31,retaliation-2,retaliation,1,300,,114284,116256,127,130,0.4961,0,210,203,104,104,74,65,74790,4,6,0,2,187,17,1,1
deterrence,31,peace-1,peace,0,55,union,0,541,0,32,0.0,0,0,41,0,0,17,47,180,3,4,0,0,54,17,1,0
deterrence,32,hegemony-1,hegemony,0,180,collapsed,0,9276,0,51,0.0,0,147,117,41,41,70,33,24408,4,1,0,1,30,0,0,0
deterrence,32,hegemony-2,hegemony,0,58,collapsed,0,341,0,23,0.0,0,35,60,12,12,35,23,536,2,0,0,0,0,0,0,0
deterrence,32,retaliation-1,retaliation,0,81,union,0,1295,0,32,0.0,0,54,55,27,27,23,26,881,4,5,0,0,80,18,2,0
deterrence,32,retaliation-2,retaliation,1,180,,158296,158296,200,200,0.7812,1,93,97,62,62,14,65,14931,3,7,0,1,135,45,25,2
deterrence,32,peace-1,peace,0,79,union,0,4109,0,55,0.0,0,0,0,0,0,0,54,0,3,5,0,0,93,31,23,0
deterrence,33,hegemony-1,hegemony,0,101,collapsed,0,883,0,34,0.0,0,71,93,21,21,46,30,2335,4,1,0,1,4,0,0,0
deterrence,33,hegemony-2,hegemony,1,300,,92858,98422,105,121,0.4102,0,223,176,99,99,72,77,82530,3,2,0,2,82,0,0,0
deterrence,33,retaliation-1,retaliation,1,300,,137125,137148,151,151,0.5898,1,143,141,66,66,49,81,74510,4,9,0,3,183,37,14,2
deterrence,33,retaliation-2,retaliation,0,73,union,0,1246,0,30,0.0,0,42,37,14,14,15,30,578,2,3,0,0,53,23,6,0
deterrence,33,peace-1,peace,0,57,union,0,572,0,25,0.0,0,0,32,0,0,18,39,149,3,3,0,0,44,14,8,0
deterrence,34,hegemony-1,hegemony,0,137,collapsed,0,2665,0,37,0.0,0,106,101,25,25,50,31,7029,4,1,0,1,12,0,0,0
deterrence,34,hegemony-2,hegemony,1,300,,28359,74841,38,86,0.1484,0,228,187,88,88,86,35,82589,4,2,0,2,164,0,0,0
deterrence,34,retaliation-1,retaliation,0,75,union,0,3339,0,76,0.0,0,24,20,8,8,5,44,339,3,5,0,1,68,25,12,1
deterrence,34,retaliation-2,retaliation,1,300,,202286,202286,218,218,0.8516,1,120,119,76,76,28,93,57421,3,5,0,2,208,17,5,1
deterrence,34,peace-1,peace,0,64,union,0,636,0,31,0.0,0,0,51,0,0,28,55,297,4,5,0,0,78,20,7,0
deterrence,35,hegemony-1,hegemony,0,125,collapsed,0,1892,0,35,0.0,0,104,90,34,34,50,21,4319,4,2,0,1,96,0,0,0
deterrence,35,hegemony-2,hegemony,1,300,,159916,159916,175,175,0.6836,1,256,111,157,157,27,44,62848,3,1,0,1,129,0,0,0
deterrence,35,retaliation-1,retaliation,1,300,,71022,100879,81,97,0.3164,0,84,84,26,26,39,93,52368,2,2,0,1,215,0,0,0
deterrence,35,retaliation-2,retaliation,0,45,collapsed,0,165,0,12,0.0,0,32,30,8,8,20,13,286,1,0,0,0,0,0,0,0
deterrence,35,peace-1,peace,0,216,conquered,0,26275,0,59,0.0,0,0,161,0,0,89,88,24931,2,1,0,1,10,0,0,0
deterrence,36,hegemony-1,hegemony,1,300,,123089,123089,139,139,0.543,1,287,141,175,175,50,13,60033,3,1,0,1,25,0,0,0
deterrence,36,hegemony-2,hegemony,0,223,collapsed,0,20978,0,44,0.0,0,183,188,54,54,93,40,41339,3,1,0,1,41,0,0,0
deterrence,36,retaliation-1,retaliation,1,300,,70765,76965,83,97,0.3242,0,205,275,89,89,118,81,86546,4,7,0,2,170,43,1,1
deterrence,36,retaliation-2,retaliation,0,114,union,0,3244,0,33,0.0,0,78,79,25,25,30,34,2606,2,3,0,0,67,37,1,0
deterrence,36,peace-1,peace,0,80,conquered,0,160,0,22,0.0,0,0,70,0,0,52,51,316,2,2,0,0,37,6,0,0
deterrence,37,hegemony-1,hegemony,1,300,,90608,90608,101,101,0.3945,0,257,253,137,137,80,43,65244,3,1,0,0,195,0,0,0
deterrence,37,hegemony-2,hegemony,1,300,,14676,30364,22,48,0.0859,0,267,237,101,101,113,33,77422,2,1,0,0,75,0,0,0
deterrence,37,retaliation-1,retaliation,0,88,collapsed,0,411,0,25,0.0,0,58,60,13,13,39,29,1081,2,1,0,0,36,0,0,0
deterrence,37,retaliation-2,retaliation,1,300,,155601,155601,130,130,0.5078,1,40,32,15,15,14,93,1650,3,6,0,0,352,16,10,1
deterrence,37,peace-1,peace,0,60,union,0,797,0,36,0.0,0,0,40,0,0,20,54,225,2,3,0,0,46,16,10,0
deterrence,38,hegemony-1,hegemony,0,39,collapsed,0,160,0,11,0.0,0,25,26,5,5,16,14,229,2,1,0,0,4,0,0,0
deterrence,38,hegemony-2,hegemony,0,288,collapsed,0,38054,0,78,0.0,0,238,222,68,68,116,50,87157,2,0,0,0,0,0,0,0
deterrence,38,retaliation-1,retaliation,1,288,,233772,233772,253,253,0.9883,1,163,166,101,101,24,89,58739,3,7,0,0,116,41,25,2
deterrence,38,retaliation-2,retaliation,0,120,union,0,1566,0,37,0.0,0,85,92,31,31,48,30,2594,4,4,0,0,72,26,15,0
deterrence,38,peace-1,peace,0,77,union,0,3626,0,72,0.0,0,0,5,0,0,1,72,27,3,4,0,0,48,15,10,0
deterrence,39,hegemony-1,hegemony,0,99,collapsed,0,658,0,27,0.0,0,83,78,36,36,46,16,1664,4,2,0,1,65,0,0,0
deterrence,39,hegemony-2,hegemony,1,300,,146492,149494,160,161,0.625,1,269,104,158,158,30,31,63806,3,1,0,1,180,0,0,0
deterrence,39,retaliation-1,retaliation,0,45,collapsed,0,168,0,12,0.0,0,32,33,12,12,23,13,283,1,0,0,0,0,0,0,0
deterrence,39,retaliation-2,retaliation,1,300,,75002,104605,87,94,0.3398,0,86,87,29,29,32,89,50935,3,4,0,1,355,95,0,0
deterrence,39,peace-1,peace,0,212,conquered,0,20737,0,73,0.0,0,0,168,0,0,104,103,23254,3,3,0,1,138,95,0,0
deterrence,40,hegemony-1,hegemony,0,112,collapsed,0,707,0,28,0.0,0,72,71,16,16,52,40,1839,2,0,0,0,0,0,0,0
deterrence,40,hegemony-2,hegemony,1,300,,133019,133019,144,144,0.5625,1,208,65,98,98,13,58,43516,3,2,0,2,56,0,0,0
deterrence,40,retaliation-1,retaliation,0,65,union,0,1174,0,36,0.0,0,39,40,22,22,11,24,441,2,3,0,0,49,20,15,0
deterrence,40,retaliation-2,retaliation,0,49,collapsed,0,192,0,14,0.0,0,33,32,8,8,20,15,321,1,0,0,0,0,0,0,0
deterrence,40,peace-1,peace,1,300,,109457,137930,112,154,0.4375,0,0,144,0,0,48,123,37448,2,5,0,2,105,20,15,1
deterrence,41,hegemony-1,hegemony,1,300,,74639,74639,68,68,0.2656,0,79,70,36,36,27,58,1790,2,1,0,0,94,0,0,0
deterrence,41,hegemony-2,hegemony,0,31,conquered,0,153,0,10,0.0,0,21,21,5,5,15,9,195,1,0,0,0,0,0,0,0
deterrence,41,retaliation-1,retaliation,0,59,union,0,866,0,34,0.0,0,26,18,10,10,9,32,245,3,3,0,0,42,12,6,0
deterrence,41,retaliation-2,retaliation,0,89,union,0,1377,0,32,0.0,0,65,64,32,32,26,22,1030,4,3,0,0,54,11,1,0
deterrence,41,peace-1,peace,1,300,,206534,206534,188,188,0.7344,1,0,18,0,0,6,130,634,2,7,0,0,190,23,7,2
deterrence,42,hegemony-1,hegemony,1,300,,1265,35314,6,67,0.0234,0,266,218,92,92,121,34,88396,4,1,0,1,16,0,0,0
deterrence,42,hegemony-2,hegemony,0,82,conquered,0,440,0,20,0.0,0,66,85,26,26,43,16,959,3,1,0,0,35,0,0,0
deterrence,42,retaliation-1,retaliation,1,300,,166887,166887,186,186,0.7266,1,204,198,120,120,49,88,65039,4,7,0,1,137,26,5,1
deterrence,42,retaliation-2,retaliation,0,98,collapsed,0,442,0,22,0.0,0,77,80,28,28,39,21,1315,3,2,0,0,44,13,0,0
deterrence,42,peace-1,peace,0,56,union,0,769,0,32,0.0,0,0,32,0,0,14,39,186,2,3,0,0,42,13,5,0
deterrence,43,hegemony-1,hegemony,0,60,collapsed,0,362,0,25,0.0,0,40,68,15,15,35,20,591,2,0,0,0,0,0,0,0
deterrence,43,hegemony-2,hegemony,1,300,,94357,94357,105,105,0.4102,0,233,28,73,73,12,43,43865,3,1,0,1,10,0,0,0
deterrence,43,retaliation-1,retaliation,0,60,union,0,524,0,25,0.0,0,37,41,18,18,15,21,382,3,3,0,0,42,13,5,0
deterrence,43,retaliation-2,retaliation,0,91,union,0,4874,0,60,0.0,0,28,31,12,12,16,57,1165,2,4,0,1,61,11,2,0
deterrence,43,peace-1,peace,1,300,,148202,166645,151,183,0.5898,1,0,170,0,0,40,111,33012,2,6,0,0,93,24,7,2
deterrence,44,hegemony-1,hegemony,0,271,collapsed,0,16305,0,50,0.0,0,228,221,80,80,121,43,53999,3,1,0,0,74,0,0,0
deterrence,44,hegemony-2,hegemony,1,300,,113554,113554,125,125,0.4883,1,255,237,148,148,69,45,50183,3,1,0,1,208,0,0,0
deterrence,44,retaliation-1,retaliation,0,54,collapsed,0,177,0,13,0.0,0,41,40,13,13,24,13,377,1,0,0,0,0,0,0,0
deterrence,44,retaliation-2,retaliation,0,68,collapsed,0,276,0,20,0.0,0,49,47,13,13,31,19,611,1,0,0,0,0,0,0,0
deterrence,44,peace-1,peace,1,300,,104812,122404,113,116,0.4414,0,0,28,0,0,9,121,7868,2,2,0,1,282,0,0,0
deterrence,45,hegemony-1,hegemony,0,129,collapsed,0,1315,0,35,0.0,0,91,76,19,19,47,38,3299,2,0,0,0,0,0,0,0
deterrence,45,hegemony-2,hegemony,1,300,,132091,132091,144,144,0.5625,1,284,64,135,135,8,16,43235,4,0,0,0,0,0,0,0
deterrence,45,retaliation-1,retaliation,0,71,union,0,813,0,29,0.0,0,48,58,21,21,21,22,726,3,3,0,0,57,27,2,0
deterrence,45,retaliation-2,retaliation,0,32,collapsed,0,153,0,10,0.0,0,20,22,4,4,15,11,199,2,1,0,0,8,0,0,0
deterrence,45,peace-1,peace,1,300,,96726,120302,99,144,0.3867,0,0,223,0,0,88,163,41394,3,4,0,0,65,27,2,1
deterrence,46,hegemony-1,hegemony,0,71,collapsed,0,220,0,17,0.0,0,40,40,6,6,23,30,409,4,1,0,0,11,0,0,0
deterrence,46,hegemony-2,hegemony,1,300,,131176,131176,143,143,0.5586,1,264,35,110,110,4,36,50021,4,0,0,0,0,0,0,0
deterrence,46,retaliation-1,retaliation,0,83,collapsed,0,418,0,27,0.0,0,60,85,22,22,39,23,1099,3,2,0,0,38,6,0,0
deterrence,46,retaliation-2,retaliation,0,91,union,0,6150,0,61,0.0,0,12,4,3,3,1,57,151,4,5,0,0,77,16,2,0
deterrence,46,peace-1,peace,1,300,,69740,105023,72,138,0.2812,0,0,212,0,0,74,85,46694,3,4,0,0,50,10,2,1
deterrence,47,hegemony-1,hegemony,1,300,,17427,60959,26,86,0.1016,0,241,191,87,87,93,31,91391,4,3,0,3,97,0,0,0
deterrence,47,hegemony-2,hegemony,0,120,collapsed,0,1631,0,37,0.0,0,89,87,23,23,50,31,4358,3,1,0,1,1,0,0,0
deterrence,47,retaliation-1,retaliation,1,300,,213568,213568,230,230,0.8984,1,144,143,86,86,26,111,64013,2,6,0,2,142,17,5,2
deterrence,47,retaliation-2,retaliation,0,71,union,0,1658,0,36,0.0,0,32,27,10,10,8,32,580,3,3,0,0,60,31,3,0
deterrence,47,peace-1,peace,0,64,union,0,449,0,25,0.0,0,0,58,0,0,29,51,293,4,7,0,2,94,34,2,0
deterrence,48,hegemony-1,hegemony,1,300,,65931,65931,60,60,0.2344,0,38,39,21,21,12,50,265,3,1,0,0,241,0,0,0
deterrence,48,hegemony-2,hegemony,0,48,collapsed,0,164,0,11,0.0,0,39,38,12,12,21,9,310,1,0,0,0,0,0,0,0
deterrence,48,retaliation-1,retaliation,0,68,union,0,2468,0,61,0.0,0,0,0,0,0,0,61,0,3,5,0,0,87,18,3,0
deterrence,48,retaliation-2,retaliation,1,300,,215553,215553,196,196,0.7656,1,0,0,0,0,0,83,0,3,6,0,0,324,31,5,2
deterrence,48,peace-1,peace,0,56,union,0,1397,0,50,0.0,0,0,0,0,0,0,49,0,2,4,0,0,72,13,2,0
deterrence,49,hegemony-1,hegemony,1,300,,76883,76883,70,70,0.2734,0,118,120,64,64,35,40,5502,3,2,0,0,238,0,0,0
deterrence,49,hegemony-2,hegemony,0,153,collapsed,0,2390,0,31,0.0,0,120,118,35,35,64,33,7542,3,1,0,0,89,0,0,0
deterrence,49,retaliation-1,retaliation,0,84,union,0,5153,0,58,0.0,0,0,0,0,0,0,57,0,2,4,0,0,74,29,4,0
deterrence,49,retaliation-2,retaliation,1,300,,204566,204566,186,186,0.7266,1,0,0,0,0,0,70,0,4,7,0,0,414,57,9,2
deterrence,49,peace-1,peace,0,78,union,0,3923,0,57,0.0,0,0,0,0,0,0,56,0,2,4,0,0,71,28,5,0
deterrence,50,hegemony-1,hegemony,1,300,,79336,91963,91,113,0.3555,0,220,186,91,91,71,70,83078,4,2,0,1,134,0,0,0
deterrence,50,hegemony-2,hegemony,0,129,collapsed,0,1501,0,33,0.0,0,98,130,39,39,58,31,4354,4,2,0,0,131,0,0,0
deterrence,50,retaliation-1,retaliation,0,72,conquered,0,287,0,21,0.0,0,51,52,13,13,35,21,705,2,0,0,0,0,0,0,0
deterrence,50,retaliation-2,retaliation,1,300,,151160,151555,165,166,0.6445,1,135,136,63,63,42,82,71050,3,5,0,1,222,16,9,1
deterrence,50,peace-1,peace,0,106,union,0,13437,0,61,0.0,0,0,0,0,0,0,60,0,3,5,0,0,133,16,9,0
deterrence,51,hegemony-1,hegemony,1,268,,129257,129257,150,150,0.5859,1,245,147,157,157,31,23,39556,3,1,0,1,33,0,0,0
deterrence,51,hegemony-2,hegemony,0,165,collapsed,0,5546,0,48,0.0,0,128,150,51,51,77,37,11860,3,0,0,0,0,0,0,0
deterrence,51,retaliation-1,retaliation,0,268,collapsed,0,23625,0,55,0.0,0,200,231,61,61,115,57,61288,4,4,0,1,84,2,0,0
deterrence,51,retaliation-2,retaliation,0,62,collapsed,0,237,0,18,0.0,0,43,41,11,11,27,18,508,2,1,0,0,20,0,0,0
deterrence,51,peace-1,peace,0,58,conquered,0,150,0,18,0.0,0,0,47,0,0,30,29,236,2,2,0,0,31,2,0,0
deterrence,52,hegemony-1,hegemony,1,300,,16475,16475,15,24,0.0586,0,75,47,14,14,28,28,1664,3,1,0,0,159,0,0,0
deterrence,52,hegemony-2,hegemony,0,240,collapsed,0,30369,0,70,0.0,0,216,151,71,71,93,24,62830,2,0,0,0,0,0,0,0
deterrence,52,retaliation-1,retaliation,0,56,union,0,868,0,31,0.0,0,32,24,16,16,7,21,284,3,4,0,0,43,12,3,0
deterrence,52,retaliation-2,retaliation,1,300,,263567,263567,241,241,0.9414,1,135,137,92,92,25,100,40573,2,7,0,0,248,22,8,2
deterrence,52,peace-1,peace,0,87,union,0,1183,0,42,0.0,0,0,99,0,0,40,81,547,4,4,0,0,48,10,5,0
deterrence,53,hegemony-1,hegemony,0,76,collapsed,0,436,0,23,0.0,0,52,58,13,13,37,24,947,2,0,0,0,0,0,0,0
deterrence,53,hegemony-2,hegemony,0,197,collapsed,0,14584,0,61,0.0,0,151,128,37,37,79,46,33065,3,0,0,0,0,0,0,0
deterrence,53,retaliation-1,retaliation,1,197,,192333,192333,225,225,0.8789,1,125,110,83,83,14,60,19914,3,5,0,0,91,32,15,2
deterrence,53,retaliation-2,retaliation,0,61,union,0,1007,0,35,0.0,0,34,37,17,17,10,25,397,3,5,0,0,79,14,6,0
deterrence,53,peace-1,peace,0,83,union,0,3611,0,62,0.0,0,0,29,0,0,10,71,221,3,4,0,0,80,26,9,0
deterrence,54,hegemony-1,hegemony,1,300,,35935,35935,33,33,0.1289,0,93,82,20,20,40,52,4029,2,2,0,1,108,0,0,0
deterrence,54,hegemony-2,hegemony,0,73,collapsed,0,163,0,13,0.0,0,60,55,12,12,22,13,481,1,0,0,0,0,0,0,0
deterrence,54,retaliation-1,retaliation,0,83,union,0,687,0,37,0.0,0,55,60,22,22,12,26,409,2,3,0,0,42,11,4,0
deterrence,54,retaliation-2,retaliation,0,118,union,0,8818,0,55,0.0,0,82,82,40,40,19,33,2145,2,3,0,0,56,16,9,0
deterrence,54,peace-1,peace,1,300,,244513,244513,223,223,0.8711,1,0,11,0,0,1,131,812,3,8,0,1,206,27,13,2
deterrence,55,hegemony-1,hegemony,1,300,,78267,78267,73,73,0.2852,0,133,50,48,48,15,39,13763,4,2,0,1,38,0,0,0
deterrence,55,hegemony-2,hegemony,0,101,collapsed,0,363,0,25,0.0,0,44,51,10,10,37,45,780,3,0,0,0,0,0,0,0
deterrence,55,retaliation-1,retaliation,0,53,union,0,565,0,28,0.0,0,24,28,11,11,15,27,312,3,3,0,0,43,14,2,0
deterrence,55,retaliation-2,retaliation,0,93,union,0,7093,0,71,0.0,0,33,22,20,20,5,56,873,3,4,0,1,53,12,2,0
deterrence,55,peace-1,peace,1,300,,196297,196297,183,191,0.7148,1,0,83,0,0,17,103,8279,3,7,0,0,114,26,4,2
deterrence,56,hegemony-1,hegemony,0,101,collapsed,0,472,0,33,0.0,0,69,75,23,23,45,32,1185,3,1,0,0,70,0,0,0
deterrence,56,hegemony-2,hegemony,1,300,,165125,165125,178,178,0.6953,1,195,43,106,106,11,82,42952,2,1,0,1,29,0,0,0
deterrence,56,retaliation-1,retaliation,0,65,union,0,1884,0,52,0.0,0,13,13,8,8,5,48,206,2,3,0,0,43,14,5,0
deterrence,56,retaliation-2,retaliation,0,51,collapsed,0,153,0,10,0.0,0,39,39,12,12,20,11,309,1,0,0,0,0,0,0,0
deterrence,56,peace-1,peace,1,300,,76757,125064,78,146,0.3047,0,0,146,0,0,68,93,47068,2,5,0,1,142,14,5,1
deterrence,57,hegemony-1,hegemony,1,300,,120436,123116,133,136,0.5195,1,263,203,154,154,59,37,70184,3,2,0,2,79,0,0,0
deterrence,57,hegemony-2,hegemony,0,246,collapsed,0,22912,0,58,0.0,0,225,192,84,84,103,21,55709,4,3,0,2,123,0,0,0
deterrence,57,retaliation-1,retaliation,1,300,,110113,144400,123,123,0.4805,0,63,56,24,24,24,81,31331,4,9,0,3,255,26,9,1
deterrence,57,retaliation-2,retaliation,0,68,collapsed,0,291,0,20,0.0,0,48,49,9,9,28,20,648,2,2,0,0,42,12,0,0
deterrence,57,peace-1,peace,0,106,union,0,3025,0,46,0.0,0,0,99,0,0,57,97,1435,3,4,0,1,77,14,9,0
deterrence,58,hegemony-1,hegemony,0,150,collapsed,0,2463,0,46,0.0,0,116,119,39,39,64,34,6776,3,1,0,0,98,0,0,0
deterrence,58,hegemony-2,hegemony,1,300,,153001,153001,166,166,0.6484,1,234,88,117,117,18,66,41978,2,1,0,1,2,0,0,0
deterrence,58,retaliation-1,retaliation,0,68,union,0,1284,0,33,0.0,0,27,33,10,10,13,33,481,2,4,0,1,60,28,23,0
deterrence,58,retaliation-2,retaliation,0,73,collapsed,0,247,0,18,0.0,0,54,55,13,13,31,19,656,2,1,0,0,27,0,0,0
deterrence,58,peace-1,peace,1,300,,74580,107557,76,122,0.2969,0,0,136,0,0,53,97,36707,3,5,0,0,183,28,23,1
deterrence,59,hegemony-1,hegemony,0,212,collapsed,0,16649,0,45,0.0,0,184,138,54,54,79,28,37455,2,1,0,1,21,0,0,0
deterrence,59,hegemony-2,hegemony,0,37,conquered,0,171,0,12,0.0,0,25,25,6,6,18,11,236,1,0,0,0,0,0,0,0
deterrence,59,retaliation-1,retaliation,1,212,,214806,214806,245,245,0.957,1,92,94,65,65,16,114,21988,1,5,0,0,87,34,8,2
deterrence,59,retaliation-2,retaliation,0,109,union,0,4588,0,48,0.0,0,71,69,32,32,22,34,2479,3,4,0,1,81,23,2,0
deterrence,59,peace-1,peace,0,62,union,0,649,0,37,0.0,0,0,46,0,0,22,57,206,3,4,0,0,53,11,6,0
deterrence,60,hegemony-1,hegemony,0,165,collapsed,0,7445,0,41,0.0,0,149,90,43,43,58,16,16471,3,1,0,1,7,0,0,0
deterrence,60,hegemony-2,hegemony,0,87,collapsed,0,286,0,19,0.0,0,65,68,21,21,39,22,928,2,0,0,0,0,0,0,0
deterrence,60,retaliation-1,retaliation,0,124,union,0,8904,0,68,0.0,0,69,66,40,40,21,48,816,3,3,0,0,57,24,2,0
deterrence,60,retaliation-2,retaliation,1,165,,129666,129666,215,215,0.8398,1,89,92,57,57,17,66,10021,3,6,0,1,101,34,7,2
deterrence,60,peace-1,peace,0,70,union,0,774,0,41,0.0,0,0,56,0,0,26,65,246,3,4,0,0,43,10,5,0
deterrence,61,hegemony-1,hegemony,0,97,collapsed,0,489,0,22,0.0,0,70,70,16,16,40,27,1425,2,1,0,0,29,0,0,0
deterrence,61,hegemony-2,hegemony,1,300,,64865,64865,59,59,0.2305,0,70,70,40,40,16,34,1040,4,3,0,0,287,0,0,0
deterrence,61,retaliation-1,retaliation,0,76,union,0,3595,0,71,0.0,0,0,0,0,0,0,70,0,3,5,0,0,62,18,6,0
deterrence,61,retaliation-2,retaliation,1,300,,216653,216653,197,197,0.7695,1,0,0,0,0,0,71,0,3,7,0,0,368,36,13,2
deterrence,61,peace-1,peace,0,63,union,0,1949,0,54,0.0,0,0,0,0,0,0,53,0,2,4,0,0,78,18,7,0
deterrence,62,hegemony-1,hegemony,1,300,,62662,68064,75,93,0.293,0,282,194,135,135,79,18,85688,4,2,0,2,68,0,0,0
deterrence,62,hegemony-2,hegemony,0,149,collapsed,0,3211,0,48,0.0,0,98,123,26,26,71,51,9696,2,1,0,0,2,0,0,0
deterrence,62,retaliation-1,retaliation,1,300,,154319,154319,169,169,0.6602,1,142,145,73,73,50,97,70594,3,8,0,1,140,53,8,2
deterrence,62,retaliation-2,retaliation,0,96,union,0,4271,0,42,0.0,0,46,50,20,20,21,39,1546,4,6,0,1,160,55,4,0
deterrence,62,peace-1,peace,0,69,union,0,271,0,26,0.0,0,0,56,0,0,33,41,269,3,5,0,0,80,20,4,0
deterrence,63,hegemony-1,hegemony,0,165,collapsed,0,7415,0,56,0.0,0,138,115,43,43,67,27,17797,4,1,0,1,4,0,0,0
deterrence,63,hegemony-2,hegemony,0,51,collapsed,0,269,0,20,0.0,0,36,56,13,13,26,15,414,2,0,0,0,0,0,0,0
deterrence,63,retaliation-1,retaliation,1,165,,123528,123528,180,180,0.7031,1,91,91,66,66,13,72,10436,2,4,0,1,42,9,3,1
deterrence,63,retaliation-2,retaliation,0,72,collapsed,0,283,0,22,0.0,0,50,53,14,14,30,22,660,2,0,0,0,0,0,0,0
deterrence,63,peace-1,peace,0,65,union,0,2138,0,54,0.0,0,0,0,0,0,0,53,0,2,3,0,0,38,9,3,0
deterrence,64,hegemony-1,hegemony,0,185,collapsed,0,2879,0,40,0.0,0,111,112,38,38,69,33,7630,4,0,0,0,0,0,0,0
deterrence,64,hegemony-2,hegemony,1,300,,157811,158418,171,172,0.668,1,271,176,172,172,31,29,66186,4,2,0,2,246,0,0,0
deterrence,64,retaliation-1,retaliation,0,256,collapsed,0,27346,0,63,0.0,0,205,217,64,64,111,48,67257,4,5,0,1,262,165,0,0
deterrence,64,retaliation-2,retaliation,1,300,,73330,108808,83,92,0.3242,0,43,43,10,10,18,90,27479,4,4,0,1,445,152,0,0
deterrence,64,peace-1,peace,0,68,conquered,0,241,0,23,0.0,0,0,82,0,0,55,54,380,4,3,0,0,97,13,0,0
deterrence,65,hegemony-1,hegemony,0,109,collapsed,0,937,0,33,0.0,0,89,83,30,30,45,20,2580,3,2,0,2,48,0,0,0
deterrence,65,hegemony-2,hegemony,0,40,conquered,0,175,0,12,0.0,0,28,26,4,4,16,11,272,3,0,0,0,0,0,0,0
deterrence,65,retaliation-1,retaliation,1,109,,40338,40338,202,202,0.7891,1,10,9,10,10,0,87,454,1,5,0,0,90,44,6,2
deterrence,65,retaliation-2,retaliation,0,98,union,0,6984,0,65,0.0,0,47,46,31,31,12,45,1093,3,4,0,1,97,32,5,0
deterrence,65,peace-1,peace,0,49,union,0,889,0,39,0.0,0,0,10,0,0,2,40,53,4,5,0,1,93,12,1,0
deterrence,66,hegemony-1,hegemony,1,300,,50333,54246,59,66,0.2305,0,264,214,110,110,88,36,86436,3,1,0,0,221,0,0,0
deterrence,66,hegemony-2,hegemony,1,300,,65973,66569,74,75,0.2891,0,280,205,125,125,72,20,82482,3,1,0,0,286,0,0,0
deterrence,66,retaliation-1,retaliation,0,69,union,0,2585,0,61,0.0,0,0,0,0,0,0,61,0,2,4,0,0,50,18,2,0
deterrence,66,retaliation-2,retaliation,1,300,,145168,145168,121,121,0.4727,1,0,0,0,0,0,58,0,4,7,0,0,599,19,2,1
deterrence,66,peace-1,peace,0,86,conquered,0,366,0,29,0.0,0,0,125,0,0,75,74,656,4,3,0,0,44,1,0,0
deterrence,67,hegemony-1,hegemony,0,161,collapsed,0,7134,0,42,0.0,0,140,117,49,49,66,21,15712,4,1,0,1,28,0,0,0
deterrence,67,hegemony-2,hegemony,1,300,,100995,106671,114,124,0.4453,0,271,197,150,150,66,29,81497,4,1,0,1,108,0,0,0
deterrence,67,retaliation-1,retaliation,1,300,,113736,115086,127,130,0.4961,1,180,176,89,89,59,96,75018,4,4,0,1,234,78,0,0
deterrence,67,retaliation-2,retaliation,0,134,collapsed,0,2865,0,43,0.0,0,84,109,20,20,61,45,7232,4,6,0,1,176,88,1,0
deterrence,67,peace-1,peace,0,72,conquered,0,222,0,20,0.0,0,0,76,0,0,56,55,294,4,4,0,0,58,10,1,0
deterrence,68,hegemony-1,hegemony,0,263,collapsed,0,27968,0,67,0.0,0,233,194,80,80,108,30,65754,4,0,0,0,0,0,0,0
deterrence,68,hegemony-2,hegemony,0,84,collapsed,0,276,0,21,0.0,0,45,52,13,13,32,38,607,3,1,0,0,28,0,0,0
deterrence,68,retaliation-1,retaliation,0,105,collapsed,0,796,0,27,0.0,0,85,83,27,27,38,17,2203,3,1,0,0,95,0,0,0
deterrence,68,retaliation-2,retaliation,1,263,,193777,193777,215,215,0.8398,1,149,146,102,102,27,109,42814,3,4,0,0,114,14,3,1
deterrence,68,peace-1,peace,0,63,union,0,833,0,32,0.0,0,0,37,0,0,17,46,163,3,4,0,0,97,14,3,0
deterrence,69,hegemony-1,hegemony,0,185,collapsed,0,10815,0,51,0.0,0,143,107,38,38,76,42,24816,1,0,0,0,0,0,0,0
deterrence,69,hegemony-2,hegemony,0,69,collapsed,0,245,0,19,0.0,0,51,49,12,12,29,18,612,1,0,0,0,0,0,0,0
deterrence,69,retaliation-1,retaliation,0,86,union,0,2433,0,52,0.0,0,49,51,29,29,12,34,462,3,4,0,0,66,13,3,0
deterrence,69,retaliation-2,retaliation,1,185,,188232,188232,235,235,0.918,1,107,102,76,76,21,74,15270,2,5,0,0,72,20,7,2
deterrence,69,peace-1,peace,0,75,union,0,2107,0,54,0.0,0,0,41,0,0,17,69,328,3,5,0,0,70,11,4,0
deterrence,70,hegemony-1,hegemony,1,300,,40834,64228,52,88,0.2031,0,251,179,86,86,84,49,93614,3,1,0,1,67,0,0,0
deterrence,70,hegemony-2,hegemony,0,83,collapsed,0,441,0,23,0.0,0,62,90,24,24,43,21,1090,4,2,0,1,98,0,0,0
deterrence,70,retaliation-1,retaliation,1,300,,187192,187192,202,202,0.7891,1,174,171,84,84,42,91,75735,4,8,0,2,190,25,6,2
deterrence,70,retaliation-2,retaliation,0,78,union,0,534,0,20,0.0,0,55,57,21,21,24,21,675,2,3,0,0,45,15,4,0
deterrence,70,peace-1,peace,0,124,union,0,16243,0,64,0.0,0,0,45,0,0,22,70,2295,3,4,0,0,100,10,2,0
deterrence,71,hegemony-1,hegemony,0,173,collapsed,0,6078,0,54,0.0,0,149,154,72,72,91,24,18141,4,1,0,1,33,0,0,0
deterrence,71,hegemony-2,hegemony,1,300,,72039,84116,83,106,0.3242,0,276,176,128,128,70,24,84852,4,1,0,1,93,0,0,0
deterrence,71,retaliation-1,retaliation,1,300,,158016,158016,173,173,0.6758,1,125,122,63,63,36,74,63712,4,6,0,2,247,56,4,1
deterrence,71,retaliation-2,retaliation,0,122,union,0,17060,0,72,0.0,0,47,41,25,25,19,64,2854,4,4,0,0,99,56,4,0
deterrence,71,peace-1,peace,0,80,conquered,0,201,0,22,0.0,0,0,104,0,0,72,71,300,4,2,0,0,50,0,0,0
deterrence,72,hegemony-1,hegemony,0,102,collapsed,0,1052,0,28,0.0,0,80,70,26,26,46,22,2381,3,0,0,0,0,0,0,0
deterrence,72,hegemony-2,hegemony,1,300,,30648,53522,41,83,0.1602,0,271,194,108,108,97,29,92927,4,1,0,1,20,0,0,0
deterrence,72,retaliation-1,retaliation,0,96,union,0,5829,0,58,0.0,0,50,52,31,31,17,43,1308,4,6,0,0,114,52,30,0
deterrence,72,retaliation-2,retaliation,1,300,,165960,165960,182,182,0.7109,1,188,191,97,97,49,71,74164,3,7,0,1,126,45,32,2
deterrence,72,peace-1,peace,0,84,union,0,211,0,21,0.0,0,0,82,0,0,53,56,362,4,6,0,0,92,33,8,0
deterrence,73,hegemony-1,hegemony,1,300,,89839,89839,100,100,0.3906,0,113,51,45,45,9,63,20709,3,2,0,1,245,0,0,0
deterrence,73,hegemony-2,hegemony,0,97,collapsed,0,627,0,29,0.0,0,63,65,11,11,40,34,1641,1,0,0,0,0,0,0,0
deterrence,73,retaliation-1,retaliation,0,149,union,0,41469,0,81,0.0,0,65,63,40,40,11,51,1128,4,5,0,0,149,11,1,0
deterrence,73,retaliation-2,retaliation,0,65,collapsed,0,178,0,14,0.0,0,51,51,9,9,23,14,454,3,2,0,0,52,0,0,0
deterrence,73,peace-1,peace,1,300,,153479,193767,156,178,0.6094,1,0,62,0,0,22,96,18934,3,5,0,1,230,11,1,1
deterrence,74,hegemony-1,hegemony,1,300,,117371,118006,131,132,0.5117,1,264,195,147,147,53,36,75394,3,1,0,1,173,0,0,0
deterrence,74,hegemony-2,hegemony,0,218,collapsed,0,18574,0,59,0.0,0,190,141,58,58,85,28,42620,3,1,0,0,108,0,0,0
deterrence,74,retaliation-1,retaliation,1,300,,112083,142709,124,129,0.4844,0,80,79,34,34,33,78,46567,2,7,0,1,364,23,3,1
deterrence,74,retaliation-2,retaliation,0,65,union,0,1539,0,44,0.0,0,25,16,9,9,3,37,221,3,3,0,0,45,15,3,0
deterrence,74,peace-1,peace,0,103,conquered,0,1107,0,42,0.0,0,0,128,0,0,74,73,1792,3,2,0,0,38,8,0,0
deterrence,75,hegemony-1,hegemony,0,182,collapsed,0,6712,0,45,0.0,0,152,113,47,47,71,29,20645,4,2,0,1,76,0,0,0
deterrence,75,hegemony-2,hegemony,1,300,,80132,88752,92,109,0.3594,0,269,202,126,126,64,29,81693,3,1,0,1,79,0,0,0
deterrence,75,retaliation-1,retaliation,1,300,,150443,157008,164,164,0.6406,1,111,111,47,47,30,85,59394,4,7,0,2,243,13,2,1
deterrence,75,retaliation-2,retaliation,0,90,union,0,5581,0,61,0.0,0,23,14,15,15,6,51,192,3,4,0,0,75,13,2,0
deterrence,75,peace-1,peace,0,91,conquered,0,810,0,37,0.0,0,0,115,0,0,64,63,1173,4,2,0,0,79,0,0,0
deterrence,76,hegemony-1,hegemony,1,300,,189532,189532,201,201,0.7852,1,198,22,98,98,0,102,43708,3,1,0,1,78,0,0,0
deterrence,76,hegemony-2,hegemony,0,96,collapsed,0,596,0,24,0.0,0,76,91,27,27,41,20,1551,4,2,0,0,70,0,0,0
deterrence,76,retaliation-1,retaliation,0,76,collapsed,0,296,0,19,0.0,0,54,68,14,14,36,22,783,3,1,0,0,43,0,0,0
deterrence,76,retaliation-2,retaliation,0,63,union,0,1939,0,49,0.0,0,0,0,0,0,0,48,0,2,4,0,0,56,15,5,0
deterrence,76,peace-1,peace,1,300,,48997,88479,51,111,0.1992,0,0,147,0,0,62,63,44454,4,6,0,1,223,15,5,1
deterrence,77,hegemony-1,hegemony,0,106,collapsed,0,654,0,49,0.0,0,60,65,17,17,39,43,1427,4,2,0,0,84,0,0,0
deterrence,77,hegemony-2,hegemony,1,300,,10975,42562,20,80,0.0781,0,275,216,106,106,112,25,92564,3,1,0,1,12,0,0,0
deterrence,77,retaliation-1,retaliation,1,300,,181413,181413,198,198,0.7734,1,188,189,111,111,48,82,68742,3,5,0,1,114,8,4,1
deterrence,77,retaliation-2,retaliation,0,42,collapsed,0,144,0,9,0.0,0,35,32,10,10,16,7,249,1,0,0,0,0,0,0,0
deterrence,77,peace-1,peace,0,97,union,0,3225,0,52,0.0,0,0,56,0,0,29,80,347,3,4,0,0,64,8,4,0
deterrence,78,hegemony-1,hegemony,0,96,collapsed,0,725,0,26,0.0,0,76,91,25,25,44,20,1521,3,1,0,0,40,0,0,0
deterrence,78,hegemony-2,hegemony,1,300,,68735,79115,80,103,0.3125,0,271,192,132,132,82,29,89399,4,1,0,1,72,0,0,0
deterrence,78,retaliation-1,retaliation,1,300,,159576,159576,175,175,0.6836,1,170,173,81,81,60,87,77703,4,6,0,1,177,13,1,1
deterrence,78,retaliation-2,retaliation,0,118,collapsed,0,1108,0,25,0.0,0,92,94,28,28,42,24,2818,4,3,0,0,60,9,0,0
deterrence,78,peace-1,peace,0,124,union,0,7683,0,67,0.0,0,0,59,0,0,38,103,530,3,5,0,0,81,22,1,0
deterrence,79,hegemony-1,hegemony,1,300,,67864,86499,79,104,0.3086,0,253,208,117,117,77,38,76529,4,2,0,2,82,0,0,0
deterrence,79,hegemony-2,hegemony,0,177,collapsed,0,5957,0,44,0.0,0,151,144,58,58,77,26,16904,4,1,0,0,109,0,0,0
deterrence,79,retaliation-1,retaliation,0,73,collapsed,0,361,0,24,0.0,0,47,58,15,15,40,26,756,3,1,0,0,14,0,0,0
deterrence,79,retaliation-2,retaliation,1,300,,162519,162519,177,177,0.6914,1,103,104,53,53,29,104,54087,3,5,0,2,226,11,4,1
deterrence,79,peace-1,peace,0,73,union,0,1541,0,48,0.0,0,0,40,0,0,20,67,254,4,5,0,0,59,11,4,0
deterrence,80,hegemony-1,hegemony,0,113,collapsed,0,979,0,26,0.0,0,100,77,33,33,42,13,2808,4,2,0,1,99,0,0,0
deterrence,80,hegemony-2,hegemony,1,300,,44195,81000,55,80,0.2148,0,188,146,70,70,55,39,61655,3,1,0,1,169,0,0,0
deterrence,80,retaliation-1,retaliation,0,90,union,0,6861,0,65,0.0,0,0,0,0,0,0,65,0,4,6,0,0,186,23,6,0
deterrence,80,retaliation-2,retaliation,1,300,,187261,187760,201,201,0.7852,1,94,93,43,43,18,83,48149,3,7,0,2,233,34,10,2
deterrence,80,peace-1,peace,0,60,union,0,359,0,30,0.0,0,0,66,0,0,31,56,266,4,4,0,0,81,11,4,0
deterrence,81,hegemony-1,hegemony,0,135,collapsed,0,3004,0,38,0.0,0,119,73,36,36,49,16,6939,4,1,0,0,94,0,0,0
deterrence,81,hegemony-2,hegemony,1,300,,72011,87303,84,112,0.3281,0,246,197,120,120,84,47,84250,4,3,0,2,141,0,0,0
deterrence,81,retaliation-1,retaliation,1,300,,158147,159231,172,174,0.6719,1,130,130,75,75,47,88,67965,4,7,0,1,292,24,3,1
deterrence,81,retaliation-2,retaliation,0,64,union,0,2047,0,55,0.0,0,0,0,0,0,0,54,0,4,5,0,0,101,9,3,0
deterrence,81,peace-1,peace,0,64,conquered,0,166,0,18,0.0,0,0,95,0,0,51,50,258,4,4,0,1,82,15,0,0
deterrence,82,hegemony-1,hegemony,0,250,collapsed,0,17878,0,43,0.0,0,211,186,64,64,101,39,46402,3,1,0,0,47,0,0,0
deterrence,82,hegemony-2,hegemony,1,300,,106424,106424,119,119,0.4648,0,242,181,123,123,63,58,50053,3,2,0,2,145,0,0,0
deterrence,82,retaliation-1,retaliation,0,60,union,0,699,0,26,0.0,0,35,35,16,16,15,22,442,3,4,0,0,81,11,2,0
deterrence,82,retaliation-2,retaliation,0,76,union,0,1731,0,36,0.0,0,42,41,15,15,13,32,728,3,4,0,0,65,10,3,0
deterrence,82,peace-1,peace,1,300,,119888,164724,122,139,0.4766,1,0,87,0,0,26,88,15776,4,9,0,2,258,21,5,2
deterrence,83,hegemony-1,hegemony,0,95,collapsed,0,1227,0,30,0.0,0,78,49,20,20,37,17,1950,4,1,0,1,10,0,0,0
deterrence,83,hegemony-2,hegemony,0,265,collapsed,0,28973,0,63,0.0,0,224,186,76,76,115,41,71687,3,2,0,2,34,0,0,0
deterrence,83,retaliation-1,retaliation,0,122,union,0,17773,0,72,0.0,0,46,45,21,21,19,68,3865,4,5,0,1,141,70,0,0
deterrence,83,retaliation-2,retaliation,1,265,,232106,232106,253,253,0.9883,1,172,172,117,117,36,72,48506,3,8,0,2,161,79,4,2
deterrence,83,peace-1,peace,0,60,union,0,411,0,32,0.0,0,0,68,0,0,27,54,269,4,4,0,0,60,9,4,0
deterrence,84,hegemony-1,hegemony,0,50,collapsed,0,306,0,23,0.0,0,28,49,5,5,27,22,431,2,1,0,1,1,0,0,0
deterrence,84,hegemony-2,hegemony,1,300,,109981,109981,121,121,0.4727,0,238,7,78,78,3,45,47120,4,1,0,1,17,0,0,0
deterrence,84,retaliation-1,retaliation,0,56,union,0,729,0,32,0.0,0,34,33,19,19,9,19,322,3,4,0,1,40,10,4,0
deterrence,84,retaliation-2,retaliation,0,61,union,0,1705,0,49,0.0,0,2,3,1,1,1,49,51,2,4,0,1,70,23,13,0
deterrence,84,peace-1,peace,1,300,,132418,152388,135,177,0.5273,1,0,210,0,0,63,117,39275,3,6,0,0,92,33,17,2
deterrence,85,hegemony-1,hegemony,1,300,,128834,132062,139,142,0.543,1,271,188,158,158,49,29,68811,4,1,0,1,146,0,0,0
deterrence,85,hegemony-2,hegemony,0,282,collapsed,0,30392,0,61,0.0,0,235,242,86,86,132,47,79920,3,2,0,1,202,0,0,0
deterrence,85,retaliation-1,retaliation,1,300,,109472,137886,116,116,0.4531,0,18,17,6,6,5,70,10557,3,6,0,1,436,43,5,1
deterrence,85,retaliation-2,retaliation,0,121,collapsed,0,2438,0,41,0.0,0,80,104,21,21,60,40,4658,3,3,0,1,66,22,0,0
deterrence,85,peace-1,peace,0,83,union,0,2125,0,44,0.0,0,0,53,0,0,25,68,390,3,4,0,0,78,21,5,0
deterrence,86,hegemony-1,hegemony,1,300,,15378,15378,14,16,0.0547,0,54,38,18,18,25,20,520,2,1,0,0,236,0,0,0
deterrence,86,hegemony-2,hegemony,0,273,collapsed,0,30237,0,61,0.0,0,239,178,83,83,115,34,75198,3,1,0,1,55,0,0,0
deterrence,86,retaliation-1,retaliation,0,71,union,0,442,0,25,0.0,0,51,80,28,28,32,18,736,3,3,0,0,49,19,1,0
deterrence,86,retaliation-2,retaliation,1,300,,224007,224007,215,215,0.8398,1,165,167,112,112,46,86,54730,3,5,0,1,346,11,6,1
deterrence,86,peace-1,peace,0,99,union,0,6044,0,71,0.0,0,0,46,0,0,23,69,610,3,6,0,0,104,30,7,1
deterrence,87,hegemony-1,hegemony,0,266,collapsed,0,14377,0,47,0.0,0,222,200,55,55,96,44,45114,3,1,0,0,12,0,0,0
deterrence,87,hegemony-2,hegemony,1,300,,94758,94758,107,107,0.418,0,250,216,113,113,57,50,43683,2,1,0,1,129,0,0,0
deterrence,87,retaliation-1,retaliation,0,52,union,0,407,0,20,0.0,0,35,34,12,12,10,16,343,2,3,0,0,39,10,3,0
deterrence,87,retaliation-2,retaliation,0,89,union,0,1228,0,26,0.0,0,63,71,23,23,25,23,1155,3,3,0,0,57,16,4,0
deterrence,87,peace-1,peace,1,300,,130434,157466,133,140,0.5195,1,0,49,0,0,15,106,9098,2,8,0,1,237,26,7,2
deterrence,88,hegemony-1,hegemony,0,197,collapsed,0,17547,0,54,0.0,0,158,124,39,39,76,39,33988,4,0,0,0,0,0,0,0
deterrence,88,hegemony-2,hegemony,0,54,conquered,0,336,0,23,0.0,0,33,47,7,7,29,21,501,3,1,0,0,5,0,0,0
deterrence,88,retaliation-1,retaliation,1,197,,213271,213271,249,249,0.9727,1,91,91,66,66,10,87,19325,3,4,0,0,90,34,14,2
deterrence,88,retaliation-2,retaliation,0,91,union,0,2314,0,37,0.0,0,65,63,30,30,20,24,1300,4,6,0,0,92,32,7,0
deterrence,88,peace-1,peace,0,101,union,0,8604,0,71,0.0,0,0,22,0,0,7,76,263,4,5,0,0,77,18,13,0
deterrence,89,hegemony-1,hegemony,0,103,collapsed,0,787,0,31,0.0,0,75,122,33,33,59,28,2098,3,1,0,0,37,0,0,0
deterrence,89,hegemony-2,hegemony,1,300,,158480,158480,172,172,0.6719,1,256,63,133,133,6,44,40340,4,1,0,1,111,0,0,0
deterrence,89,retaliation-1,retaliation,0,139,collapsed,0,1803,0,29,0.0,0,108,103,36,36,59,30,4651,2,0,0,0,0,0,0,0
deterrence,89,retaliation-2,retaliation,0,36,conquered,0,165,0,12,0.0,0,24,25,3,3,15,11,226,2,1,0,0,20,0,0,0
deterrence,89,peace-1,peace,1,300,,75268,96516,77,117,0.3008,0,0,150,0,0,66,142,41248,3,3,0,1,168,0,0,0
deterrence,90,hegemony-1,hegemony,1,300,,17104,37287,26,67,0.1016,0,272,251,115,115,118,28,89690,4,2,0,0,306,0,0,0
deterrence,90,hegemony-2,hegemony,1,300,,97962,98187,104,105,0.4062,0,279,192,133,133,51,21,74665,3,1,0,0,277,0,0,0
deterrence,90,retaliation-1,retaliation,1,300,,151165,151165,126,126,0.4922,1,0,0,0,0,0,77,0,3,6,0,0,583,20,2,1
deterrence,90,retaliation-2,retaliation,0,80,union,0,4261,0,48,0.0,0,0,0,0,0,0,47,0,3,5,0,0,134,18,2,0
deterrence,90,peace-1,peace,0,106,conquered,0,207,0,21,0.0,0,0,108,0,0,79,78,438,3,2,0,0,38,2,0,0
deterrence,91,hegemony-1,hegemony,0,104,collapsed,0,848,0,28,0.0,0,76,67,15,15,39,28,2237,2,0,0,0,0,0,0,0
deterrence,91,hegemony-2,hegemony,1,300,,52874,78166,64,86,0.25,0,186,166,77,77,67,53,74620,3,2,0,1,187,0,0,0
deterrence,91,retaliation-1,retaliation,1,300,,177340,177342,192,192,0.75,1,118,119,59,59,38,74,63745,2,6,0,1,243,43,19,2
deterrence,91,retaliation-2,retaliation,0,102,union,0,11276,0,56,0.0,0,0,0,0,0,0,55,0,2,4,0,0,124,29,10,0
deterrence,91,peace-1,peace,0,55,union,0,1006,0,41,0.0,0,0,28,0,0,7,46,139,3,4,0,0,46,14,9,0
deterrence,92,hegemony-1,hegemony,0,249,collapsed,0,24735,0,63,0.0,0,222,177,81,81,107,27,60745,3,1,0,1,79,0,0,0
deterrence,92,hegemony-2,hegemony,0,37,conquered,0,170,0,12,0.0,0,26,27,7,7,18,10,242,1,0,0,0,0,0,0,0
deterrence,92,retaliation-1,retaliation,1,249,,208204,208204,231,231,0.9023,1,141,145,99,99,33,71,40582,3,6,0,1,175,33,0,1
deterrence,92,retaliation-2,retaliation,0,96,union,0,1188,0,44,0.0,0,63,63,26,26,32,33,1486,4,5,0,0,95,29,1,0
deterrence,92,peace-1,peace,0,98,union,0,5782,0,94,0.0,0,0,40,0,0,23,87,293,3,6,0,0,87,26,1,1
deterrence,93,hegemony-1,hegemony,0,106,collapsed,0,632,0,26,0.0,0,74,81,17,17,46,32,1825,2,1,0,0,23,0,0,0
deterrence,93,hegemony-2,hegemony,1,300,,57856,83188,70,88,0.2734,0,178,170,71,71,57,55,60747,3,2,0,1,187,0,0,0
deterrence,93,retaliation-1,retaliation,0,69,union,0,2592,0,60,0.0,0,0,0,0,0,0,59,0,4,5,0,0,113,25,3,0
deterrence,93,retaliation-2,retaliation,1,300,,173079,182867,186,186,0.7266,1,96,97,40,40,25,79,52213,3,7,0,1,257,23,10,2
deterrence,93,peace-1,peace,0,62,union,0,1839,0,31,0.0,0,0,0,0,0,0,30,0,2,5,0,0,92,34,7,0
deterrence,94,hegemony-1,hegemony,0,49,collapsed,0,190,0,14,0.0,0,36,33,9,9,22,13,334,1,0,0,0,0,0,0,0
deterrence,94,hegemony-2,hegemony,1,300,,73501,73501,67,67,0.2617,0,67,67,34,34,20,52,500,3,2,0,0,239,0,0,0
deterrence,94,retaliation-1,retaliation,0,106,union,0,6837,0,79,0.0,0,33,36,22,22,9,65,250,3,4,0,0,57,18,8,0
deterrence,94,retaliation-2,retaliation,0,81,collapsed,0,184,0,14,0.0,0,67,67,20,20,34,14,579,2,1,0,0,29,0,0,0
deterrence,94,peace-1,peace,1,300,,207800,207800,189,189,0.7383,1,0,0,0,0,0,109,0,3,5,0,0,305,18,8,1
deterrence,95,hegemony-1,hegemony,0,156,collapsed,0,3317,0,41,0.0,0,119,112,27,27,60,37,8456,3,1,0,0,113,0,0,0
deterrence,95,hegemony-2,hegemony,1,300,,28063,51069,37,86,0.1445,0,277,248,116,116,102,22,86467,4,1,0,1,15,0,0,0
deterrence,95,retaliation-1,retaliation,1,300,,161015,161015,178,178,0.6953,1,166,159,93,93,39,93,60589,4,7,0,1,238,23,3,1
deterrence,95,retaliation-2,retaliation,0,92,collapsed,0,655,0,24,0.0,0,69,78,19,19,39,23,1473,3,2,0,0,71,13,0,0
deterrence,95,peace-1,peace,0,49,union,0,464,0,31,0.0,0,0,34,0,0,15,44,143,2,3,0,0,39,10,3,0
deterrence,96,hegemony-1,hegemony,0,188,collapsed,0,1720,0,56,0.0,0,129,68,26,26,36,59,8289,3,1,0,1,19,0,0,0
deterrence,96,hegemony-2,hegemony,1,300,,64103,68853,77,85,0.3008,0,270,209,130,130,84,30,80250,3,1,0,1,34,0,0,0
deterrence,96,retaliation-1,retaliation,0,54,union,0,455,0,23,0.0,0,29,32,8,8,12,22,336,3,5,0,0,77,18,5,0
deterrence,96,retaliation-2,retaliation,1,300,,94984,95002,109,109,0.4258,1,234,299,104,104,100,59,82447,4,8,0,2,142,31,6,2
deterrence,96,peace-1,peace,0,72,union,0,552,0,28,0.0,0,0,54,0,0,36,61,314,3,5,0,0,86,27,1,0
deterrence,97,hegemony-1,hegemony,0,167,collapsed,0,5351,0,47,0.0,0,139,125,42,42,65,28,14304,4,2,0,1,99,0,0,0
deterrence,97,hegemony-2,hegemony,1,300,,113602,113950,128,129,0.5,1,268,194,152,152,57,32,77731,4,2,0,2,88,0,0,0
deterrence,97,retaliation-1,retaliation,0,106,collapsed,0,1182,0,29,0.0,0,72,84,16,16,47,32,2151,3,2,0,0,75,46,0,0
deterrence,97,retaliation-2,retaliation,1,300,,92625,95526,105,110,0.4102,0,127,123,52,52,49,80,69153,3,7,0,3,248,31,3,1
deterrence,97,peace-1,peace,0,86,union,0,879,0,36,0.0,0,0,80,0,0,44,64,563,4,5,0,0,96,37,3,0
deterrence,98,hegemony-1,hegemony,0,267,collapsed,0,26859,0,72,0.0,0,242,193,80,80,103,25,70297,4,2,0,2,30,0,0,0
deterrence,98,hegemony-2,hegemony,0,60,conquered,0,214,0,17,0.0,0,43,53,13,13,31,17,501,3,0,0,0,0,0,0,0
deterrence,98,retaliation-1,retaliation,0,104,collapsed,0,847,0,29,0.0,0,81,87,29,29,46,22,2136,3,1,0,0,33,0,0,0
deterrence,98,retaliation-2,retaliation,1,267,,178506,178506,200,200,0.7812,1,155,156,98,98,23,93,46812,4,6,0,2,105,12,5,1
deterrence,98,peace-1,peace,0,52,union,0,506,0,31,0.0,0,0,32,0,0,17,47,154,2,3,0,0,42,12,5,0
deterrence,99,hegemony-1,hegemony,1,300,,145303,145303,158,158,0.6172,1,229,114,121,121,35,71,37430,4,2,0,1,169,0,0,0
deterrence,99,hegemony-2,hegemony,0,161,collapsed,0,2868,0,32,0.0,0,131,124,46,46,73,30,9862,3,1,0,0,115,0,0,0
deterrence,99,retaliation-1,retaliation,0,53,collapsed,0,286,0,22,0.0,0,31,59,11,11,32,21,482,3,2,0,0,36,6,0,0
deterrence,99,retaliation-2,retaliation,0,65,union,0,2142,0,60,0.0,0,0,0,0,0,0,59,0,2,4,0,0,52,10,4,0
deterrence,99,peace-1,peace,1,300,,92125,141756,94,132,0.3672,0,0,94,0,0,38,71,29848,4,7,0,1,346,16,4,1
neutrals,0,switzerland-1,switzerland,0,128,conquered,0,1567,0,42,0.0,0,0,117,0,0,77,76,2742,4,4,0,1,207,71,0,0
neutrals,0,switzerland-2,switzerland,1,300,,67154,74039,56,69,0.1728,0,0,30,0,0,13,68,10845,3,4,0,1,520,251,0,0
neutrals,0,peace-1,peace,1,300,,77995,82427,65,67,0.2006,0,0,5,0,0,2,66,1950,5,6,0,1,977,251,0,0
neutrals,0,peace-2,peace,0,180,conquered,0,12051,0,37,0.0,0,0,108,0,0,58,57,12140,3,3,0,0,257,71,0,0
neutrals,0,hegemony-1,hegemony,1,300,,175580,175580,161,161,0.4969,1,271,85,144,144,13,29,62543,4,2,0,0,381,0,0,0
neutrals,0,hegemony-2,hegemony,1,300,,30515,58260,42,69,0.1296,0,278,204,120,120,101,22,101279,5,3,0,3,348,0,0,0
neutrals,1,switzerland-1,switzerland,0,162,conquered,0,1794,0,37,0.0,0,0,148,0,0,74,73,3250,5,7,0,1,340,249,0,0
neutrals,1,switzerland-2,switzerland,1,300,,85784,85784,66,66,0.2037,0,0,0,0,0,0,65,0,5,8,0,0,821,544,0,0
neutrals,1,peace-1,peace,1,300,,73191,73191,61,61,0.1883,0,0,0,0,0,0,60,0,4,6,0,0,718,329,0,0
neutrals,1,peace-2,peace,1,300,,12191,70961,12,75,0.037,0,0,128,0,0,64,75,46596,4,6,0,1,402,322,0,0
neutrals,1,hegemony-1,hegemony,1,300,,205429,205429,185,185,0.571,1,263,2,147,147,0,37,42399,5,4,0,2,410,0,0,0
neutrals,1,hegemony-2,hegemony,0,158,collapsed,0,2201,0,29,0.0,0,146,131,70,70,79,12,6824,5,3,0,0,137,0,0,0
neutrals,2,switzerland-1,switzerland,0,270,conquered,0,60454,0,58,0.0,0,0,104,0,0,58,57,39677,4,6,0,1,528,265,0,0
neutrals,2,switzerland-2,switzerland,1,300,,71551,101830,66,85,0.2037,0,0,30,0,0,19,84,12919,3,5,0,1,559,280,0,0
neutrals,2,peace-1,peace,0,96,union,0,1550,0,35,0.0,0,0,96,0,0,39,62,864,5,7,0,0,189,102,8,0
neutrals,2,peace-2,peace,1,300,,105600,114154,88,88,0.2716,0,0,0,0,0,0,63,0,4,9,0,1,707,469,8,1
neutrals,2,hegemony-1,hegemony,1,300,,176622,176622,170,170,0.5247,1,261,74,146,146,16,39,49038,4,3,0,2,441,0,0,0
neutrals,2,hegemony-2,hegemony,0,163,collapsed,0,3670,0,35,0.0,0,143,100,41,41,55,20,12155,4,2,0,1,136,0,0,0
neutrals,3,switzerland-1,switzerland,0,87,conquered,0,399,0,31,0.0,0,0,99,0,0,67,66,646,5,6,0,0,172,85,0,0
neutrals,3,switzerland-2,switzerland,0,252,conquered,0,49349,0,49,0.0,0,0,83,0,0,49,48,29694,3,5,0,1,343,150,0,0
neutrals,3,peace-1,peace,0,153,conquered,0,8487,0,53,0.0,0,0,149,0,0,67,66,12098,4,5,0,1,196,137,0,0
neutrals,3,peace-2,peace,1,300,,99560,99560,83,83,0.2562,0,0,0,0,0,0,82,0,3,4,0,0,540,24,0,0
neutrals,3,hegemony-1,hegemony,1,300,,134622,135995,136,138,0.4198,1,266,64,125,125,24,34,64920,4,1,0,0,241,0,0,0
neutrals,3,hegemony-2,hegemony,1,300,,101639,105813,105,111,0.3241,0,278,149,149,149,67,22,91900,5,3,0,2,382,0,0,0
neutrals,4,switzerland-1,switzerland,0,93,conquered,0,579,0,27,0.0,0,0,74,0,0,51,50,829,4,6,0,0,176,89,0,0
neutrals,4,switzerland-2,switzerland,1,300,,71484,71484,55,55,0.1698,0,0,0,0,0,0,54,0,4,6,0,0,785,264,0,0
neutrals,4,peace-1,peace,0,66,union,0,1597,0,47,0.0,0,0,23,0,0,13,58,219,4,6,0,0,98,18,4,0
neutrals,4,peace-2,peace,1,300,,164998,164998,127,127,0.392,1,0,13,0,0,2,82,152,3,8,0,0,691,249,4,1
neutrals,4,hegemony-1,hegemony,1,300,,48308,56317,51,66,0.1574,0,278,212,123,123,95,22,97114,4,2,0,0,527,0,0,0
neutrals,4,hegemony-2,hegemony,1,300,,90915,90915,91,91,0.2809,0,248,204,110,110,72,52,90655,3,2,0,0,297,0,0,0
neutrals,5,switzerland-1,switzerland,1,300,,94872,94872,73,73,0.2253,0,0,0,0,0,0,72,0,4,6,0,0,761,273,0,0
neutrals,5,switzerland-2,switzerland,0,104,conquered,0,831,0,32,0.0,0,0,82,0,0,53,52,1273,2,2,0,0,80,50,0,0
neutrals,5,peace-1,peace,1,300,,20738,62031,20,52,0.0617,0,0,68,0,0,32,51,24681,3,5,0,1,546,291,0,0
neutrals,5,peace-2,peace,0,124,conquered,0,2960,0,39,0.0,0,0,111,0,0,69,68,3603,3,3,0,1,130,32,0,0
neutrals,5,hegemony-1,hegemony,1,300,,109509,109521,113,113,0.3488,0,266,166,141,141,62,33,90295,5,3,0,2,519,0,0,0
neutrals,5,hegemony-2,hegemony,1,300,,114128,114128,116,116,0.358,1,260,99,118,118,43,40,71381,3,1,0,0,172,0,0,0
neutrals,6,switzerland-1,switzerland,1,300,,65987,65987,60,60,0.1852,0,0,0,0,0,0,59,0,2,4,0,0,318,260,0,0
neutrals,6,switzerland-2,switzerland,0,55,conquered,0,192,0,16,0.0,0,0,71,0,0,51,50,196,4,3,0,0,41,5,0,0
neutrals,6,peace-1,peace,1,300,,124297,162158,115,136,0.3549,0,0,65,0,0,23,105,21557,4,9,0,2,558,230,4,1
neutrals,6,peace-2,peace,0,93,union,0,4108,0,46,0.0,0,0,44,0,0,21,52,799,5,9,0,2,175,53,4,0
neutrals,6,hegemony-1,hegemony,1,300,,133103,133103,146,146,0.4506,1,267,135,142,142,30,33,57257,3,2,0,2,112,0,0,0
neutrals,6,hegemony-2,hegemony,0,227,collapsed,0,20411,0,49,0.0,0,209,161,76,76,93,18,48160,4,3,0,2,184,0,0,0
neutrals,7,switzerland-1,switzerland,0,121,conquered,0,1169,0,36,0.0,0,0,103,0,0,62,61,1780,5,6,0,0,235,114,0,0
neutrals,7,switzerland-2,switzerland,0,196,conquered,0,16424,0,60,0.0,0,0,156,0,0,87,86,23821,4,6,0,2,300,160,0,0
neutrals,7,peace-1,peace,1,300,,132000,135057,110,110,0.3395,0,0,0,0,0,0,62,0,3,8,0,0,650,180,9,1
neutrals,7,peace-2,peace,0,64,union,0,1357,0,47,0.0,0,0,33,0,0,11,57,185,4,5,0,0,61,14,9,0
neutrals,7,hegemony-1,hegemony,1,300,,98068,101468,102,110,0.3148,0,266,104,113,113,46,34,81587,4,3,0,1,211,0,0,0
neutrals,7,hegemony-2,hegemony,1,300,,108618,109350,112,113,0.3457,1,282,152,150,150,57,18,86927,4,2,0,1,305,0,0,0
neutrals,8,switzerland-1,switzerland,0,108,conquered,0,290,0,26,0.0,0,0,133,0,0,92,91,543,5,4,0,0,227,55,0,0
neutrals,8,switzerland-2,switzerland,0,167,conquered,0,16945,0,82,0.0,0,0,142,0,0,88,87,19658,4,5,0,1,232,172,0,0
neutrals,8,peace-1,peace,0,93,union,0,7635,0,47,0.0,0,0,0,0,0,0,46,0,3,5,0,0,185,12,3,0
neutrals,8,peace-2,peace,1,300,,117590,117590,98,98,0.3025,0,0,0,0,0,0,50,0,5,8,0,0,741,129,3,1
neutrals,8,hegemony-1,hegemony,1,300,,101287,108251,105,118,0.3241,0,280,134,142,142,58,20,87469,5,2,0,0,306,0,0,0
neutrals,8,hegemony-2,hegemony,1,300,,118956,121053,121,124,0.3735,1,276,147,156,156,60,24,84244,4,2,0,1,251,0,0,0
neutrals,9,switzerland-1,switzerland,1,300,,11139,67737,11,81,0.034,0,0,148,0,0,76,86,51180,4,5,0,1,405,31,0,0
neutrals,9,switzerland-2,switzerland,0,69,conquered,0,294,0,26,0.0,0,0,72,0,0,39,38,469,4,4,0,1,110,31,0,0
neutrals,9,peace-1,peace,0,75,union,0,3409,0,46,0.0,0,0,0,0,0,0,45,0,4,6,0,0,183,13,8,0
neutrals,9,peace-2,peace,1,300,,171998,171998,144,144,0.4444,0,0,0,0,0,0,97,0,3,4,0,0,479,13,8,1
neutrals,9,hegemony-1,hegemony,1,300,,171644,171644,169,169,0.5216,1,263,72,147,147,16,37,48057,5,2,0,1,374,0,0,0
neutrals,9,hegemony-2,hegemony,0,146,collapsed,0,2686,0,36,0.0,0,126,97,46,46,62,20,8084,4,3,0,1,221,0,0,0
neutrals,10,switzerland-1,switzerland,0,173,conquered,0,11213,0,47,0.0,0,0,123,0,0,61,60,13081,2,2,0,0,146,117,0,0
neutrals,10,switzerland-2,switzerland,0,98,conquered,0,612,0,35,0.0,0,0,101,0,0,66,65,919,4,4,0,0,122,64,0,0
neutrals,10,peace-1,peace,0,264,conquered,0,75243,0,66,0.0,0,0,122,0,0,66,65,43443,4,6,0,2,500,138,0,0
neutrals,10,peace-2,peace,1,300,,80915,80915,70,70,0.216,0,0,0,0,0,0,69,0,3,4,0,0,595,43,0,0
neutrals,10,hegemony-1,hegemony,1,300,,82607,89046,87,95,0.2685,0,266,154,122,122,70,34,84923,5,2,0,1,375,0,0,0
neutrals,10,hegemony-2,hegemony,1,300,,166516,166516,165,165,0.5093,1,277,43,153,153,12,23,53695,4,2,0,1,452,0,0,0
neutrals,11,switzerland-1,switzerland,0,135,conquered,0,6041,0,64,0.0,0,0,125,0,0,69,68,7841,4,3,0,0,136,84,0,0
neutrals,11,switzerland-2,switzerland,1,300,,49306,67169,50,56,0.1543,0,0,15,0,0,6,55,5104,3,5,0,1,549,243,0,0
neutrals,11,peace-1,peace,0,73,conquered,0,325,0,28,0.0,0,0,86,0,0,54,53,478,5,5,0,0,95,14,0,0
neutrals,11,peace-2,peace,0,292,conquered,0,73992,0,59,0.0,0,0,127,0,0,59,58,45244,5,8,0,2,624,319,0,0
neutrals,11,hegemony-1,hegemony,1,300,,103134,103134,116,116,0.358,0,260,107,123,123,48,40,76598,4,1,0,1,44,0,0,0
neutrals,11,hegemony-2,hegemony,1,300,,134588,140689,140,140,0.4321,1,274,74,141,141,28,26,62745,5,2,0,2,422,0,0,0
neutrals,12,switzerland-1,switzerland,1,300,,97500,104815,75,75,0.2315,0,0,0,0,0,0,74,0,4,7,0,0,924,715,0,0
neutrals,12,switzerland-2,switzerland,1,300,,50254,79731,43,57,0.1327,0,0,25,0,0,14,56,11080,5,7,0,1,1010,682,0,0
neutrals,12,peace-1,peace,0,275,conquered,0,56501,0,57,0.0,0,0,118,0,0,57,56,44512,3,5,0,1,582,422,0,0
neutrals,12,peace-2,peace,1,300,,92274,92274,71,71,0.2191,0,0,0,0,0,0,70,0,3,5,0,0,751,469,0,0
neutrals,12,hegemony-1,hegemony,0,43,collapsed,0,153,0,10,0.0,0,32,34,9,9,19,11,272,2,0,0,0,0,0,0,0
neutrals,12,hegemony-2,hegemony,1,300,,150561,150561,135,135,0.4167,1,177,32,90,90,9,53,48044,5,4,0,2,685,0,0,0
neutrals,13,switzerland-1,switzerland,0,72,conquered,0,238,0,25,0.0,0,0,84,0,0,61,60,351,5,3,0,0,89,0,0,0
neutrals,13,switzerland-2,switzerland,0,272,conquered,0,70326,0,69,0.0,0,0,141,0,0,74,73,46986,3,3,0,2,312,0,0,0
neutrals,13,peace-1,peace,0,178,conquered,0,26797,0,31,0.0,0,0,50,0,0,31,30,16966,3,3,0,2,145,0,0,0
neutrals,13,peace-2,peace,0,146,conquered,0,7409,0,65,0.0,0,0,141,0,0,87,86,10620,3,3,0,2,74,0,0,0
neutrals,13,hegemony-1,hegemony,1,300,,146336,147824,159,161,0.4907,0,282,40,156,156,16,18,58178,5,3,0,3,286,0,0,0
neutrals,13,hegemony-2,hegemony,1,300,,151830,152501,165,167,0.5093,1,249,75,151,151,38,51,66976,5,3,0,3,156,0,0,0
neutrals,14,switzerland-1,switzerland,0,84,conquered,0,238,0,23,0.0,0,0,90,0,0,59,58,470,3,3,0,1,50,16,0,0
neutrals,14,switzerland-2,switzerland,1,300,,74076,94811,69,73,0.213,0,0,17,0,0,5,73,5478,5,8,0,1,705,284,0,0
neutrals,14,peace-1,peace,0,60,union,0,1691,0,50,0.0,0,0,0,0,0,0,49,0,2,5,0,0,90,30,5,0
neutrals,14,peace-2,peace,1,300,,168763,174842,146,146,0.4506,1,0,0,0,0,0,95,0,4,7,0,0,773,262,5,1
neutrals,14,hegemony-1,hegemony,0,283,collapsed,0,26503,0,50,0.0,0,265,229,101,101,117,16,74437,4,3,0,1,422,0,0,0
neutrals,14,hegemony-2,hegemony,1,300,,100497,100497,103,103,0.3179,0,278,207,140,140,60,22,65494,4,2,0,1,368,0,0,0
neutrals,15,switzerland-1,switzerland,0,245,conquered,0,48983,0,53,0.0,0,0,90,0,0,54,53,34649,5,8,0,1,453,240,0,0
neutrals,15,switzerland-2,switzerland,0,88,conquered,0,771,0,39,0.0,0,0,102,0,0,53,52,1064,4,4,0,0,123,65,0,0
neutrals,15,peace-1,peace,0,75,union,0,3441,0,68,0.0,0,0,0,0,0,0,67,0,3,6,0,0,101,31,4,0
neutrals,15,peace-2,peace,1,300,,121746,174885,123,149,0.3796,0,0,53,0,0,26,80,18336,5,9,0,1,600,242,4,1
neutrals,15,hegemony-1,hegemony,1,300,,181478,181478,193,193,0.5957,1,252,60,153,153,9,48,46680,5,3,0,2,248,0,0,0
neutrals,15,hegemony-2,hegemony,0,147,collapsed,0,3802,0,41,0.0,0,131,78,43,43,54,16,9105,4,2,0,0,161,0,0,0
neutrals,16,switzerland-1,switzerland,0,149,conquered,0,7110,0,63,0.0,0,0,147,0,0,77,76,10252,5,6,0,0,274,187,0,0
neutrals,16,switzerland-2,switzerland,0,221,conquered,0,55786,0,72,0.0,0,0,126,0,0,72,71,39976,4,5,0,1,263,100,0,0
neutrals,16,peace-1,peace,0,259,conquered,0,59450,0,50,0.0,0,0,78,0,0,50,49,29211,3,4,0,2,467,90,0,0
neutrals,16,peace-2,peace,0,79,conquered,0,451,0,28,0.0,0,0,86,0,0,60,59,643,4,4,0,0,95,37,0,0
neutrals,16,hegemony-1,hegemony,1,300,,150939,151615,164,165,0.5062,1,268,42,146,146,15,32,56782,5,2,0,2,270,0,0,0
neutrals,16,hegemony-2,hegemony,1,300,,145436,150473,158,162,0.4877,0,271,60,154,154,26,29,59501,5,1,0,1,183,0,0,0
neutrals,17,switzerland-1,switzerland,1,300,,63515,63515,50,50,0.1543,0,0,0,0,0,0,49,0,5,8,0,0,625,278,0,0
neutrals,17,switzerland-2,switzerland,0,109,conquered,0,1819,0,41,0.0,0,0,100,0,0,59,58,2443,5,6,0,1,205,99,0,0
neutrals,17,peace-1,peace,0,63,conquered,0,142,0,19,0.0,0,0,56,0,0,43,42,220,3,4,0,1,65,5,0,0
neutrals,17,peace-2,peace,1,300,,971,56800,1,73,0.0031,0,0,204,0,0,83,83,56416,4,6,0,1,574,282,0,0
neutrals,17,hegemony-1,hegemony,1,300,,50069,50069,61,71,0.1883,0,258,177,108,108,90,42,95450,4,2,0,1,55,0,0,0
neutrals,17,hegemony-2,hegemony,1,300,,212010,212010,189,189,0.5833,1,279,0,167,167,0,21,35406,5,4,0,2,458,0,0,0
neutrals,18,switzerland-1,switzerland,1,300,,18758,72700,20,61,0.0617,0,0,67,0,0,41,60,25250,3,4,0,1,407,14,0,0
neutrals,18,switzerland-2,switzerland,0,70,conquered,0,189,0,18,0.0,0,0,84,0,0,56,55,284,5,4,0,0,84,14,0,0
neutrals,18,peace-1,peace,0,82,union,0,3267,0,58,0.0,0,0,34,0,0,17,72,493,4,5,0,1,65,10,4,0
neutrals,18,peace-2,peace,1,300,,149499,158976,136,136,0.4198,0,0,0,0,0,0,79,0,3,7,0,1,380,10,4,1
neutrals,18,hegemony-1,hegemony,0,233,collapsed,0,22101,0,54,0.0,0,199,148,59,59,91,33,54386,4,3,0,1,239,0,0,0
neutrals,18,hegemony-2,hegemony,1,300,,168817,168817,166,166,0.5123,1,280,146,179,179,33,19,56581,5,3,0,2,451,0,0,0
neutrals,19,switzerland-1,switzerland,1,300,,79123,79123,72,72,0.2222,0,0,7,0,0,2,73,2090,4,4,0,1,510,94,0,0
neutrals,19,switzerland-2,switzerland,0,275,conquered,0,74846,0,66,0.0,0,0,130,0,0,66,65,44859,3,4,0,2,438,112,0,0
neutrals,19,peace-1,peace,0,59,union,0,340,0,25,0.0,0,0,52,0,0,33,53,254,5,5,0,0,74,16,6,0
neutrals,19,peace-2,peace,0,168,conquered,0,6823,0,62,0.0,0,0,176,0,0,96,74,10395,4,6,0,1,314,216,6,1
neutrals,19,hegemony-1,hegemony,1,300,,81419,85257,94,99,0.2901,0,274,148,134,134,67,26,84025,5,2,0,2,267,0,0,0
neutrals,19,hegemony-2,hegemony,1,300,,159222,159222,158,158,0.4877,1,273,34,141,141,11,27,51924,5,3,0,2,425,0,0,0
neutrals,20,switzerland-1,switzerland,0,118,conquered,0,2245,0,45,0.0,0,0,131,0,0,69,68,3093,5,6,0,1,156,76,0,0
neutrals,20,switzerland-2,switzerland,1,300,,79281,79281,61,61,0.1883,0,0,0,0,0,0,60,0,4,6,0,0,840,289,0,0
neutrals,20,peace-1,peace,1,300,,149448,149448,115,115,0.3549,1,0,0,0,0,0,67,0,4,8,0,1,807,252,2,1
neutrals,20,peace-2,peace,0,79,union,0,1476,0,47,0.0,0,0,56,0,0,27,73,315,4,6,0,0,95,21,2,0
neutrals,20,hegemony-1,hegemony,1,300,,93282,93282,92,92,0.284,0,274,182,137,137,72,26,94024,4,2,0,0,503,0,0,0
neutrals,20,hegemony-2,hegemony,1,300,,53529,67407,56,72,0.1728,0,276,181,117,117,86,24,100455,5,4,0,2,503,0,0,0
neutrals,21,switzerland-1,switzerland,0,82,conquered,0,174,0,23,0.0,0,0,70,0,0,54,53,348,5,5,0,1,119,30,0,0
neutrals,21,switzerland-2,switzerland,1,300,,13420,61964,13,52,0.0401,0,0,69,0,0,39,51,27305,3,5,0,1,505,283,0,0
neutrals,21,peace-1,peace,0,77,union,0,1095,0,43,0.0,0,0,60,0,0,32,73,337,3,4,0,0,69,11,2,0
neutrals,21,peace-2,peace,1,300,,125152,125870,105,105,0.3241,0,0,30,0,0,8,70,846,5,9,0,1,606,264,2,1
neutrals,21,hegemony-1,hegemony,0,228,collapsed,0,21556,0,53,0.0,0,207,141,61,61,79,21,50824,4,2,0,1,24,0,0,0
neutrals,21,hegemony-2,hegemony,1,300,,175538,175538,173,173,0.534,1,279,116,171,171,20,21,55355,4,3,0,2,395,0,0,0
neutrals,22,switzerland-1,switzerland,0,235,conquered,0,54210,0,46,0.0,0,0,80,0,0,46,45,30913,5,6,0,1,494,315,0,0
neutrals,22,switzerland-2,switzerland,0,172,conquered,0,9566,0,53,0.0,0,0,129,0,0,74,73,12168,4,4,0,0,296,238,0,0
neutrals,22,peace-1,peace,0,73,union,0,554,0,33,0.0,0,0,59,0,0,37,55,320,3,4,0,0,69,12,5,0
neutrals,22,peace-2,peace,1,300,,108000,115343,90,90,0.2778,0,0,5,0,0,2,72,131,5,10,0,1,762,293,5,1
neutrals,22,hegemony-1,hegemony,1,300,,99893,105098,103,109,0.3179,0,246,158,119,119,71,54,83126,4,2,0,1,325,0,0,0
neutrals,22,hegemony-2,hegemony,1,300,,128815,130064,131,133,0.4043,1,281,96,149,149,38,19,74738,5,2,0,1,150,0,0,0
neutrals,23,switzerland-1,switzerland,0,152,conquered,0,3302,0,44,0.0,0,0,135,0,0,76,75,5336,4,5,0,0,284,218,0,0
neutrals,23,switzerland-2,switzerland,1,300,,98771,98771,76,76,0.2346,0,0,0,0,0,0,75,0,4,5,0,0,899,108,0,0
neutrals,23,peace-1,peace,1,300,,150759,150759,116,116,0.358,1,0,0,0,0,0,77,0,2,6,0,0,800,102,4,1
neutrals,23,peace-2,peace,0,59,union,0,900,0,40,0.0,0,0,38,0,0,12,49,175,5,7,0,1,110,26,4,0
neutrals,23,hegemony-1,hegemony,1,300,,12159,39179,19,54,0.0586,0,283,237,116,116,115,17,95357,4,2,0,0,487,0,0,0
neutrals,23,hegemony-2,hegemony,1,300,,116033,116033,113,113,0.3488,0,275,148,127,127,40,25,75624,3,3,0,1,428,0,0,0
neutrals,24,switzerland-1,switzerland,0,275,conquered,0,60602,0,47,0.0,0,0,81,0,0,47,46,31550,4,6,0,2,620,294,0,0
neutrals,24,switzerland-2,switzerland,0,124,conquered,0,1165,0,36,0.0,0,0,111,0,0,75,74,1842,4,4,0,0,201,67,0,0
neutrals,24,peace-1,peace,0,83,union,0,1777,0,41,0.0,0,0,62,0,0,29,69,434,4,5,0,0,76,19,2,0
neutrals,24,peace-2,peace,1,300,,109200,113320,91,99,0.2809,0,0,72,0,0,25,74,6762,5,10,0,2,603,246,2,1
neutrals,24,hegemony-1,hegemony,1,300,,105910,106507,110,112,0.3395,0,263,114,114,114,42,37,73640,4,3,0,2,141,0,0,0
neutrals,24,hegemony-2,hegemony,1,300,,117035,117932,120,123,0.3704,1,285,108,148,148,44,15,73819,5,4,0,2,349,0,0,0
neutrals,25,switzerland-1,switzerland,0,150,conquered,0,8100,0,56,0.0,0,0,146,0,0,76,75,10005,4,4,0,1,312,87,0,0
neutrals,25,switzerland-2,switzerland,0,282,conquered,0,82316,0,65,0.0,0,0,113,0,0,65,64,45386,4,5,0,2,701,224,0,0
neutrals,25,peace-1,peace,1,300,,49877,84379,52,68,0.1605,0,0,38,0,0,16,67,12640,3,4,0,2,511,224,0,0
neutrals,25,peace-2,peace,0,126,conquered,0,2643,0,38,0.0,0,0,101,0,0,60,59,3422,2,2,0,0,116,87,0,0
neutrals,25,hegemony-1,hegemony,1,300,,107583,107583,117,117,0.3611,0,274,93,133,133,43,26,76336,4,2,0,2,186,0,0,0
neutrals,25,hegemony-2,hegemony,1,300,,149350,150592,155,155,0.4784,1,273,56,150,150,23,27,59618,5,3,0,3,478,0,0,0
neutrals,26,switzerland-1,switzerland,0,96,conquered,0,193,0,26,0.0,0,0,107,0,0,90,89,362,4,3,0,0,102,19,0,0
neutrals,26,switzerland-2,switzerland,0,300,conquered,0,76373,0,59,0.0,0,0,89,0,0,59,58,38892,5,7,0,2,770,273,0,0
neutrals,26,peace-1,peace,0,73,union,0,1452,0,35,0.0,0,0,35,0,0,22,49,273,3,5,0,0,95,36,3,0
neutrals,26,peace-2,peace,1,300,,114371,114371,88,88,0.2716,0,0,0,0,0,0,59,0,5,7,0,0,755,236,3,1
neutrals,26,hegemony-1,hegemony,1,300,,130306,130306,130,130,0.4012,1,264,150,149,149,56,36,74122,5,2,0,1,394,0,0,0
neutrals,26,hegemony-2,hegemony,1,300,,90021,90021,96,96,0.2963,0,283,166,155,155,77,17,88214,4,2,0,1,424,0,0,0
neutrals,27,switzerland-1,switzerland,0,119,conquered,0,1471,0,37,0.0,0,0,100,0,0,59,58,2140,2,2,0,0,97,68,0,0
neutrals,27,switzerland-2,switzerland,1,300,,116400,123633,97,97,0.2994,0,0,0,0,0,0,96,0,4,6,0,0,782,278,0,0
neutrals,27,peace-1,peace,0,295,conquered,0,50363,0,72,0.0,0,0,267,0,0,99,87,57345,4,7,0,2,405,222,1,1
neutrals,27,peace-2,peace,0,56,union,0,305,0,22,0.0,0,0,43,0,0,20,30,211,2,3,0,0,41,12,1,0
neutrals,27,hegemony-1,hegemony,1,300,,176700,177632,169,170,0.5216,1,273,5,142,142,1,27,41445,4,3,0,2,382,0,0,0
neutrals,27,hegemony-2,hegemony,1,300,,47441,48508,58,64,0.179,0,279,137,106,106,69,20,88109,4,1,0,0,179,0,0,0
neutrals,28,switzerland-1,switzerland,1,300,,101366,101366,78,78,0.2407,0,0,0,0,0,0,77,0,4,6,0,0,748,290,0,0
neutrals,28,switzerland-2,switzerland,1,300,,82708,90082,69,73,0.213,0,0,10,0,0,4,72,3874,4,5,0,1,805,251,0,0
neutrals,28,peace-1,peace,0,52,union,0,256,0,24,0.0,0,0,46,0,0,26,48,183,3,4,0,1,41,9,4,0
neutrals,28,peace-2,peace,0,128,conquered,0,3397,0,59,0.0,0,0,166,0,0,92,68,5204,5,7,0,1,188,48,4,1
neutrals,28,hegemony-1,hegemony,1,300,,37528,62153,44,81,0.1358,0,284,163,110,110,83,16,103126,5,3,0,2,428,0,0,0
neutrals,28,hegemony-2,hegemony,1,300,,140457,140457,133,133,0.4105,1,263,162,137,137,42,37,82935,5,3,0,1,424,0,0,0
neutrals,29,switzerland-1,switzerland,1,300,,90975,90975,70,70,0.216,0,0,0,0,0,0,69,0,5,8,0,0,827,276,0,0
neutrals,29,switzerland-2,switzerland,0,115,conquered,0,1261,0,40,0.0,0,0,138,0,0,90,89,1941,4,5,0,1,98,22,0,0
neutrals,29,peace-1,peace,1,300,,772,54677,1,81,0.0031,0,0,185,0,0,80,80,53960,3,5,0,1,328,254,0,0
neutrals,29,peace-2,peace,0,66,conquered,0,204,0,21,0.0,0,0,51,0,0,41,40,331,2,2,0,0,35,6,0,0
neutrals,29,hegemony-1,hegemony,1,300,,198409,198409,193,193,0.5957,1,283,0,175,175,0,17,40457,4,2,0,1,275,0,0,0
neutrals,29,hegemony-2,hegemony,1,300,,51378,60789,60,79,0.1852,0,277,186,136,136,100,23,100806,4,2,0,1,219,0,0,0
neutrals,30,switzerland-1,switzerland,0,114,conquered,0,691,0,31,0.0,0,0,101,0,0,57,56,1220,4,5,0,0,216,121,0,0
neutrals,30,switzerland-2,switzerland,1,300,,88611,88611,74,74,0.2284,0,0,0,0,0,0,73,0,3,4,0,0,585,58,0,0
neutrals,30,peace-1,peace,0,91,union,0,3391,0,51,0.0,0,0,56,0,0,27,65,691,4,5,0,0,106,11,6,0
neutrals,30,peace-2,peace,1,300,,124765,124765,104,104,0.321,1,0,0,0,0,0,64,0,3,7,0,0,519,74,6,1
neutrals,30,hegemony-1,hegemony,1,300,,65087,65087,68,70,0.2099,0,259,182,107,107,81,41,94675,3,2,0,0,407,0,0,0
neutrals,30,hegemony-2,hegemony,1,300,,77545,80976,77,82,0.2377,0,282,202,137,137,79,18,92706,5,3,0,0,507,0,0,0
neutrals,31,switzerland-1,switzerland,0,96,conquered,0,962,0,34,0.0,0,0,87,0,0,50,49,1252,5,6,0,0,184,96,0,0
neutrals,31,switzerland-2,switzerland,1,300,,104355,104355,84,84,0.2593,0,0,0,0,0,0,83,0,4,6,0,0,793,226,0,0
neutrals,31,peace-1,peace,1,300,,64785,64785,54,54,0.1667,0,0,0,0,0,0,53,0,3,5,0,0,568,264,0,0
neutrals,31,peace-2,peace,0,164,conquered,0,8922,0,49,0.0,0,0,111,0,0,57,56,11586,3,3,0,1,116,26,0,0
neutrals,31,hegemony-1,hegemony,1,300,,117090,117090,112,112,0.3457,1,279,133,139,139,49,21,83318,5,3,0,1,565,0,0,0
neutrals,31,hegemony-2,hegemony,1,300,,58062,61941,66,75,0.2037,0,252,200,113,113,96,48,97942,4,1,0,0,248,0,0,0
neutrals,32,switzerland-1,switzerland,1,300,,76700,76700,59,59,0.1821,0,0,0,0,0,0,58,0,5,7,0,0,953,487,0,0
neutrals,32,switzerland-2,switzerland,1,300,,101392,101392,78,78,0.2407,0,0,0,0,0,0,77,0,5,7,0,0,994,490,0,0
neutrals,32,peace-1,peace,0,112,conquered,0,898,0,34,0.0,0,0,109,0,0,63,62,1553,4,2,0,0,134,0,0,0
neutrals,32,peace-2,peace,1,300,,2137,71516,2,59,0.0062,0,0,106,0,0,57,58,43874,3,5,0,1,669,497,0,0
neutrals,32,hegemony-1,hegemony,1,300,,196687,196687,178,178,0.5494,1,261,76,152,152,14,39,52771,5,3,0,1,566,0,0,0
neutrals,32,hegemony-2,hegemony,0,188,collapsed,0,9680,0,45,0.0,0,166,136,64,64,82,22,26444,4,2,0,0,268,0,0,0
neutrals,33,switzerland-1,switzerland,1,300,,31751,76416,30,64,0.0926,0,0,60,0,0,34,63,24021,3,5,0,1,499,252,0,0
neutrals,33,switzerland-2,switzerland,0,240,conquered,0,36963,0,75,0.0,0,0,184,0,0,92,91,35231,3,3,0,0,242,192,0,0
neutrals,33,peace-1,peace,0,59,union,0,1615,0,54,0.0,0,0,0,0,0,0,53,0,3,6,0,0,96,18,7,0
neutrals,33,peace-2,peace,1,300,,139200,150062,116,116,0.358,0,0,0,0,0,0,61,0,4,8,0,0,785,450,7,1
neutrals,33,hegemony-1,hegemony,0,31,conquered,0,177,0,13,0.0,0,17,19,1,1,15,13,190,1,0,0,0,0,0,0,0
neutrals,33,hegemony-2,hegemony,1,300,,182775,182775,178,178,0.5494,1,263,17,141,141,1,37,45708,4,2,0,1,436,0,0,0
neutrals,34,switzerland-1,switzerland,0,130,conquered,0,4121,0,46,0.0,0,0,106,0,0,64,63,4984,4,5,0,1,210,89,0,0
neutrals,34,switzerland-2,switzerland,0,121,conquered,0,1509,0,38,0.0,0,0,97,0,0,68,67,2142,3,3,0,0,134,47,0,0
neutrals,34,peace-1,peace,1,300,,149703,149703,125,125,0.3858,1,0,0,0,0,0,78,0,3,6,0,0,665,52,3,1
neutrals,34,peace-2,peace,0,59,union,0,1607,0,46,0.0,0,0,0,0,0,0,45,0,4,6,0,0,73,10,3,0
neutrals,34,hegemony-1,hegemony,1,300,,93019,94359,98,100,0.3025,0,272,168,142,142,73,28,91923,5,3,0,1,321,0,0,0
neutrals,34,hegemony-2,hegemony,1,300,,94725,96675,99,102,0.3056,0,265,166,129,129,66,35,91157,3,1,0,0,269,0,0,0
neutrals,35,switzerland-1,switzerland,0,56,conquered,0,271,0,24,0.0,0,0,67,0,0,43,42,340,2,0,0,0,0,0,0,0
neutrals,35,switzerland-2,switzerland,0,156,conquered,0,11163,0,69,0.0,0,0,174,0,0,91,90,14360,3,2,0,0,132,103,0,0
neutrals,35,peace-1,peace,1,300,,160765,160765,134,134,0.4136,0,0,0,0,0,0,78,0,3,7,0,0,592,112,3,1
neutrals,35,peace-2,peace,0,61,union,0,1696,0,55,0.0,0,0,5,0,0,2,56,48,2,4,0,1,68,9,3,0
neutrals,35,hegemony-1,hegemony,1,300,,148321,148321,150,150,0.463,1,266,143,156,156,41,34,76329,4,2,0,1,214,0,0,0
neutrals,35,hegemony-2,hegemony,1,300,,32537,56200,40,81,0.1235,0,282,159,113,113,92,18,95244,4,1,0,0,238,0,0,0
neutrals,36,switzerland-1,switzerland,0,124,conquered,0,1906,0,50,0.0,0,0,135,0,0,93,92,2747,4,3,0,0,103,60,0,0
neutrals,36,switzerland-2,switzerland,1,300,,93573,93573,72,72,0.2222,0,0,0,0,0,0,71,0,4,6,0,0,783,213,0,0
neutrals,36,peace-1,peace,0,71,conquered,0,192,0,21,0.0,0,0,80,0,0,63,62,277,4,3,0,0,56,13,0,0
neutrals,36,peace-2,peace,1,300,,16972,70885,17,61,0.0525,0,0,98,0,0,44,60,34629,3,5,0,1,498,260,0,0
neutrals,36,hegemony-1,hegemony,1,300,,146781,146781,144,144,0.4444,1,280,79,147,147,23,19,61847,4,1,0,0,261,0,0,0
neutrals,36,hegemony-2,hegemony,1,300,,84870,85738,91,96,0.2809,0,285,173,146,146,70,14,97413,5,2,0,1,429,0,0,0
neutrals,37,switzerland-1,switzerland,0,166,conquered,0,8750,0,51,0.0,0,0,116,0,0,56,55,11172,2,3,0,1,48,18,0,0
neutrals,37,switzerland-2,switzerland,1,300,,109147,109147,91,91,0.2809,0,0,0,0,0,0,90,0,3,4,0,0,553,217,0,0
neutrals,37,peace-1,peace,0,68,conquered,0,287,0,25,0.0,0,0,77,0,0,54,53,395,4,3,0,0,90,18,0,0
neutrals,37,peace-2,peace,1,300,,74420,98747,68,76,0.2099,0,0,10,0,0,8,75,4984,3,4,0,1,698,217,0,0
neutrals,37,hegemony-1,hegemony,1,300,,168131,168131,162,162,0.5,1,278,124,161,161,22,22,64195,4,2,0,1,459,0,0,0
neutrals,37,hegemony-2,hegemony,0,290,collapsed,0,34500,0,59,0.0,0,267,218,98,98,119,23,92569,4,2,0,1,258,0,0,0
neutrals,38,switzerland-1,switzerland,0,126,conquered,0,3723,0,45,0.0,0,0,108,0,0,61,60,5058,4,5,0,1,178,61,0,0
neutrals,38,switzerland-2,switzerland,1,300,,110463,110463,85,85,0.2623,0,0,0,0,0,0,84,0,4,6,0,0,774,263,0,0
neutrals,38,peace-1,peace,0,76,conquered,0,306,0,27,0.0,0,0,87,0,0,52,51,498,4,4,0,0,93,35,0,0
neutrals,38,peace-2,peace,1,300,,88898,88898,72,72,0.2222,0,0,0,0,0,0,71,0,4,6,0,0,557,237,0,0
neutrals,38,hegemony-1,hegemony,1,300,,91400,91839,95,96,0.2932,1,266,181,126,126,66,34,93270,5,2,0,0,227,0,0,0
neutrals,38,hegemony-2,hegemony,1,300,,72327,80627,72,86,0.2222,0,282,172,128,128,75,18,98342,5,3,0,1,547,0,0,0
neutrals,39,switzerland-1,switzerland,1,300,,101368,101368,78,78,0.2407,0,0,0,0,0,0,77,0,4,6,0,0,784,249,0,0
neutrals,39,switzerland-2,switzerland,0,93,conquered,0,364,0,26,0.0,0,0,89,0,0,60,59,657,4,3,0,0,112,19,0,0
neutrals,39,peace-1,peace,0,117,conquered,0,3424,0,41,0.0,0,0,91,0,0,49,48,4080,4,4,0,1,207,67,0,0
neutrals,39,peace-2,peace,1,300,,107863,107863,83,83,0.2562,0,0,0,0,0,0,82,0,4,6,0,0,727,201,0,0
neutrals,39,hegemony-1,hegemony,1,300,,99302,101063,96,99,0.2963,1,267,181,125,125,63,33,95909,5,2,0,0,432,0,0,0
neutrals,39,hegemony-2,hegemony,1,300,,65276,79445,67,84,0.2068,0,281,187,129,129,82,19,102990,5,3,0,1,556,0,0,0
neutrals,40,switzerland-1,switzerland,1,300,,138464,138464,116,116,0.358,0,0,0,0,0,0,115,0,3,4,0,0,439,116,0,0
neutrals,40,switzerland-2,switzerland,0,170,conquered,0,18729,0,58,0.0,0,0,135,0,0,65,64,19566,4,5,0,1,334,201,0,0
neutrals,40,peace-1,peace,0,144,conquered,0,4363,0,45,0.0,0,0,96,0,0,47,46,6744,4,3,0,0,117,85,0,0
neutrals,40,peace-2,peace,0,51,conquered,0,203,0,20,0.0,0,0,68,0,0,50,49,222,3,1,0,0,3,0,0,0
neutrals,40,hegemony-1,hegemony,1,300,,82043,91723,87,100,0.2685,0,274,129,123,123,63,26,88754,5,2,0,1,311,0,0,0
neutrals,40,hegemony-2,hegemony,1,300,,117318,117318,121,122,0.3735,1,281,127,150,150,48,18,82646,5,3,0,2,210,0,0,0
neutrals,41,switzerland-1,switzerland,0,263,conquered,0,66363,0,53,0.0,0,0,96,0,0,53,52,37938,5,8,0,2,655,337,0,0
neutrals,41,switzerland-2,switzerland,0,109,conquered,0,1033,0,37,0.0,0,0,97,0,0,58,57,1526,5,6,0,0,245,158,0,0
neutrals,41,peace-1,peace,0,125,conquered,0,4063,0,37,0.0,0,0,92,0,0,54,53,4654,4,5,0,1,227,120,0,0
neutrals,41,peace-2,peace,1,300,,76005,100567,71,84,0.2191,0,0,34,0,0,13,83,11607,4,5,0,0,537,241,0,0
neutrals,41,hegemony-1,hegemony,1,300,,153060,153060,151,151,0.466,1,270,76,145,145,25,30,55543,5,3,0,2,444,0,0,0
neutrals,41,hegemony-2,hegemony,1,300,,87328,89740,101,104,0.3117,0,258,133,112,112,54,42,82833,5,1,0,1,72,0,0,0
neutrals,42,switzerland-1,switzerland,0,138,conquered,0,4381,0,59,0.0,0,0,141,0,0,77,76,6083,3,3,0,1,105,62,0,0
neutrals,42,switzerland-2,switzerland,1,300,,101370,101370,78,78,0.2407,0,0,0,0,0,0,77,0,4,6,0,0,809,307,0,0
neutrals,42,peace-1,peace,1,300,,76782,76782,64,64,0.1975,0,0,0,0,0,0,63,0,2,3,0,0,521,245,0,0
neutrals,42,peace-2,peace,0,83,conquered,0,374,0,31,0.0,0,0,94,0,0,59,58,570,2,1,0,1,1,0,0,0
neutrals,42,hegemony-1,hegemony,1,300,,73795,78015,80,92,0.2469,0,274,163,123,123,70,26,95651,4,1,0,0,206,0,0,0
neutrals,42,hegemony-2,hegemony,1,300,,106731,108193,102,104,0.3148,1,282,158,140,140,57,18,90872,5,4,0,2,496,0,0,0
neutrals,43,switzerland-1,switzerland,1,300,,73016,83804,61,65,0.1883,0,0,19,0,0,4,64,6039,5,6,0,1,809,215,0,0
neutrals,43,switzerland-2,switzerland,0,57,conquered,0,242,0,21,0.0,0,0,63,0,0,45,44,297,4,4,0,1,67,0,0,0
neutrals,43,peace-1,peace,0,125,conquered,0,2006,0,43,0.0,0,0,146,0,0,97,96,3024,4,4,0,1,112,0,0,0
neutrals,43,peace-2,peace,1,300,,85176,85176,71,71,0.2191,0,0,0,0,0,0,70,0,2,3,0,0,514,215,0,0
neutrals,43,hegemony-1,hegemony,1,300,,123798,124443,117,118,0.3611,1,274,156,146,146,56,26,85159,5,3,0,1,520,0,0,0
neutrals,43,hegemony-2,hegemony,1,300,,63064,80715,75,93,0.2315,0,282,172,132,132,76,18,99112,4,2,0,2,208,0,0,0
neutrals,44,switzerland-1,switzerland,0,65,conquered,0,256,0,25,0.0,0,0,71,0,0,43,42,369,5,5,0,1,110,19,0,0
neutrals,44,switzerland-2,switzerland,0,276,conquered,0,58672,0,65,0.0,0,0,136,0,0,72,71,34945,3,4,0,2,212,19,0,0
neutrals,44,peace-1,peace,0,65,union,0,1300,0,40,0.0,0,0,25,0,0,11,50,167,4,5,0,0,93,14,9,0
neutrals,44,peace-2,peace,1,300,,123032,136828,137,137,0.4228,0,0,23,0,0,11,107,7532,3,6,0,1,371,14,9,1
neutrals,44,hegemony-1,hegemony,1,300,,172783,172819,180,180,0.5556,1,278,67,168,168,11,22,44737,5,3,0,2,376,0,0,0
neutrals,44,hegemony-2,hegemony,0,188,conquered,0,8856,0,46,0.0,0,162,118,49,49,69,19,24988,4,3,0,2,108,0,0,0
neutrals,45,switzerland-1,switzerland,1,300,,44276,71319,37,55,0.1142,0,0,52,0,0,18,54,18474,5,7,0,1,886,394,0,0
neutrals,45,switzerland-2,switzerland,0,186,conquered,0,21055,0,55,0.0,0,0,135,0,0,61,60,23283,3,2,0,0,161,132,0,0
neutrals,45,peace-1,peace,0,94,conquered,0,282,0,25,0.0,0,0,101,0,0,74,73,488,3,1,0,0,48,0,0,0
neutrals,45,peace-2,peace,1,300,,73182,73182,61,61,0.1883,0,0,1,0,0,0,60,226,3,3,0,0,556,262,0,0
neutrals,45,hegemony-1,hegemony,1,300,,175916,175916,162,162,0.5,1,274,61,143,143,8,26,53724,5,2,0,0,521,0,0,0
neutrals,45,hegemony-2,hegemony,1,300,,34687,63818,46,82,0.142,0,273,197,116,116,98,27,98215,5,1,0,1,130,0,0,0
neutrals,46,switzerland-1,switzerland,1,300,,84481,84481,65,65,0.2006,0,0,0,0,0,0,64,0,4,4,0,0,867,0,0,0
neutrals,46,switzerland-2,switzerland,0,149,conquered,0,2526,0,42,0.0,0,0,129,0,0,83,82,4029,4,5,0,0,300,128,0,0
neutrals,46,peace-1,peace,1,300,,115665,115665,89,89,0.2747,1,0,0,0,0,0,72,67,3,6,0,0,741,100,4,1
neutrals,46,peace-2,peace,0,86,union,0,1138,0,30,0.0,0,0,62,0,0,33,48,693,5,7,0,0,167,48,4,0
neutrals,46,hegemony-1,hegemony,1,300,,82200,90262,81,91,0.25,0,269,150,113,113,64,31,95388,4,2,0,0,398,0,0,0
neutrals,46,hegemony-2,hegemony,1,300,,90419,91753,89,91,0.2747,0,279,207,147,147,80,21,96429,4,2,0,0,495,0,0,0
neutrals,47,switzerland-1,switzerland,0,71,conquered,0,330,0,27,0.0,0,0,84,0,0,49,48,485,4,3,0,0,71,11,0,0
neutrals,47,switzerland-2,switzerland,1,300,,76640,92638,79,98,0.2438,0,0,138,0,0,58,136,23968,2,2,0,2,203,0,0,0
neutrals,47,peace-1,peace,0,76,union,0,2162,0,41,0.0,0,0,23,0,0,10,50,96,3,4,0,0,72,12,5,0
neutrals,47,peace-2,peace,1,300,,95253,99128,87,87,0.2685,0,0,0,0,0,0,45,0,4,8,0,1,467,23,5,1
neutrals,47,hegemony-1,hegemony,1,300,,161219,161219,158,158,0.4877,1,280,84,154,154,17,20,54556,4,2,0,1,388,0,0,0
neutrals,47,hegemony-2,hegemony,0,237,collapsed,0,18602,0,47,0.0,0,214,165,79,79,99,23,54443,5,3,0,2,201,0,0,0
neutrals,48,switzerland-1,switzerland,0,123,conquered,0,1430,0,38,0.0,0,0,104,0,0,72,71,2131,2,2,0,0,92,63,0,0
neutrals,48,switzerland-2,switzerland,0,175,conquered,0,20746,0,65,0.0,0,0,150,0,0,72,71,24326,5,7,0,2,349,188,0,0
neutrals,48,peace-1,peace,1,300,,124679,124679,104,104,0.321,0,0,0,0,0,0,55,0,4,8,0,1,469,136,5,1
neutrals,48,peace-2,peace,0,73,union,0,1642,0,48,0.0,0,0,41,0,0,18,65,250,3,4,0,0,56,11,5,0
neutrals,48,hegemony-1,hegemony,1,300,,129081,129081,132,132,0.4074,1,279,124,145,145,35,21,79750,4,2,0,1,171,0,0,0
neutrals,48,hegemony-2,hegemony,1,300,,84383,95512,88,105,0.2716,0,265,125,104,104,52,35,88074,4,3,0,2,191,0,0,0
neutrals,49,switzerland-1,switzerland,1,300,,77982,77982,60,60,0.1852,0,0,0,0,0,0,59,0,4,6,0,0,847,271,0,0
neutrals,49,switzerland-2,switzerland,0,88,conquered,0,651,0,36,0.0,0,0,103,0,0,64,63,993,5,5,0,0,157,64,0,0
neutrals,49,peace-1,peace,1,300,,183226,183226,141,141,0.4352,1,0,0,0,0,0,83,0,4,9,0,1,688,239,3,1
neutrals,49,peace-2,peace,0,96,union,0,5761,0,58,0.0,0,0,39,0,0,11,67,402,4,6,0,1,117,32,3,0
neutrals,49,hegemony-1,hegemony,1,300,,78266,78266,79,79,0.2438,0,279,207,130,130,73,21,90033,4,3,0,1,446,0,0,0
neutrals,49,hegemony-2,hegemony,1,300,,38428,48766,44,64,0.1358,0,275,205,109,109,91,25,97331,5,3,0,1,451,0,0,0
neutrals,50,switzerland-1,switzerland,1,300,,30820,45394,28,72,0.0864,0,0,179,0,0,60,87,33757,5,5,0,0,494,432,0,0
neutrals,50,switzerland-2,switzerland,1,300,,74100,79764,57,57,0.1759,0,0,0,0,0,0,56,0,5,8,0,0,1066,475,0,0
neutrals,50,peace-1,peace,0,67,conquered,0,232,0,19,0.0,0,0,84,0,0,58,57,283,4,3,0,0,54,21,0,0
neutrals,50,peace-2,peace,1,300,,75583,75583,63,63,0.1944,0,0,0,0,0,0,62,0,3,4,0,0,522,464,0,0
neutrals,50,hegemony-1,hegemony,1,300,,170575,170575,172,172,0.5309,1,265,50,146,146,10,35,43941,5,1,0,0,265,0,0,0
neutrals,50,hegemony-2,hegemony,0,288,collapsed,0,34440,0,65,0.0,0,267,219,99,99,117,20,92315,4,1,0,0,239,0,0,0
neutrals,51,switzerland-1,switzerland,1,300,,84000,90505,70,70,0.216,0,0,0,0,0,0,69,0,3,5,0,0,727,448,0,0
neutrals,51,switzerland-2,switzerland,1,300,,32556,69317,31,58,0.0957,0,0,58,0,0,27,57,21169,3,4,0,1,495,250,0,0
neutrals,51,peace-1,peace,1,300,,83179,83179,64,64,0.1975,0,0,0,0,0,0,63,0,3,5,0,0,774,494,0,0
neutrals,51,peace-2,peace,0,242,conquered,0,44750,0,49,0.0,0,0,90,0,0,49,48,32693,2,3,0,1,352,204,0,0
neutrals,51,hegemony-1,hegemony,1,300,,177013,177013,159,159,0.4907,1,189,41,98,98,11,71,45652,5,4,0,2,770,0,0,0
neutrals,51,hegemony-2,hegemony,0,54,collapsed,0,175,0,13,0.0,0,41,41,11,11,22,13,366,2,1,0,0,8,0,0,0
neutrals,52,switzerland-1,switzerland,0,267,conquered,0,73240,0,63,0.0,0,0,116,0,0,67,66,43286,5,8,0,2,741,317,0,0
neutrals,52,switzerland-2,switzerland,0,88,conquered,0,554,0,26,0.0,0,0,68,0,0,38,37,836,3,3,0,0,136,43,0,0
neutrals,52,peace-1,peace,0,161,conquered,0,3294,0,41,0.0,0,0,140,0,0,93,92,5053,2,2,0,0,136,106,0,0
neutrals,52,peace-2,peace,0,215,conquered,0,38628,0,66,0.0,0,0,146,0,0,66,65,35357,4,5,0,2,401,168,0,0
neutrals,52,hegemony-1,hegemony,1,300,,129541,129541,144,144,0.4444,0,272,33,128,128,13,28,59707,4,2,0,2,198,0,0,0
neutrals,52,hegemony-2,hegemony,1,300,,159158,163339,171,177,0.5278,1,279,48,172,172,23,21,55314,4,2,0,2,278,0,0,0
neutrals,53,switzerland-1,switzerland,1,300,,24222,71733,21,69,0.0648,0,0,130,0,0,55,75,38084,4,5,0,0,591,299,0,0
neutrals,53,switzerland-2,switzerland,0,121,conquered,0,2720,0,48,0.0,0,0,112,0,0,74,73,3265,3,2,0,0,75,46,0,0
neutrals,53,peace-1,peace,1,300,,103895,103895,80,80,0.2469,0,0,0,0,0,0,54,0,3,8,0,1,643,262,4,1
neutrals,53,peace-2,peace,0,62,union,0,762,0,29,0.0,0,0,36,0,0,18,42,208,3,3,0,0,38,9,4,0
neutrals,53,hegemony-1,hegemony,1,300,,178772,178772,163,163,0.5031,1,255,79,140,140,22,44,51704,4,2,0,0,326,0,0,0
neutrals,53,hegemony-2,hegemony,1,300,,50275,54299,59,78,0.1821,0,271,169,114,114,85,29,98693,5,2,0,1,231,0,0,0
neutrals,54,switzerland-1,switzerland,0,93,conquered,0,662,0,35,0.0,0,0,101,0,0,68,67,987,4,3,0,0,81,22,0,0
neutrals,54,switzerland-2,switzerland,0,145,conquered,0,6306,0,38,0.0,0,0,88,0,0,54,53,7459,3,4,0,1,229,96,0,0
neutrals,54,peace-1,peace,0,231,conquered,0,58736,0,55,0.0,0,0,101,0,0,55,54,35065,4,6,0,2,389,118,0,0
neutrals,54,peace-2,peace,1,300,,4496,85213,5,73,0.0154,0,0,129,0,0,78,82,45971,4,4,0,2,519,0,0,0
neutrals,54,hegemony-1,hegemony,1,300,,157464,157464,170,170,0.5247,1,267,23,144,144,8,33,47355,4,2,0,2,280,0,0,0
neutrals,54,hegemony-2,hegemony,1,300,,135335,135335,149,149,0.4599,0,271,96,153,153,34,29,60691,5,3,0,3,320,0,0,0
neutrals,55,switzerland-1,switzerland,0,292,conquered,0,62272,0,75,0.0,0,0,161,0,0,75,74,56769,4,6,0,1,603,469,0,0
neutrals,55,switzerland-2,switzerland,1,300,,56995,75352,52,58,0.1605,0,0,8,0,0,6,57,3904,3,5,0,1,655,473,0,0
neutrals,55,peace-1,peace,1,300,,144000,155944,120,120,0.3704,0,0,0,0,0,0,67,0,3,8,0,0,761,461,2,1
neutrals,55,peace-2,peace,0,54,union,0,1264,0,52,0.0,0,0,1,0,0,0,51,4,3,4,0,0,62,11,2,0
neutrals,55,hegemony-1,hegemony,0,35,conquered,0,157,0,11,0.0,0,25,24,6,6,17,10,227,1,0,0,0,0,0,0,0
neutrals,55,hegemony-2,hegemony,1,300,,162979,162979,152,152,0.4691,1,194,25,98,98,6,59,52147,4,3,0,2,385,0,0,0
neutrals,56,switzerland-1,switzerland,1,300,,63788,63788,58,58,0.179,0,0,0,0,0,0,57,0,2,3,0,0,280,246,0,0
neutrals,56,switzerland-2,switzerland,0,126,conquered,0,4302,0,58,0.0,0,0,132,0,0,66,65,5706,4,4,0,2,169,0,0,0
neutrals,56,peace-1,peace,0,57,union,0,827,0,38,0.0,0,0,29,0,0,12,50,133,4,5,0,0,74,13,8,0
neutrals,56,peace-2,peace,1,300,,153334,153334,118,118,0.3642,1,0,33,0,0,12,90,182,5,9,0,1,841,259,8,1
neutrals,56,hegemony-1,hegemony,1,300,,109315,109315,115,115,0.3549,0,272,175,134,134,48,28,80305,3,2,0,1,217,0,0,0
neutrals,56,hegemony-2,hegemony,1,300,,25457,47892,33,70,0.1019,0,272,175,91,91,87,28,95070,4,3,0,2,245,0,0,0
neutrals,57,switzerland-1,switzerland,0,128,conquered,0,1530,0,42,0.0,0,0,106,0,0,70,69,2237,4,5,0,1,173,92,0,0
neutrals,57,switzerland-2,switzerland,1,300,,17498,67951,17,90,0.0525,0,0,166,0,0,73,89,51874,4,6,0,1,456,293,0,0
neutrals,57,peace-1,peace,0,68,union,0,2472,0,61,0.0,0,0,0,0,0,0,60,0,2,5,0,0,75,17,3,0
neutrals,57,peace-2,peace,1,300,,151166,151166,126,126,0.3889,0,0,0,0,0,0,64,0,4,7,0,0,559,282,3,1
neutrals,57,hegemony-1,hegemony,0,55,collapsed,0,191,0,13,0.0,0,44,36,15,15,24,11,405,2,0,0,0,0,0,0,0
neutrals,57,hegemony-2,hegemony,1,300,,185113,185113,181,181,0.5586,1,272,8,152,152,0,28,49316,4,3,0,2,281,0,0,0
neutrals,58,switzerland-1,switzerland,1,300,,45455,90938,47,70,0.1451,0,0,41,0,0,23,69,15931,5,8,0,2,908,408,0,0
neutrals,58,switzerland-2,switzerland,0,142,conquered,0,3707,0,45,0.0,0,0,124,0,0,67,66,4995,4,6,0,0,334,247,0,0
neutrals,58,peace-1,peace,0,166,conquered,0,15893,0,54,0.0,0,0,153,0,0,75,74,16256,4,5,0,1,296,158,0,0
neutrals,58,peace-2,peace,0,283,conquered,0,63926,0,55,0.0,0,0,84,0,0,55,54,35402,3,5,0,1,465,329,0,0
neutrals,58,hegemony-1,hegemony,1,300,,128456,128456,136,136,0.4198,0,264,33,111,111,12,36,58248,3,1,0,1,248,0,0,0
neutrals,58,hegemony-2,hegemony,1,300,,133836,133887,141,141,0.4352,1,281,110,160,160,39,19,76883,5,3,0,3,323,0,0,0
neutrals,59,switzerland-1,switzerland,1,300,,89700,96341,69,69,0.213,0,0,0,0,0,0,68,0,4,7,0,0,1002,661,0,0
neutrals,59,switzerland-2,switzerland,1,300,,99695,99695,80,80,0.2469,0,0,0,0,0,0,79,0,3,5,0,0,536,464,0,0
neutrals,59,peace-1,peace,0,257,conquered,0,46813,0,64,0.0,0,0,130,0,0,64,63,41414,2,3,0,1,318,206,0,0
neutrals,59,peace-2,peace,1,300,,36702,67475,32,52,0.0988,0,0,43,0,0,20,51,17209,3,5,0,1,742,449,0,0
neutrals,59,hegemony-1,hegemony,0,24,collapsed,0,126,0,7,0.0,0,17,18,2,2,9,7,160,1,0,0,0,0,0,0,0
neutrals,59,hegemony-2,hegemony,1,300,,151336,151336,143,143,0.4414,1,191,17,93,93,2,51,50715,5,4,0,2,584,0,0,0
neutrals,60,switzerland-1,switzerland,0,84,conquered,0,589,0,32,0.0,0,0,81,0,0,48,47,829,4,4,0,1,100,23,0,0
neutrals,60,switzerland-2,switzerland,0,211,conquered,0,22382,0,81,0.0,0,0,180,0,0,85,84,29926,4,5,0,1,236,149,0,0
neutrals,60,peace-1,peace,0,293,conquered,0,60876,0,60,0.0,0,0,101,0,0,60,59,32197,5,8,0,3,423,169,0,0
neutrals,60,peace-2,peace,0,52,conquered,0,146,0,11,0.0,0,0,46,0,0,42,41,153,5,4,0,0,68,3,0,0
neutrals,60,hegemony-1,hegemony,1,300,,117233,118198,132,134,0.4074,0,267,135,154,154,55,32,76997,5,2,0,2,36,0,0,0
neutrals,60,hegemony-2,hegemony,1,300,,141666,141746,154,154,0.4753,1,283,7,137,137,1,17,45115,5,3,0,3,201,0,0,0
neutrals,61,switzerland-1,switzerland,1,300,,86943,95574,73,75,0.2253,0,0,9,0,0,2,74,2933,4,6,0,1,686,335,0,0
neutrals,61,switzerland-2,switzerland,1,300,,86921,87060,67,67,0.2068,0,0,1,0,0,0,66,260,4,6,0,0,832,284,0,0
neutrals,61,peace-1,peace,0,177,conquered,0,11158,0,48,0.0,0,0,119,0,0,63,62,14079,4,4,0,1,178,83,0,0
neutrals,61,peace-2,peace,0,93,conquered,0,713,0,37,0.0,0,0,106,0,0,67,66,1090,4,3,0,0,90,32,0,0
neutrals,61,hegemony-1,hegemony,1,300,,60991,79946,63,86,0.1944,0,269,202,130,130,99,31,104180,5,2,0,1,495,0,0,0
neutrals,61,hegemony-2,hegemony,1,300,,126082,126082,121,121,0.3735,1,281,113,143,143,42,19,79512,5,3,0,1,325,0,0,0
neutrals,62,switzerland-1,switzerland,0,155,conquered,0,5794,0,40,0.0,0,0,118,0,0,52,51,7909,3,4,0,0,167,109,0,0
neutrals,62,switzerland-2,switzerland,1,300,,105248,105248,81,81,0.25,0,0,0,0,0,0,80,0,3,4,0,0,709,211,0,0
neutrals,62,peace-1,peace,1,300,,120756,120756,93,96,0.287,0,0,48,0,0,13,78,1120,3,9,0,1,707,324,4,1
neutrals,62,peace-2,peace,0,61,union,0,334,0,30,0.0,0,0,57,0,0,31,57,217,5,6,0,0,74,14,4,0
neutrals,62,hegemony-1,hegemony,1,300,,24533,53139,30,70,0.0926,0,264,189,91,91,98,36,102264,4,2,0,0,438,0,0,0
neutrals,62,hegemony-2,hegemony,1,300,,119895,119895,116,116,0.358,1,288,140,137,137,34,12,77958,4,3,0,1,325,0,0,0
neutrals,63,switzerland-1,switzerland,0,241,conquered,0,36694,0,78,0.0,0,0,186,0,0,93,92,37306,3,5,0,1,291,206,0,0
neutrals,63,switzerland-2,switzerland,0,281,conquered,0,71492,0,55,0.0,0,0,83,0,0,55,54,32393,4,6,0,2,764,344,0,0
neutrals,63,peace-1,peace,0,187,conquered,0,12579,0,51,0.0,0,0,132,0,0,75,74,16607,2,2,0,0,175,146,0,0
neutrals,63,peace-2,peace,0,51,conquered,0,219,0,21,0.0,0,0,66,0,0,38,37,279,3,2,0,0,37,8,0,0
neutrals,63,hegemony-1,hegemony,1,300,,167935,168407,183,184,0.5648,1,265,19,153,153,6,35,46446,4,1,0,1,176,0,0,0
neutrals,63,hegemony-2,hegemony,1,300,,118110,124865,129,136,0.3981,0,286,65,146,146,32,14,65447,4,2,0,2,213,0,0,0
neutrals,64,switzerland-1,switzerland,0,210,conquered,0,22802,0,54,0.0,0,0,125,0,0,68,67,25136,5,6,0,1,342,201,0,0
neutrals,64,switzerland-2,switzerland,0,39,collapsed,0,168,0,12,0.0,0,0,46,0,0,37,38,137,3,1,0,0,5,0,0,0
neutrals,64,peace-1,peace,1,300,,130800,135022,109,109,0.3364,0,0,0,0,0,0,80,0,3,8,0,1,559,177,3,1
neutrals,64,peace-2,peace,0,115,union,0,4950,0,56,0.0,0,0,116,0,0,51,78,2570,4,5,0,0,102,44,3,0
neutrals,64,hegemony-1,hegemony,1,300,,67795,77965,73,88,0.2253,0,279,176,128,128,77,21,94423,5,2,0,1,188,0,0,0
neutrals,64,hegemony-2,hegemony,1,300,,126847,126847,130,130,0.4012,1,276,92,129,129,24,24,67342,4,2,0,1,214,0,0,0
neutrals,65,switzerland-1,switzerland,0,116,conquered,0,1104,0,40,0.0,0,0,97,0,0,65,64,1603,2,2,0,0,102,73,0,0
neutrals,65,switzerland-2,switzerland,0,155,conquered,0,5942,0,45,0.0,0,0,142,0,0,73,72,7732,4,5,0,1,273,137,0,0
neutrals,65,peace-1,peace,0,62,union,0,1861,0,51,0.0,0,0,0,0,0,0,50,0,2,5,0,0,93,33,4,0
neutrals,65,peace-2,peace,1,300,,111584,111584,93,93,0.287,0,0,0,0,0,0,41,0,5,9,0,0,720,195,4,1
neutrals,65,hegemony-1,hegemony,1,300,,101934,101938,107,109,0.3302,1,261,138,117,117,50,39,81179,3,1,0,0,152,0,0,0
neutrals,65,hegemony-2,hegemony,1,300,,96583,102782,100,109,0.3086,0,271,155,138,138,67,28,86813,4,2,0,1,362,0,0,0
neutrals,66,switzerland-1,switzerland,1,300,,101368,101368,78,78,0.2407,0,0,0,0,0,0,77,0,3,4,0,0,757,225,0,0
neutrals,66,switzerland-2,switzerland,0,107,conquered,0,1690,0,40,0.0,0,0,100,0,0,55,54,2251,4,4,0,0,134,76,0,0
neutrals,66,peace-1,peace,0,82,union,0,2494,0,49,0.0,0,0,43,0,0,21,64,369,5,8,0,0,153,36,1,0
neutrals,66,peace-2,peace,1,300,,122170,122170,94,94,0.2901,0,0,0,0,0,0,49,0,3,7,0,1,778,291,1,1
neutrals,66,hegemony-1,hegemony,1,300,,27810,50332,33,70,0.1019,0,265,189,98,98,101,35,103414,4,2,0,0,491,0,0,0
neutrals,66,hegemony-2,hegemony,1,300,,123930,124474,119,120,0.3673,1,260,193,141,141,62,39,87105,5,3,0,1,465,0,0,0
neutrals,67,switzerland-1,switzerland,1,300,,78225,114063,73,88,0.2253,0,0,41,0,0,15,87,13866,3,5,0,1,651,426,0,0
neutrals,67,switzerland-2,switzerland,0,259,conquered,0,45090,0,75,0.0,0,0,200,0,0,89,88,44925,5,7,0,1,538,440,0,0
neutrals,67,peace-1,peace,1,300,,129600,140132,108,108,0.3333,0,0,0,0,0,0,65,0,3,8,0,0,737,474,8,1
neutrals,67,peace-2,peace,0,82,union,0,4393,0,42,0.0,0,0,8,0,0,1,42,52,4,6,0,0,115,44,8,0
neutrals,67,hegemony-1,hegemony,0,47,collapsed,0,204,0,16,0.0,0,31,30,7,7,23,16,331,3,1,0,0,13,0,0,0
neutrals,67,hegemony-2,hegemony,1,300,,146419,146419,143,143,0.4414,1,279,31,128,128,7,21,52332,4,3,0,2,354,0,0,0
neutrals,68,switzerland-1,switzerland,0,245,conquered,0,33334,0,72,0.0,0,0,179,0,0,81,80,36228,2,3,0,1,245,190,0,0
neutrals,68,switzerland-2,switzerland,0,121,conquered,0,1761,0,36,0.0,0,0,97,0,0,61,60,2568,2,2,0,0,92,63,0,0
neutrals,68,peace-1,peace,0,69,union,0,1434,0,50,0.0,0,0,42,0,0,16,65,231,3,4,0,0,51,9,4,0
neutrals,68,peace-2,peace,1,300,,135600,146194,113,113,0.3488,0,0,0,0,0,0,62,0,5,10,0,1,830,262,4,1
neutrals,68,hegemony-1,hegemony,1,300,,36984,52889,44,67,0.1358,0,276,176,110,110,91,24,97494,4,3,0,2,246,0,0,0
neutrals,68,hegemony-2,hegemony,1,300,,167037,167037,167,167,0.5154,1,273,55,152,152,13,27,54716,4,2,0,0,274,0,0,0
neutrals,69,switzerland-1,switzerland,0,246,conquered,0,46059,0,81,0.0,0,0,155,0,0,83,82,42035,3,3,0,1,227,172,0,0
neutrals,69,switzerland-2,switzerland,1,300,,31135,82820,33,64,0.1019,0,0,77,0,0,31,63,25251,4,6,0,2,708,261,0,0
neutrals,69,peace-1,peace,0,58,conquered,0,307,0,25,0.0,0,0,59,0,0,48,47,366,2,0,0,0,0,0,0,0
neutrals,69,peace-2,peace,0,128,conquered,0,2088,0,48,0.0,0,0,117,0,0,71,70,3585,3,2,0,0,118,89,0,0
neutrals,69,hegemony-1,hegemony,1,300,,139033,139033,147,147,0.4537,1,275,105,165,165,44,25,73276,5,2,0,2,215,0,0,0
neutrals,69,hegemony-2,hegemony,1,300,,133805,146101,144,146,0.4444,0,269,31,131,131,19,31,60525,5,1,0,1,200,0,0,0
neutrals,70,switzerland-1,switzerland,0,126,conquered,0,1689,0,44,0.0,0,0,138,0,0,90,89,2532,4,4,0,0,177,119,0,0
neutrals,70,switzerland-2,switzerland,1,300,,107964,107964,90,90,0.2778,0,0,0,0,0,0,89,0,3,4,0,0,517,52,0,0
neutrals,70,peace-1,peace,0,68,conquered,0,203,0,24,0.0,0,0,59,0,0,38,37,301,2,1,0,0,33,0,0,0
neutrals,70,peace-2,peace,0,231,conquered,0,56785,0,58,0.0,0,0,113,0,0,61,60,35348,4,5,0,2,297,67,0,0
neutrals,70,hegemony-1,hegemony,1,300,,119709,119795,123,123,0.3796,1,287,131,151,151,42,13,76826,5,2,0,1,238,0,0,0
neutrals,70,hegemony-2,hegemony,1,300,,105129,109133,108,113,0.3333,0,273,119,126,126,46,27,77488,4,2,0,1,366,0,0,0
neutrals,71,switzerland-1,switzerland,1,300,,70800,73035,59,59,0.1821,0,0,0,0,0,0,58,0,4,7,0,0,741,403,0,0
neutrals,71,switzerland-2,switzerland,0,195,conquered,0,14728,0,60,0.0,0,0,163,0,0,93,92,18760,4,5,0,1,349,290,0,0
neutrals,71,peace-1,peace,0,69,union,0,1096,0,38,0.0,0,0,49,0,0,20,50,275,3,5,0,0,76,18,3,0
neutrals,71,peace-2,peace,1,300,,105239,105239,81,85,0.25,0,0,21,0,0,9,58,540,5,10,0,1,876,401,3,1
neutrals,71,hegemony-1,hegemony,1,300,,140661,140661,133,133,0.4105,1,266,202,154,154,56,34,83412,4,2,0,0,509,0,0,0
neutrals,71,hegemony-2,hegemony,1,300,,44225,66896,51,84,0.1574,0,274,105,85,85,61,26,89231,4,3,0,2,131,0,0,0
neutrals,72,switzerland-1,switzerland,0,139,conquered,0,4799,0,53,0.0,0,0,155,0,0,87,86,7321,3,2,0,1,105,0,0,0
neutrals,72,switzerland-2,switzerland,1,300,,41795,41795,38,38,0.1173,0,0,0,0,0,0,37,0,2,4,0,0,324,266,0,0
neutrals,72,peace-1,peace,0,61,union,0,1007,0,34,0.0,0,0,24,0,0,16,48,171,3,5,0,0,85,27,6,0
neutrals,72,peace-2,peace,1,300,,120865,120865,93,93,0.287,0,0,34,0,0,9,68,168,5,9,0,1,810,263,6,1
neutrals,72,hegemony-1,hegemony,1,300,,79832,79832,86,86,0.2654,0,273,150,123,123,65,27,86862,3,1,0,0,183,0,0,0
neutrals,72,hegemony-2,hegemony,1,300,,99390,101042,104,106,0.321,1,251,161,126,126,72,49,87359,4,3,0,2,231,0,0,0
neutrals,73,switzerland-1,switzerland,1,300,,120563,120563,94,94,0.2901,0,0,0,0,0,0,93,0,3,5,0,0,562,459,0,0
neutrals,73,switzerland-2,switzerland,1,300,,24818,79950,22,63,0.0679,0,0,88,0,0,41,62,34489,4,6,0,1,707,426,0,0
neutrals,73,peace-1,peace,0,48,union,0,952,0,45,0.0,0,0,0,0,0,0,45,0,1,3,0,0,38,9,4,0
neutrals,73,peace-2,peace,1,300,,166357,166357,128,128,0.3951,1,0,0,0,0,0,81,0,4,8,0,0,777,436,4,1
neutrals,73,hegemony-1,hegemony,0,95,collapsed,0,236,0,16,0.0,0,79,77,27,27,41,16,855,2,1,0,0,70,0,0,0
neutrals,73,hegemony-2,hegemony,1,300,,78339,78339,80,80,0.2469,0,165,79,82,82,27,24,31744,4,3,0,1,432,0,0,0
neutrals,74,switzerland-1,switzerland,0,255,conquered,0,42508,0,46,0.0,0,0,100,0,0,47,46,28755,4,5,0,2,411,187,0,0
neutrals,74,switzerland-2,switzerland,0,49,conquered,0,152,0,13,0.0,0,0,51,0,0,31,30,175,3,2,0,1,31,0,0,0
neutrals,74,peace-1,peace,0,52,union,0,1153,0,48,0.0,0,0,0,0,0,0,47,0,1,3,0,0,39,10,2,0
neutrals,74,peace-2,peace,1,300,,161729,180853,182,182,0.5617,1,0,43,0,0,17,150,12937,4,6,0,1,451,197,2,1
neutrals,74,hegemony-1,hegemony,1,300,,119794,119794,130,130,0.4012,0,282,98,135,135,24,18,48213,4,3,0,3,315,0,0,0
neutrals,74,hegemony-2,hegemony,0,171,collapsed,0,4170,0,36,0.0,0,149,139,52,52,68,22,14533,4,1,0,1,19,0,0,0
neutrals,75,switzerland-1,switzerland,0,300,conquered,0,76683,0,71,0.0,0,0,129,0,0,71,70,47015,4,6,0,2,438,125,0,0
neutrals,75,switzerland-2,switzerland,1,300,,69594,69594,58,58,0.179,0,0,0,0,0,0,57,0,4,5,0,0,702,125,0,0
neutrals,75,peace-1,peace,0,100,conquered,0,581,0,35,0.0,0,0,100,0,0,63,62,940,5,4,0,0,159,39,0,0
neutrals,75,peace-2,peace,0,175,conquered,0,7127,0,44,0.0,0,0,134,0,0,87,86,10311,5,6,0,0,444,211,0,0
neutrals,75,hegemony-1,hegemony,1,300,,85850,85850,94,94,0.2901,0,273,194,166,166,100,27,91035,5,2,0,1,312,0,0,0
neutrals,75,hegemony-2,hegemony,1,300,,177167,177167,172,172,0.5309,1,284,0,155,155,0,16,44602,5,3,0,1,575,0,0,0
neutrals,76,switzerland-1,switzerland,1,300,,47657,69436,42,55,0.1296,0,0,70,0,0,20,61,16002,5,9,0,2,777,343,0,0
neutrals,76,switzerland-2,switzerland,0,126,conquered,0,1444,0,39,0.0,0,0,106,0,0,66,65,2097,2,3,0,1,104,74,0,0
neutrals,76,peace-1,peace,0,71,union,0,1073,0,37,0.0,0,0,53,0,0,26,56,343,3,5,0,0,93,35,2,0
neutrals,76,peace-2,peace,1,300,,104373,104373,87,87,0.2685,0,0,0,0,0,0,55,0,2,6,0,0,470,254,2,1
neutrals,76,hegemony-1,hegemony,1,300,,123706,123706,126,126,0.3889,1,271,148,142,142,46,29,65537,3,2,0,1,254,0,0,0
neutrals,76,hegemony-2,hegemony,1,300,,37931,54275,46,69,0.142,0,271,165,92,92,76,29,94485,3,3,0,2,252,0,0,0
neutrals,77,switzerland-1,switzerland,0,159,conquered,0,5581,0,47,0.0,0,0,130,0,0,71,70,7898,3,4,0,0,241,172,0,0
neutrals,77,switzerland-2,switzerland,0,174,conquered,0,19578,0,57,0.0,0,0,129,0,0,69,68,20857,5,7,0,2,412,196,0,0
neutrals,77,peace-1,peace,1,300,,118792,118792,99,99,0.3056,0,0,0,0,0,0,64,0,5,10,0,1,681,191,4,1
neutrals,77,peace-2,peace,0,60,union,0,1029,0,39,0.0,0,0,30,0,0,13,46,168,3,4,0,0,57,9,4,0
neutrals,77,hegemony-1,hegemony,1,300,,109433,110434,113,115,0.3488,1,270,121,136,136,54,30,83337,4,2,0,1,318,0,0,0
neutrals,77,hegemony-2,hegemony,1,300,,102830,107024,106,113,0.3272,0,266,126,126,126,55,34,85714,4,3,0,2,211,0,0,0
neutrals,78,switzerland-1,switzerland,0,281,conquered,0,64956,0,69,0.0,0,0,160,0,0,87,86,45651,4,5,0,1,608,460,0,0
neutrals,78,switzerland-2,switzerland,1,300,,56119,81571,57,68,0.1759,0,0,19,0,0,11,67,7168,4,5,0,1,643,241,0,0
neutrals,78,peace-1,peace,1,300,,88000,95885,80,80,0.2469,0,0,0,0,0,0,79,0,3,4,0,0,528,219,0,0
neutrals,78,peace-2,peace,0,52,conquered,0,174,0,17,0.0,0,0,71,0,0,49,48,210,3,1,0,0,15,0,0,0
neutrals,78,hegemony-1,hegemony,0,173,collapsed,0,8515,0,42,0.0,0,154,118,64,64,81,19,20454,5,2,0,0,248,0,0,0
neutrals,78,hegemony-2,hegemony,1,300,,198587,198587,187,187,0.5772,1,278,64,179,179,15,22,50482,5,3,0,2,480,0,0,0
neutrals,79,switzerland-1,switzerland,0,97,conquered,0,654,0,34,0.0,0,0,116,0,0,83,82,1026,3,2,0,1,23,0,0,0
neutrals,79,switzerland-2,switzerland,0,156,conquered,0,8860,0,40,0.0,0,0,94,0,0,57,56,9799,3,4,0,1,157,104,0,0
neutrals,79,peace-1,peace,1,300,,145489,145489,124,124,0.3827,1,0,0,0,0,0,83,0,5,7,0,0,680,110,8,1
neutrals,79,peace-2,peace,0,59,union,0,1610,0,40,0.0,0,0,0,0,0,0,39,0,3,6,0,0,89,20,8,0
neutrals,79,hegemony-1,hegemony,1,300,,90430,92041,96,101,0.2963,0,271,141,123,123,57,29,87053,3,2,0,1,241,0,0,0
neutrals,79,hegemony-2,hegemony,1,300,,95989,97947,100,103,0.3086,0,275,195,145,145,71,25,88805,5,3,0,1,268,0,0,0
neutrals,80,switzerland-1,switzerland,0,123,conquered,0,1705,0,47,0.0,0,0,156,0,0,98,97,2713,4,4,0,1,156,84,0,0
neutrals,80,switzerland-2,switzerland,0,64,conquered,0,126,0,16,0.0,0,0,58,0,0,48,47,163,4,4,0,0,84,15,0,0
neutrals,80,peace-1,peace,1,300,,113981,113981,95,95,0.2932,0,0,0,0,0,0,49,0,4,7,0,0,566,75,3,1
neutrals,80,peace-2,peace,0,73,union,0,3111,0,45,0.0,0,0,0,0,0,0,44,0,4,7,0,0,138,44,3,0
neutrals,80,hegemony-1,hegemony,1,300,,53934,67148,61,80,0.1883,0,267,168,108,108,81,33,92504,3,1,0,0,186,0,0,0
neutrals,80,hegemony-2,hegemony,1,300,,136261,136261,138,138,0.4259,1,282,167,170,170,51,18,80983,5,3,0,1,284,0,0,0
neutrals,81,switzerland-1,switzerland,0,287,conquered,0,54894,0,79,0.0,0,0,212,0,0,92,91,52750,4,5,0,0,505,423,0,0
neutrals,81,switzerland-2,switzerland,1,300,,58859,80310,54,62,0.1667,0,0,13,0,0,8,61,5572,3,5,0,1,579,454,0,0
neutrals,81,peace-1,peace,1,300,,145200,157211,121,121,0.3735,0,0,0,0,0,0,68,0,3,8,0,0,748,478,4,1
neutrals,81,peace-2,peace,0,63,union,0,1360,0,52,0.0,0,0,33,0,0,9,60,173,3,4,0,0,65,9,4,0
neutrals,81,hegemony-1,hegemony,1,300,,154127,154208,147,147,0.4537,1,270,12,120,120,4,30,51029,4,2,0,1,253,0,0,0
neutrals,81,hegemony-2,hegemony,0,19,conquered,0,132,0,7,0.0,0,12,12,4,4,11,6,135,1,0,0,0,0,0,0,0
neutrals,82,switzerland-1,switzerland,1,300,,103001,103001,86,86,0.2654,0,0,0,0,0,0,85,0,3,3,0,0,555,0,0,0
neutrals,82,switzerland-2,switzerland,0,213,conquered,0,27215,0,54,0.0,0,0,112,0,0,58,57,21969,4,5,0,0,299,82,0,0
neutrals,82,peace-1,peace,0,154,conquered,0,6933,0,64,0.0,0,0,140,0,0,89,88,9285,4,3,0,0,116,80,0,0
neutrals,82,peace-2,peace,0,61,conquered,0,135,0,21,0.0,0,0,74,0,0,53,52,213,5,4,0,0,69,2,0,0
neutrals,82,hegemony-1,hegemony,1,300,,143322,145509,143,146,0.4414,1,276,87,154,154,35,23,70664,5,2,0,0,423,0,0,0
neutrals,82,hegemony-2,hegemony,1,300,,90254,91649,95,99,0.2932,0,287,150,150,150,69,13,91709,5,1,0,0,260,0,0,0
neutrals,83,switzerland-1,switzerland,1,300,,90974,90974,70,70,0.216,0,0,0,0,0,0,69,0,4,6,0,0,745,229,0,0
neutrals,83,switzerland-2,switzerland,0,94,conquered,0,735,0,38,0.0,0,0,103,0,0,59,58,1153,5,6,0,0,150,63,0,0
neutrals,83,peace-1,peace,0,60,union,0,1120,0,44,0.0,0,0,30,0,0,11,54,164,4,6,0,0,86,15,6,0
neutrals,83,peace-2,peace,1,300,,132556,132556,102,102,0.3148,1,0,0,0,0,0,57,21,4,9,0,1,746,275,6,1
neutrals,83,hegemony-1,hegemony,1,300,,75993,76568,77,79,0.2377,0,265,204,120,120,78,34,90529,4,2,0,0,514,0,0,0
neutrals,83,hegemony-2,hegemony,1,300,,57802,59809,61,66,0.1883,0,268,196,111,111,83,32,92768,5,3,0,1,325,0,0,0
neutrals,84,switzerland-1,switzerland,0,101,conquered,0,968,0,37,0.0,0,0,125,0,0,74,73,1506,4,5,0,1,131,63,0,0
neutrals,84,switzerland-2,switzerland,1,300,,88776,88776,74,74,0.2284,0,0,0,0,0,0,73,0,3,5,0,0,542,233,0,0
neutrals,84,peace-1,peace,1,300,,146840,146840,113,113,0.3488,1,0,0,0,0,0,81,0,4,9,0,1,865,290,5,1
neutrals,84,peace-2,peace,0,54,union,0,399,0,30,0.0,0,0,37,0,0,20,50,155,3,4,0,0,55,10,5,0
neutrals,84,hegemony-1,hegemony,1,300,,47891,58977,55,73,0.1698,0,271,199,116,116,91,29,95570,3,1,0,0,258,0,0,0
neutrals,84,hegemony-2,hegemony,1,300,,80895,81310,82,83,0.2531,0,287,197,142,142,73,12,89107,5,4,0,2,489,0,0,0
neutrals,85,switzerland-1,switzerland,0,128,conquered,0,2037,0,43,0.0,0,0,146,0,0,75,74,3438,5,6,0,1,221,149,0,0
neutrals,85,switzerland-2,switzerland,1,300,,89674,89674,69,69,0.213,0,0,2,0,0,0,68,6,4,6,0,0,750,300,0,0
neutrals,85,peace-1,peace,0,51,union,0,269,0,24,0.0,0,0,39,0,0,25,46,163,3,5,0,0,72,13,4,0
neutrals,85,peace-2,peace,1,300,,94779,94779,79,79,0.2438,0,0,0,0,0,0,56,7,4,7,0,0,596,318,4,1
neutrals,85,hegemony-1,hegemony,1,300,,78108,80653,84,88,0.2593,0,259,178,110,110,68,41,87766,3,1,0,0,162,0,0,0
neutrals,85,hegemony-2,hegemony,1,300,,88313,88313,88,88,0.2716,1,271,165,122,122,64,29,87183,5,3,0,1,417,0,0,0
neutrals,86,switzerland-1,switzerland,0,128,conquered,0,2282,0,46,0.0,0,0,119,0,0,73,72,3092,4,4,0,0,172,114,0,0
neutrals,86,switzerland-2,switzerland,0,227,conquered,0,33282,0,56,0.0,0,0,127,0,0,68,67,31875,3,4,0,1,298,41,0,0
neutrals,86,peace-1,peace,0,71,union,0,1448,0,43,0.0,0,0,41,0,0,17,59,235,3,4,0,0,47,11,6,0
neutrals,86,peace-2,peace,1,300,,137962,137962,115,115,0.3549,0,0,0,0,0,0,71,0,4,8,0,1,588,84,6,1
neutrals,86,hegemony-1,hegemony,1,300,,61255,70771,68,81,0.2099,0,274,191,129,129,88,26,98177,5,3,0,2,246,0,0,0
neutrals,86,hegemony-2,hegemony,1,300,,140758,141330,141,142,0.4352,1,277,73,137,137,20,23,64521,5,3,0,0,435,0,0,0
neutrals,87,switzerland-1,switzerland,0,140,conquered,0,2462,0,38,0.0,0,0,121,0,0,70,69,3713,4,4,0,0,293,79,0,0
neutrals,87,switzerland-2,switzerland,0,285,conquered,0,80761,0,68,0.0,0,0,115,0,0,68,67,41422,4,6,0,2,543,156,0,0
neutrals,87,peace-1,peace,0,226,conquered,0,47993,0,61,0.0,0,0,121,0,0,61,60,38978,3,3,0,2,299,0,0,0
neutrals,87,peace-2,peace,0,118,conquered,0,593,0,26,0.0,0,0,98,0,0,76,75,1167,4,4,0,0,262,77,0,0
neutrals,87,hegemony-1,hegemony,1,300,,118774,120915,131,134,0.4043,0,278,82,148,148,40,22,64561,4,2,0,2,227,0,0,0
neutrals,87,hegemony-2,hegemony,1,300,,180149,180149,193,193,0.5957,1,275,16,170,170,3,25,46299,5,3,0,2,430,0,0,0
neutrals,88,switzerland-1,switzerland,1,300,,30141,68284,28,57,0.0864,0,0,44,0,0,29,56,19070,4,6,0,1,629,350,0,0
neutrals,88,switzerland-2,switzerland,1,300,,74400,80422,62,62,0.1914,0,0,0,0,0,0,61,0,4,6,0,0,865,471,0,0
neutrals,88,peace-1,peace,0,156,conquered,0,4184,0,48,0.0,0,0,126,0,0,86,85,5937,4,4,0,1,202,93,0,0
neutrals,88,peace-2,peace,0,254,conquered,0,48161,0,51,0.0,0,0,94,0,0,51,50,34888,2,3,0,1,358,214,0,0
neutrals,88,hegemony-1,hegemony,0,67,collapsed,0,256,0,17,0.0,0,51,46,18,18,31,14,576,3,1,0,0,5,0,0,0
neutrals,88,hegemony-2,hegemony,1,300,,220279,220279,212,212,0.6543,1,268,9,179,179,0,32,44182,5,4,0,3,627,0,0,0
neutrals,89,switzerland-1,switzerland,0,145,conquered,0,4725,0,61,0.0,0,0,137,0,0,86,85,6023,4,4,0,1,110,70,0,0
neutrals,89,switzerland-2,switzerland,0,93,conquered,0,432,0,34,0.0,0,0,99,0,0,68,67,673,3,2,0,1,51,0,0,0
neutrals,89,peace-1,peace,1,300,,140374,140374,117,117,0.3611,0,0,0,0,0,0,77,0,2,5,0,0,661,80,4,1
neutrals,89,peace-2,peace,0,56,union,0,1393,0,39,0.0,0,0,0,0,0,0,38,0,5,7,0,0,93,10,4,0
neutrals,89,hegemony-1,hegemony,1,300,,146843,146958,149,150,0.4599,1,280,147,166,166,38,20,77864,4,2,0,1,252,0,0,0
neutrals,89,hegemony-2,hegemony,1,300,,52368,78653,58,94,0.179,0,269,166,113,113,87,31,96930,4,2,0,1,267,0,0,0
neutrals,90,switzerland-1,switzerland,0,106,conquered,0,1725,0,42,0.0,0,0,109,0,0,64,63,2237,4,4,0,1,155,56,0,0
neutrals,90,switzerland-2,switzerland,1,300,,105265,105265,81,81,0.25,0,0,0,0,0,0,80,0,5,7,0,0,790,313,0,0
neutrals,90,peace-1,peace,1,300,,85181,85181,71,71,0.2191,0,0,0,0,0,0,49,0,2,6,0,0,548,270,1,1
neutrals,90,peace-2,peace,0,68,union,0,519,0,30,0.0,0,0,57,0,0,30,50,274,4,5,0,0,92,13,1,0
neutrals,90,hegemony-1,hegemony,1,300,,47345,60328,50,71,0.1543,0,276,184,118,118,93,24,95318,4,3,0,1,392,0,0,0
neutrals,90,hegemony-2,hegemony,1,300,,106201,106201,112,112,0.3457,1,258,184,135,135,66,42,83625,3,1,0,0,191,0,0,0
neutrals,91,switzerland-1,switzerland,0,132,conquered,0,3460,0,47,0.0,0,0,121,0,0,66,65,4465,4,4,0,1,237,64,0,0
neutrals,91,switzerland-2,switzerland,1,300,,70786,70786,59,59,0.1821,0,0,0,0,0,0,58,0,3,5,0,0,568,289,0,0
neutrals,91,peace-1,peace,1,300,,28451,83182,27,65,0.0833,0,0,86,0,0,38,64,33119,5,7,0,2,802,307,0,0
neutrals,91,peace-2,peace,0,125,conquered,0,1544,0,41,0.0,0,0,112,0,0,73,72,2196,4,4,0,0,209,46,0,0
neutrals,91,hegemony-1,hegemony,1,300,,161142,161245,150,150,0.463,1,281,81,161,161,31,19,59537,5,3,0,2,526,0,0,0
neutrals,91,hegemony-2,hegemony,1,300,,63458,65979,77,81,0.2377,0,271,152,125,125,78,29,91373,3,1,0,1,142,0,0,0
neutrals,92,switzerland-1,switzerland,0,280,conquered,0,54170,0,69,0.0,0,0,151,0,0,69,68,50767,4,6,0,1,638,457,0,0
neutrals,92,switzerland-2,switzerland,1,300,,34861,57881,32,45,0.0988,0,0,17,0,0,13,44,8100,4,7,0,1,626,494,0,0
neutrals,92,peace-1,peace,1,300,,118800,128579,99,99,0.3056,0,0,0,0,0,0,70,0,4,7,0,1,742,440,5,1
neutrals,92,peace-2,peace,0,85,union,0,1621,0,34,0.0,0,0,60,0,0,28,55,392,4,7,0,0,174,87,5,0
neutrals,92,hegemony-1,hegemony,1,300,,185634,185634,178,178,0.5494,1,253,40,135,135,5,47,52539,4,3,0,2,334,0,0,0
neutrals,92,hegemony-2,hegemony,0,124,collapsed,0,1789,0,30,0.0,0,100,85,33,33,53,24,4547,4,2,0,1,76,0,0,0
neutrals,93,switzerland-1,switzerland,0,91,conquered,0,592,0,29,0.0,0,0,73,0,0,39,38,937,2,2,0,0,57,28,0,0
neutrals,93,switzerland-2,switzerland,0,274,conquered,0,76341,0,82,0.0,0,0,151,0,0,83,82,42286,3,4,0,2,346,160,0,0
neutrals,93,peace-1,peace,0,219,conquered,0,24223,0,63,0.0,0,0,173,0,0,79,78,27162,2,2,0,0,189,160,0,0
neutrals,93,peace-2,peace,1,300,,22618,69491,24,58,0.0741,0,0,58,0,0,34,57,21572,3,4,0,2,491,28,0,0
neutrals,93,hegemony-1,hegemony,1,300,,164166,164166,173,173,0.534,1,282,0,154,154,0,18,43792,4,2,0,2,288,0,0,0
neutrals,93,hegemony-2,hegemony,1,300,,117888,117888,127,127,0.392,0,255,82,120,120,39,45,68177,4,2,0,2,303,0,0,0
neutrals,94,switzerland-1,switzerland,0,100,conquered,0,764,0,36,0.0,0,0,106,0,0,71,70,1126,4,3,0,0,68,24,0,0
neutrals,94,switzerland-2,switzerland,0,137,conquered,0,6475,0,42,0.0,0,0,111,0,0,62,61,7082,3,2,0,0,121,92,0,0
neutrals,94,peace-1,peace,0,62,union,0,1860,0,47,0.0,0,0,0,0,0,0,46,0,4,6,0,0,100,28,2,0
neutrals,94,peace-2,peace,1,300,,141572,141572,118,118,0.3642,1,0,0,0,0,0,70,0,4,7,0,0,644,110,2,1
neutrals,94,hegemony-1,hegemony,1,300,,94996,96743,100,103,0.3086,0,265,164,125,125,61,35,85444,4,1,0,0,228,0,0,0
neutrals,94,hegemony-2,hegemony,1,300,,95545,96789,100,104,0.3086,0,269,153,134,134,65,30,88052,5,1,0,0,247,0,0,0
neutrals,95,switzerland-1,switzerland,1,300,,92274,92274,71,71,0.2191,0,0,0,0,0,0,70,0,4,6,0,0,769,263,0,0
neutrals,95,switzerland-2,switzerland,0,106,conquered,0,934,0,34,0.0,0,0,93,0,0,60,59,1483,4,4,0,1,157,50,0,0
neutrals,95,peace-1,peace,0,53,union,0,544,0,33,0.0,0,0,33,0,0,16,48,151,4,4,0,0,46,12,7,0
neutrals,95,peace-2,peace,1,300,,142956,142956,110,110,0.3395,0,0,0,0,0,0,76,0,3,8,0,1,739,225,7,1
neutrals,95,hegemony-1,hegemony,1,300,,898,36193,5,60,0.0154,0,271,231,101,101,126,29,95451,4,2,0,0,420,0,0,0
neutrals,95,hegemony-2,hegemony,1,300,,132742,132742,131,131,0.4043,1,271,185,147,147,46,29,71136,5,4,0,2,451,0,0,0
neutrals,96,switzerland-1,switzerland,0,194,conquered,0,14319,0,56,0.0,0,0,173,0,0,78,77,17935,5,5,0,0,347,261,0,0
neutrals,96,switzerland-2,switzerland,1,300,,62264,83153,53,65,0.1636,0,0,53,0,0,12,64,16639,4,6,0,1,660,385,0,0
neutrals,96,peace-1,peace,1,300,,114400,115278,88,88,0.2716,0,0,0,0,0,0,55,0,5,10,0,1,805,376,5,1
neutrals,96,peace-2,peace,0,71,union,0,1115,0,40,0.0,0,0,55,0,0,26,57,367,4,4,0,0,65,10,5,0
neutrals,96,hegemony-1,hegemony,1,300,,27586,60445,36,72,0.1111,0,263,196,98,98,99,36,103560,5,3,0,2,278,0,0,0
neutrals,96,hegemony-2,hegemony,1,300,,159957,159957,147,147,0.4537,1,271,57,129,129,12,29,54998,5,2,0,0,279,0,0,0
neutrals,97,switzerland-1,switzerland,0,75,collapsed,0,192,0,19,0.0,0,0,101,0,0,72,74,254,5,5,0,0,118,13,0,0
neutrals,97,switzerland-2,switzerland,1,300,,84446,84446,65,78,0.2006,0,0,62,0,0,20,84,2973,5,8,0,1,626,418,0,0
neutrals,97,peace-1,peace,1,300,,67076,69820,56,56,0.1728,0,0,0,0,0,0,55,0,4,6,0,0,652,181,0,0
neutrals,97,peace-2,peace,1,300,,4258,60817,4,47,0.0123,0,0,62,0,0,43,46,27209,4,5,0,1,652,224,0,0
neutrals,97,hegemony-1,hegemony,0,237,collapsed,0,23085,0,54,0.0,0,215,160,73,73,93,21,57831,5,3,0,1,361,0,0,0
neutrals,97,hegemony-2,hegemony,1,300,,205903,205903,186,186,0.5741,1,270,100,169,169,14,30,53924,5,3,0,1,525,0,0,0
neutrals,98,switzerland-1,switzerland,0,292,conquered,0,79211,0,62,0.0,0,0,132,0,0,62,61,46073,4,6,0,2,641,312,0,0
neutrals,98,switzerland-2,switzerland,1,300,,52675,75558,54,63,0.1667,0,0,26,0,0,9,62,8389,4,6,0,2,585,287,0,0
neutrals,98,peace-1,peace,0,135,conquered,0,2831,0,41,0.0,0,0,120,0,0,75,74,3981,3,3,0,1,171,79,0,0
neutrals,98,peace-2,peace,0,115,conquered,0,1235,0,40,0.0,0,0,94,0,0,59,58,1896,3,3,0,1,84,54,0,0
neutrals,98,hegemony-1,hegemony,1,300,,122993,122993,133,133,0.4105,0,267,84,129,129,30,33,68964,5,3,0,3,104,0,0,0
neutrals,98,hegemony-2,hegemony,1,300,,131244,131244,137,137,0.4228,1,270,81,131,131,25,30,65414,5,3,0,3,471,0,0,0
neutrals,99,switzerland-1,switzerland,0,62,conquered,0,241,0,20,0.0,0,0,62,0,0,42,41,314,4,2,0,0,70,0,0,0
neutrals,99,switzerland-2,switzerland,0,138,conquered,0,5731,0,61,0.0,0,0,141,0,0,87,86,8004,4,4,0,1,167,80,0,0
neutrals,99,peace-1,peace,0,90,union,0,6732,0,49,0.0,0,0,0,0,0,0,48,0,4,6,0,0,166,12,3,0
neutrals,99,peace-2,peace,1,300,,146003,146003,122,122,0.3765,0,0,0,0,0,0,72,0,4,7,0,0,594,92,3,1
neutrals,99,hegemony-1,hegemony,1,300,,60201,66290,67,79,0.2068,0,271,170,124,124,86,28,89342,5,3,0,1,281,0,0,0
neutrals,99,hegemony-2,hegemony,1,300,,131549,131650,134,135,0.4136,1,258,156,149,149,58,42,81127,5,2,0,0,274,0,0,0
